CREATE DATABASE  IF NOT EXISTS `atomcore` /*!40100 DEFAULT CHARACTER SET utf8 */;
USE `atomcore`;
-- MySQL dump 10.13  Distrib 5.5.16, for Win32 (x86)
--
-- Host: localhost    Database: atomcore
-- ------------------------------------------------------
-- Server version	5.1.41-community

/*!40101 SET @OLD_CHARACTER_SET_CLIENT=@@CHARACTER_SET_CLIENT */;
/*!40101 SET @OLD_CHARACTER_SET_RESULTS=@@CHARACTER_SET_RESULTS */;
/*!40101 SET @OLD_COLLATION_CONNECTION=@@COLLATION_CONNECTION */;
/*!40101 SET NAMES utf8 */;
/*!40103 SET @OLD_TIME_ZONE=@@TIME_ZONE */;
/*!40103 SET TIME_ZONE='+00:00' */;
/*!40014 SET @OLD_UNIQUE_CHECKS=@@UNIQUE_CHECKS, UNIQUE_CHECKS=0 */;
/*!40014 SET @OLD_FOREIGN_KEY_CHECKS=@@FOREIGN_KEY_CHECKS, FOREIGN_KEY_CHECKS=0 */;
/*!40101 SET @OLD_SQL_MODE=@@SQL_MODE, SQL_MODE='NO_AUTO_VALUE_ON_ZERO' */;
/*!40111 SET @OLD_SQL_NOTES=@@SQL_NOTES, SQL_NOTES=0 */;

--
-- Table structure for table `access_right`
--

DROP TABLE IF EXISTS `access_right`;
/*!40101 SET @saved_cs_client     = @@character_set_client */;
/*!40101 SET character_set_client = utf8 */;
CREATE TABLE `access_right` (
  `id` bigint(20) NOT NULL AUTO_INCREMENT,
  `name` varchar(45) DEFAULT NULL,
  `description` varchar(200) DEFAULT NULL,
  `type` varchar(25) DEFAULT NULL,
  PRIMARY KEY (`id`)
) ENGINE=InnoDB AUTO_INCREMENT=6 DEFAULT CHARSET=utf8;
/*!40101 SET character_set_client = @saved_cs_client */;

--
-- Dumping data for table `access_right`
--

LOCK TABLES `access_right` WRITE;
/*!40000 ALTER TABLE `access_right` DISABLE KEYS */;
INSERT INTO `access_right` VALUES (1,'ta','Right to access only for transport admin',NULL),(2,'tm','Right to access only for transport manager',NULL),(3,'hrm','Right to access only for transport supervisor/ manager',NULL),(4,'emp','Right to access only for transport employee',NULL),(5,'v','Right to access only for transport vendor',NULL);
/*!40000 ALTER TABLE `access_right` ENABLE KEYS */;
UNLOCK TABLES;

--
-- Table structure for table `access_right_role`
--

DROP TABLE IF EXISTS `access_right_role`;
/*!40101 SET @saved_cs_client     = @@character_set_client */;
/*!40101 SET character_set_client = utf8 */;
CREATE TABLE `access_right_role` (
  `id` bigint(20) NOT NULL AUTO_INCREMENT,
  `rightId` int(11) DEFAULT NULL,
  `roleId` int(11) DEFAULT NULL,
  PRIMARY KEY (`id`)
) ENGINE=InnoDB DEFAULT CHARSET=utf8;
/*!40101 SET character_set_client = @saved_cs_client */;

--
-- Dumping data for table `access_right_role`
--

LOCK TABLES `access_right_role` WRITE;
/*!40000 ALTER TABLE `access_right_role` DISABLE KEYS */;
/*!40000 ALTER TABLE `access_right_role` ENABLE KEYS */;
UNLOCK TABLES;

--
-- Table structure for table `adhoc_td_billing_args`
--

DROP TABLE IF EXISTS `adhoc_td_billing_args`;
/*!40101 SET @saved_cs_client     = @@character_set_client */;
/*!40101 SET character_set_client = utf8 */;
CREATE TABLE `adhoc_td_billing_args` (
  `tripId` bigint(20) NOT NULL,
  `classicTripDistance` float DEFAULT NULL,
  `classicTripRate` float DEFAULT NULL,
  `mapTripDistance` float DEFAULT NULL,
  `mapTripRate` float DEFAULT NULL,
  `mobileTripDistance` float DEFAULT NULL,
  `mobileTripRate` float DEFAULT NULL,
  `templateTripDistance` float DEFAULT NULL,
  `templateTripRate` float DEFAULT NULL,
  `slabTripRate` float DEFAULT NULL,
  `tripTripRate` float DEFAULT NULL,
  `classicTripBillingId` bigint(20) DEFAULT NULL,
  `mapTripBillingId` bigint(20) DEFAULT NULL,
  `mobileTripBillingId` bigint(20) DEFAULT NULL,
  `templateTripBillingId` bigint(20) DEFAULT NULL,
  `slabTripBillingId` bigint(20) DEFAULT NULL,
  `templateSwingDistance` float DEFAULT NULL,
  `tripTripBillingId` bigint(20) DEFAULT NULL,
  `slabEscortRate` float DEFAULT NULL,
  `tripEscortRate` float DEFAULT NULL,
  `mapEscortRate` float DEFAULT NULL,
  `mobileEscortRate` float DEFAULT NULL,
  `templateEscortRate` float DEFAULT NULL,
  `classicEscortRate` float DEFAULT NULL,
  PRIMARY KEY (`tripId`)
) ENGINE=InnoDB DEFAULT CHARSET=utf8;
/*!40101 SET character_set_client = @saved_cs_client */;

--
-- Dumping data for table `adhoc_td_billing_args`
--

LOCK TABLES `adhoc_td_billing_args` WRITE;
/*!40000 ALTER TABLE `adhoc_td_billing_args` DISABLE KEYS */;
INSERT INTO `adhoc_td_billing_args` VALUES (3,200,5200,NULL,NULL,NULL,NULL,NULL,NULL,550,NULL,6,NULL,NULL,NULL,2,NULL,NULL,300,NULL,NULL,NULL,NULL,400),(4,200,5200,NULL,NULL,NULL,NULL,NULL,NULL,500,NULL,6,NULL,NULL,NULL,2,NULL,NULL,0,NULL,NULL,NULL,NULL,0);
/*!40000 ALTER TABLE `adhoc_td_billing_args` ENABLE KEYS */;
UNLOCK TABLES;

--
-- Table structure for table `adhocapprovar`
--

DROP TABLE IF EXISTS `adhocapprovar`;
/*!40101 SET @saved_cs_client     = @@character_set_client */;
/*!40101 SET character_set_client = utf8 */;
CREATE TABLE `adhocapprovar` (
  `adhoctypeId` int(11) DEFAULT NULL,
  `approvarRoleId` int(11) DEFAULT NULL,
  `approvarusertype` varchar(10) DEFAULT NULL,
  `status` varchar(20) DEFAULT NULL
) ENGINE=InnoDB DEFAULT CHARSET=utf8;
/*!40101 SET character_set_client = @saved_cs_client */;

--
-- Dumping data for table `adhocapprovar`
--

LOCK TABLES `adhocapprovar` WRITE;
/*!40000 ALTER TABLE `adhocapprovar` DISABLE KEYS */;
/*!40000 ALTER TABLE `adhocapprovar` ENABLE KEYS */;
UNLOCK TABLES;

--
-- Table structure for table `adhocbooking`
--

DROP TABLE IF EXISTS `adhocbooking`;
/*!40101 SET @saved_cs_client     = @@character_set_client */;
/*!40101 SET character_set_client = utf8 */;
CREATE TABLE `adhocbooking` (
  `id` bigint(20) NOT NULL AUTO_INCREMENT,
  `empId` varchar(15) NOT NULL,
  `adhocType` varchar(50) NOT NULL,
  `siteId` varchar(10) DEFAULT NULL,
  `travelDate` datetime NOT NULL,
  `bookedDate` datetime DEFAULT NULL,
  `bookedBy` varchar(15) DEFAULT NULL,
  `startTime` varchar(30) NOT NULL,
  `pickDrop` varchar(30) DEFAULT NULL,
  `subscriptionId` varchar(15) DEFAULT NULL,
  `endTime` varchar(30) DEFAULT NULL,
  `orgination` varchar(50) DEFAULT NULL,
  `destination` varchar(50) DEFAULT NULL,
  `reason` varchar(100) DEFAULT NULL,
  `comment` varchar(250) DEFAULT NULL,
  `status` varchar(10) DEFAULT NULL,
  `approvedBy` varchar(10) DEFAULT NULL,
  PRIMARY KEY (`id`)
) ENGINE=InnoDB AUTO_INCREMENT=3 DEFAULT CHARSET=utf8;
/*!40101 SET character_set_client = @saved_cs_client */;

--
-- Dumping data for table `adhocbooking`
--

LOCK TABLES `adhocbooking` WRITE;
/*!40000 ALTER TABLE `adhocbooking` DISABLE KEYS */;
INSERT INTO `adhocbooking` VALUES (1,'93','hotelAirport','1','2014-04-22 00:00:00','2014-04-22 17:25:13','101','20:15',NULL,NULL,'00:00','lk','jljk','lkjlk','fsdds','approved','101'),(2,'17','hotelAirport','1','2014-04-22 00:00:00','2014-04-22 18:18:17','101','21:45',NULL,NULL,'01:45','Randah','Diiioo','Kotta','nothing','approved','101');
/*!40000 ALTER TABLE `adhocbooking` ENABLE KEYS */;
UNLOCK TABLES;

--
-- Table structure for table `adhocrequester`
--

DROP TABLE IF EXISTS `adhocrequester`;
/*!40101 SET @saved_cs_client     = @@character_set_client */;
/*!40101 SET character_set_client = utf8 */;
CREATE TABLE `adhocrequester` (
  `adhocTypeId` int(11) DEFAULT NULL,
  `requesterRoleId` int(11) DEFAULT NULL,
  `requesterUsertype` varchar(20) DEFAULT NULL,
  `status` varchar(10) DEFAULT NULL
) ENGINE=InnoDB DEFAULT CHARSET=utf8;
/*!40101 SET character_set_client = @saved_cs_client */;

--
-- Dumping data for table `adhocrequester`
--

LOCK TABLES `adhocrequester` WRITE;
/*!40000 ALTER TABLE `adhocrequester` DISABLE KEYS */;
INSERT INTO `adhocrequester` VALUES (1,2,NULL,'c'),(1,2,NULL,'a');
/*!40000 ALTER TABLE `adhocrequester` ENABLE KEYS */;
UNLOCK TABLES;

--
-- Table structure for table `adhoctrips`
--

DROP TABLE IF EXISTS `adhoctrips`;
/*!40101 SET @saved_cs_client     = @@character_set_client */;
/*!40101 SET character_set_client = utf8 */;
CREATE TABLE `adhoctrips` (
  `id` bigint(20) NOT NULL AUTO_INCREMENT,
  `adhoctype` varchar(30) DEFAULT NULL,
  `tripCode` varchar(20) DEFAULT NULL,
  `siteId` varchar(10) DEFAULT NULL,
  `travelDate` datetime DEFAULT NULL,
  `startTime` varchar(20) DEFAULT NULL,
  `endTime` varchar(20) DEFAULT NULL,
  `startPlace` varchar(60) DEFAULT NULL,
  `endPlace` varchar(60) DEFAULT NULL,
  `vehicleType` varchar(10) DEFAULT NULL,
  `distance` float DEFAULT NULL,
  `actualDistance` float DEFAULT NULL,
  `travelTime` varchar(10) DEFAULT NULL,
  `employeeId` varchar(20) DEFAULT NULL,
  `status` varchar(20) DEFAULT NULL,
  `isEscort` varchar(20) DEFAULT NULL,
  `escortApprove` varchar(20) DEFAULT NULL,
  `escortId` varchar(20) DEFAULT NULL,
  `vehicleNo` varchar(30) DEFAULT NULL,
  `enteredDistance` float DEFAULT NULL,
  PRIMARY KEY (`id`)
) ENGINE=InnoDB AUTO_INCREMENT=5 DEFAULT CHARSET=utf8;
/*!40101 SET character_set_client = @saved_cs_client */;

--
-- Dumping data for table `adhoctrips`
--

LOCK TABLES `adhoctrips` WRITE;
/*!40000 ALTER TABLE `adhoctrips` DISABLE KEYS */;
INSERT INTO `adhoctrips` VALUES (3,'hotelAirport','0','1','2014-04-22 00:00:00','20:15','00:00','lk','jljk','1',NULL,NULL,NULL,'93','approved','NO','YES','','KL 02 A 3030',200),(4,'hotelAirport','1','1','2014-04-22 00:00:00','21:45','01:45','Randah','Diiioo','1',NULL,NULL,NULL,'17','approved','NO','NO','','KL 10 C 2323',200);
/*!40000 ALTER TABLE `adhoctrips` ENABLE KEYS */;
UNLOCK TABLES;

--
-- Table structure for table `adhoctripvendorassign`
--

DROP TABLE IF EXISTS `adhoctripvendorassign`;
/*!40101 SET @saved_cs_client     = @@character_set_client */;
/*!40101 SET character_set_client = utf8 */;
CREATE TABLE `adhoctripvendorassign` (
  `tripid` bigint(20) NOT NULL,
  `vendorId` int(11) DEFAULT NULL,
  `status` varchar(10) DEFAULT NULL,
  `updated` datetime DEFAULT NULL,
  UNIQUE KEY `tripid` (`tripid`)
) ENGINE=InnoDB DEFAULT CHARSET=utf8;
/*!40101 SET character_set_client = @saved_cs_client */;

--
-- Dumping data for table `adhoctripvendorassign`
--

LOCK TABLES `adhoctripvendorassign` WRITE;
/*!40000 ALTER TABLE `adhoctripvendorassign` DISABLE KEYS */;
INSERT INTO `adhoctripvendorassign` VALUES (3,1,'active',NULL),(4,1,'active',NULL);
/*!40000 ALTER TABLE `adhoctripvendorassign` ENABLE KEYS */;
UNLOCK TABLES;

--
-- Table structure for table `adhoctypes`
--

DROP TABLE IF EXISTS `adhoctypes`;
/*!40101 SET @saved_cs_client     = @@character_set_client */;
/*!40101 SET character_set_client = utf8 */;
CREATE TABLE `adhoctypes` (
  `id` int(11) NOT NULL AUTO_INCREMENT,
  `site` int(11) DEFAULT NULL,
  `projectUnit` varchar(50) DEFAULT NULL,
  `type` varchar(100) DEFAULT NULL,
  `requester` varchar(20) DEFAULT NULL,
  `approval` varchar(20) DEFAULT NULL,
  `requestCutoff` varchar(20) DEFAULT NULL,
  `cancelCutoff` varchar(20) DEFAULT NULL,
  `scheduleCancelMode` varchar(20) DEFAULT NULL,
  `existingCancel` varchar(20) DEFAULT NULL,
  `maxrequestPerDay` int(11) DEFAULT NULL,
  `maxrequestWithOutApproval` int(11) DEFAULT NULL,
  PRIMARY KEY (`id`)
) ENGINE=InnoDB AUTO_INCREMENT=2 DEFAULT CHARSET=utf8;
/*!40101 SET character_set_client = @saved_cs_client */;

--
-- Dumping data for table `adhoctypes`
--

LOCK TABLES `adhoctypes` WRITE;
/*!40000 ALTER TABLE `adhoctypes` DISABLE KEYS */;
INSERT INTO `adhoctypes` VALUES (1,1,'all','hotelAirport',NULL,'no','02:00','03:00',NULL,NULL,NULL,0);
/*!40000 ALTER TABLE `adhoctypes` ENABLE KEYS */;
UNLOCK TABLES;

--
-- Table structure for table `area`
--

DROP TABLE IF EXISTS `area`;
/*!40101 SET @saved_cs_client     = @@character_set_client */;
/*!40101 SET character_set_client = utf8 */;
CREATE TABLE `area` (
  `id` bigint(20) NOT NULL AUTO_INCREMENT,
  `area` varchar(200) NOT NULL,
  `location` int(11) DEFAULT NULL,
  PRIMARY KEY (`id`)
) ENGINE=InnoDB AUTO_INCREMENT=106 DEFAULT CHARSET=utf8;
/*!40101 SET character_set_client = @saved_cs_client */;

--
-- Dumping data for table `area`
--

LOCK TABLES `area` WRITE;
/*!40000 ALTER TABLE `area` DISABLE KEYS */;
INSERT INTO `area` VALUES (1,'Allalsandra',1),(2,'Amruthahalli',1),(3,'Anjanapura',1),(4,'BIAL Road',1),(5,'BTM',1),(6,'Bagalur',1),(7,'Banashankari',1),(8,'Banaswadi',1),(9,'Bannerghatta Road',1),(10,'Basavanagar',1),(11,'Basavanagudi',1),(12,'Basaveshwaranagar',1),(13,'Begur Road',1),(14,'Bellandur',1),(15,'Benson Town',1),(16,'Binnypet',1),(17,'CV Raman Nagar',1),(18,'Chandra Layout',1),(19,'Chikkadugodi',1),(20,'Chikkalsandra',1),(21,'Chikkamaranahalli',1),(22,'Doddabommasandra',1),(23,'Frazer Town',1),(24,'GM Palya',1),(25,'Ganganagar',1),(26,'HSR Layout',1),(27,'Hennur',1),(28,'Hesarghatta',1),(29,'Hongasandra',1),(30,'Hormavu',1),(31,'Hosur Road',1),(32,'Indiranagar',1),(33,'JP Nagar',1),(34,'Jalahalli',1),(35,'Jayanagar',1),(36,'Jeevanbhima Nagar',1),(37,'Kadugodi',1),(38,'Kagdaspura',1),(39,'Kalyan Nagar',1),(40,'Kammanahalli',1),(41,'Kanakpura Road',1),(42,'Kasturinagar',1),(43,'Kengeri',1),(44,'Konankunte',1),(45,'Koramangala',1),(46,'Kothanur',1),(47,'Krishnarajapuram',1),(48,'Kumarapark',1),(49,'Kumaraswamy layout',1),(50,'Kundalahalli',1),(51,'Lakkasandra',1),(52,'Lingarajapuram',1),(53,'Lingarajpuram',1),(54,'Madiwala',1),(55,'Magadi Road',1),(56,'Mahalakshmi Layout',1),(57,'Malathahalli',1),(58,'Malleswaram',1),(59,'Marathahalli',1),(60,'Mathikere',1),(61,'Murugeshpalya',1),(62,'Mysore Road',1),(63,'Nagarbhavi',1),(64,'Nagashettyhalli',1),(65,'Nagawara',1),(66,'Nandini Layout',1),(67,'New BEL Road',1),(68,'New Thippasandra',1),(69,'OMBR Layout',1),(70,'Old Airport Road',1),(71,'Padmanabhanagar',1),(72,'Panathur',1),(73,'RMV 2nd Stage',1),(74,'RR Nagar',1),(75,'RS Palya',1),(76,'RT Nagar',1),(77,'Racecourse Road',1),(78,'Rajajinagar',1),(79,'Ramurthy Nagar',1),(80,'SG Palya',1),(81,'Sadashivanagar',1),(82,'Sahakaranagar',1),(83,'Sanjaynagar',1),(84,'Sarjapur',1),(85,'Shampura',1),(86,'Srirampuram',1),(87,'T Dasarahalli',1),(88,'Taverkere',1),(89,'Tavrekere',1),(90,'Thanisandra',1),(91,'Thippasandra',1),(92,'Ulsoor',1),(93,'Uttarahalli',1),(94,'Varthur',1),(95,'Vasanthnagar',1),(96,'Veeranapalya',1),(97,'Vidyaranyapura',1),(98,'Vijayanagar',1),(99,'Vivek Nagar',1),(100,'Viveknagar',1),(101,'Whitefield',1),(102,'Wilson Garden',1),(103,'Yelahanka',1),(104,'Yeshwanthpur',1),(105,'new area1',1);
/*!40000 ALTER TABLE `area` ENABLE KEYS */;
UNLOCK TABLES;

--
-- Table structure for table `atsconnect`
--

DROP TABLE IF EXISTS `atsconnect`;
/*!40101 SET @saved_cs_client     = @@character_set_client */;
/*!40101 SET character_set_client = utf8 */;
CREATE TABLE `atsconnect` (
  `id` bigint(20) NOT NULL AUTO_INCREMENT,
  `project` varchar(100) NOT NULL,
  `description` varchar(250) DEFAULT NULL,
  `status` varchar(10) DEFAULT NULL,
  `location_id` varchar(10) DEFAULT NULL,
  `projecttype` varchar(15) DEFAULT 'project',
  `projectUnit` varchar(20) DEFAULT NULL,
  PRIMARY KEY (`id`)
) ENGINE=InnoDB AUTO_INCREMENT=3 DEFAULT CHARSET=utf8;
/*!40101 SET character_set_client = @saved_cs_client */;

--
-- Dumping data for table `atsconnect`
--

LOCK TABLES `atsconnect` WRITE;
/*!40000 ALTER TABLE `atsconnect` DISABLE KEYS */;
INSERT INTO `atsconnect` VALUES (1,'Project1','Projet1\'desc',NULL,NULL,'project','BOP'),(2,'Project2','Project2 desc',NULL,NULL,'project','ITES');
/*!40000 ALTER TABLE `atsconnect` ENABLE KEYS */;
UNLOCK TABLES;

--
-- Table structure for table `audit_log`
--

DROP TABLE IF EXISTS `audit_log`;
/*!40101 SET @saved_cs_client     = @@character_set_client */;
/*!40101 SET character_set_client = utf8 */;
CREATE TABLE `audit_log` (
  `id` int(11) NOT NULL AUTO_INCREMENT,
  `reference_id` int(11) NOT NULL,
  `module_name` varchar(50) NOT NULL,
  `date_changed` datetime NOT NULL,
  `changed_by` int(11) NOT NULL,
  `previous_state` varchar(50) DEFAULT NULL,
  `current_state` varchar(50) DEFAULT NULL,
  `action` varchar(50) NOT NULL,
  PRIMARY KEY (`id`)
) ENGINE=InnoDB AUTO_INCREMENT=654 DEFAULT CHARSET=utf8;
/*!40101 SET character_set_client = @saved_cs_client */;

--
-- Dumping data for table `audit_log`
--

LOCK TABLES `audit_log` WRITE;
/*!40000 ALTER TABLE `audit_log` DISABLE KEYS */;
INSERT INTO `audit_log` VALUES (1,1,'EMP_SUBSCRIPTION','2013-07-10 13:52:16',8,'EMPTY','SUB_PENDING','Create'),(2,2,'EMP_SUBSCRIPTION','2013-07-10 13:58:14',9,'EMPTY','SUB_PENDING','Create'),(3,3,'EMP_SUBSCRIPTION','2013-07-10 14:00:07',10,'EMPTY','SUB_PENDING','Create'),(4,4,'EMP_SUBSCRIPTION','2013-07-10 14:00:38',11,'EMPTY','SUB_PENDING','Create'),(5,5,'EMP_SUBSCRIPTION','2013-07-10 14:02:20',12,'EMPTY','SUB_PENDING','Create'),(6,6,'EMP_SUBSCRIPTION','2013-07-10 14:03:01',13,'EMPTY','SUB_PENDING','Create'),(7,7,'EMP_SUBSCRIPTION','2013-07-10 14:03:49',14,'EMPTY','SUB_PENDING','Create'),(8,8,'EMP_SUBSCRIPTION','2013-07-10 14:04:21',16,'EMPTY','SUB_PENDING','Create'),(9,9,'EMP_SUBSCRIPTION','2013-07-10 14:04:35',17,'EMPTY','SUB_PENDING','Create'),(10,10,'EMP_SUBSCRIPTION','2013-07-10 14:04:50',18,'EMPTY','SUB_PENDING','Create'),(11,1,'EMP_SCHEDULE','2013-07-10 15:10:04',101,'EMPTY','EMP_SCHEDULED','Create'),(12,2,'EMP_SCHEDULE','2013-07-10 15:10:04',101,'EMPTY','EMP_SCHEDULED','Create'),(13,3,'EMP_SCHEDULE','2013-07-10 15:10:04',101,'EMPTY','EMP_SCHEDULED','Create'),(14,4,'EMP_SCHEDULE','2013-07-10 15:10:04',101,'EMPTY','EMP_SCHEDULED','Create'),(15,5,'EMP_SCHEDULE','2013-07-10 15:10:04',101,'EMPTY','EMP_SCHEDULED','Create'),(16,6,'EMP_SCHEDULE','2013-07-10 15:10:04',101,'EMPTY','EMP_SCHEDULED','Create'),(17,7,'EMP_SCHEDULE','2013-07-10 15:10:04',101,'EMPTY','EMP_SCHEDULED','Create'),(18,8,'EMP_SCHEDULE','2013-07-10 15:10:04',101,'EMPTY','EMP_SCHEDULED','Create'),(19,9,'EMP_SCHEDULE','2013-07-10 15:10:04',101,'EMPTY','EMP_SCHEDULED','Create'),(20,1,'EMP_SCHEDULE','2013-07-10 15:10:04',101,'EMP_SCHEDULED','EMP_SCHEDULE_ALTERED','Edit'),(21,2,'EMP_SCHEDULE','2013-07-10 15:10:04',101,'EMP_SCHEDULED','EMP_SCHEDULE_ALTERED','Edit'),(22,3,'EMP_SCHEDULE','2013-07-10 15:10:04',101,'EMP_SCHEDULED','EMP_SCHEDULE_ALTERED','Edit'),(23,4,'EMP_SCHEDULE','2013-07-10 15:10:04',101,'EMP_SCHEDULED','EMP_SCHEDULE_ALTERED','Edit'),(24,5,'EMP_SCHEDULE','2013-07-10 15:10:04',101,'EMP_SCHEDULED','EMP_SCHEDULE_ALTERED','Edit'),(25,6,'EMP_SCHEDULE','2013-07-10 15:10:04',101,'EMP_SCHEDULED','EMP_SCHEDULE_ALTERED','Edit'),(26,7,'EMP_SCHEDULE','2013-07-10 15:10:04',101,'EMP_SCHEDULED','EMP_SCHEDULE_ALTERED','Edit'),(27,8,'EMP_SCHEDULE','2013-07-10 15:10:04',101,'EMP_SCHEDULED','EMP_SCHEDULE_ALTERED','Edit'),(28,9,'EMP_SCHEDULE','2013-07-10 15:10:04',101,'EMP_SCHEDULED','EMP_SCHEDULE_ALTERED','Edit'),(29,10,'EMP_SCHEDULE','2013-07-10 15:10:04',101,'EMP_SCHEDULED','EMP_SCHEDULE_ALTERED','Edit'),(30,11,'EMP_SCHEDULE','2013-07-10 15:10:04',101,'EMP_SCHEDULED','EMP_SCHEDULE_ALTERED','Edit'),(31,12,'EMP_SCHEDULE','2013-07-10 15:10:04',101,'EMP_SCHEDULED','EMP_SCHEDULE_ALTERED','Edit'),(32,13,'EMP_SCHEDULE','2013-07-10 15:10:04',101,'EMP_SCHEDULED','EMP_SCHEDULE_ALTERED','Edit'),(33,14,'EMP_SCHEDULE','2013-07-10 15:10:04',101,'EMP_SCHEDULED','EMP_SCHEDULE_ALTERED','Edit'),(34,15,'EMP_SCHEDULE','2013-07-10 15:10:04',101,'EMP_SCHEDULED','EMP_SCHEDULE_ALTERED','Edit'),(35,16,'EMP_SCHEDULE','2013-07-10 15:10:04',101,'EMP_SCHEDULED','EMP_SCHEDULE_ALTERED','Edit'),(36,17,'EMP_SCHEDULE','2013-07-10 15:10:04',101,'EMP_SCHEDULED','EMP_SCHEDULE_ALTERED','Edit'),(37,18,'EMP_SCHEDULE','2013-07-10 15:10:04',101,'EMP_SCHEDULED','EMP_SCHEDULE_ALTERED','Edit'),(38,19,'EMP_SCHEDULE','2013-07-10 15:10:04',101,'EMP_SCHEDULED','EMP_SCHEDULE_ALTERED','Edit'),(39,20,'EMP_SCHEDULE','2013-07-10 15:10:04',101,'EMP_SCHEDULED','EMP_SCHEDULE_ALTERED','Edit'),(40,21,'EMP_SCHEDULE','2013-07-10 15:10:04',101,'EMP_SCHEDULED','EMP_SCHEDULE_ALTERED','Edit'),(41,22,'EMP_SCHEDULE','2013-07-10 15:10:04',101,'EMP_SCHEDULED','EMP_SCHEDULE_ALTERED','Edit'),(42,23,'EMP_SCHEDULE','2013-07-10 15:10:04',101,'EMP_SCHEDULED','EMP_SCHEDULE_ALTERED','Edit'),(43,24,'EMP_SCHEDULE','2013-07-10 15:10:04',101,'EMP_SCHEDULED','EMP_SCHEDULE_ALTERED','Edit'),(44,25,'EMP_SCHEDULE','2013-07-10 15:10:04',101,'EMP_SCHEDULED','EMP_SCHEDULE_ALTERED','Edit'),(45,26,'EMP_SCHEDULE','2013-07-10 15:10:04',101,'EMP_SCHEDULED','EMP_SCHEDULE_ALTERED','Edit'),(46,27,'EMP_SCHEDULE','2013-07-10 15:10:04',101,'EMP_SCHEDULED','EMP_SCHEDULE_ALTERED','Edit'),(47,28,'EMP_SCHEDULE','2013-07-10 15:10:04',101,'EMP_SCHEDULED','EMP_SCHEDULE_ALTERED','Edit'),(48,29,'EMP_SCHEDULE','2013-07-10 15:10:04',101,'EMP_SCHEDULED','EMP_SCHEDULE_ALTERED','Edit'),(49,30,'EMP_SCHEDULE','2013-07-10 15:10:04',101,'EMP_SCHEDULED','EMP_SCHEDULE_ALTERED','Edit'),(50,31,'EMP_SCHEDULE','2013-07-10 15:10:04',101,'EMP_SCHEDULED','EMP_SCHEDULE_ALTERED','Edit'),(51,32,'EMP_SCHEDULE','2013-07-10 15:10:04',101,'EMP_SCHEDULED','EMP_SCHEDULE_ALTERED','Edit'),(52,33,'EMP_SCHEDULE','2013-07-10 15:10:04',101,'EMP_SCHEDULED','EMP_SCHEDULE_ALTERED','Edit'),(53,34,'EMP_SCHEDULE','2013-07-10 15:10:04',101,'EMP_SCHEDULED','EMP_SCHEDULE_ALTERED','Edit'),(54,35,'EMP_SCHEDULE','2013-07-10 15:10:04',101,'EMP_SCHEDULED','EMP_SCHEDULE_ALTERED','Edit'),(55,36,'EMP_SCHEDULE','2013-07-10 15:10:04',101,'EMP_SCHEDULED','EMP_SCHEDULE_ALTERED','Edit'),(56,10,'EMP_SCHEDULE','2013-07-10 15:30:18',1,'EMPTY','EMP_SCHEDULED','Create'),(57,37,'EMP_SCHEDULE','2013-07-10 15:30:18',1,'EMP_SCHEDULED','EMP_SCHEDULE_ALTERED','Edit'),(58,38,'EMP_SCHEDULE','2013-07-10 15:30:18',1,'EMP_SCHEDULED','EMP_SCHEDULE_ALTERED','Edit'),(59,39,'EMP_SCHEDULE','2013-07-10 15:30:18',1,'EMP_SCHEDULED','EMP_SCHEDULE_ALTERED','Edit'),(60,40,'EMP_SCHEDULE','2013-07-10 15:30:18',1,'EMP_SCHEDULED','EMP_SCHEDULE_ALTERED','Edit'),(61,41,'EMP_SCHEDULE','2013-07-10 15:30:18',1,'EMP_SCHEDULED','EMP_SCHEDULE_ALTERED','Edit'),(62,42,'EMP_SCHEDULE','2013-07-10 15:30:18',1,'EMP_SCHEDULED','EMP_SCHEDULE_ALTERED','Edit'),(63,8,'EMP_SCHEDULE','2013-07-10 15:31:20',1,'EMP_SCHEDULED','EMP_SCHEDULE_MODIFIED','Edit'),(64,8,'EMP_SCHEDULE','2013-07-10 15:42:45',1,'EMP_SCHEDULED','EMP_SCHEDULE_MODIFIED','Edit'),(65,8,'EMP_SCHEDULE','2013-07-10 15:44:44',1,'EMP_SCHEDULED','EMP_SCHEDULE_MODIFIED','Edit'),(66,29,'EMP_SCHEDULE','2013-07-10 15:44:44',1,'EMP_SCHEDULED','EMP_SCHEDULE_CANCELED','Delete'),(67,30,'EMP_SCHEDULE','2013-07-10 15:44:44',1,'EMP_SCHEDULED','EMP_SCHEDULE_CANCELED','Delete'),(68,31,'EMP_SCHEDULE','2013-07-10 15:44:44',1,'EMP_SCHEDULED','EMP_SCHEDULE_CANCELED','Delete'),(69,32,'EMP_SCHEDULE','2013-07-10 15:44:44',1,'EMP_SCHEDULED','EMP_SCHEDULE_CANCELED','Delete'),(70,43,'EMP_SCHEDULE','2013-07-10 15:45:31',1,'EMP_SCHEDULED','EMP_SCHEDULE_ALTERED','Edit'),(71,10,'EMP_UNSUBSCRIPTION','2013-07-10 15:55:58',18,'EMP_SUBSCRIBED','UNSUB_PENDING','Create'),(72,9,'EMP_SCHEDULE','2013-07-11 15:57:00',0,'EMP_SCHEDULED','EMP_SCHEDULE_CANCELED','Edit'),(73,1,'EMP_SUBSCRIPTION','2013-07-11 15:57:00',0,'SUB_PENDING','EMP_SUBSCRIBED','Edit'),(74,2,'EMP_SUBSCRIPTION','2013-07-11 15:57:00',0,'SUB_PENDING','EMP_SUBSCRIBED','Edit'),(75,3,'EMP_SUBSCRIPTION','2013-07-11 15:57:00',0,'SUB_PENDING','EMP_SUBSCRIBED','Edit'),(76,4,'EMP_SUBSCRIPTION','2013-07-11 15:57:00',0,'SUB_PENDING','EMP_SUBSCRIBED','Edit'),(77,5,'EMP_SUBSCRIPTION','2013-07-11 15:57:00',0,'SUB_PENDING','EMP_SUBSCRIBED','Edit'),(78,6,'EMP_SUBSCRIPTION','2013-07-11 15:57:00',0,'SUB_PENDING','EMP_SUBSCRIBED','Edit'),(79,7,'EMP_SUBSCRIPTION','2013-07-11 15:57:00',0,'SUB_PENDING','EMP_SUBSCRIBED','Edit'),(80,8,'EMP_SUBSCRIPTION','2013-07-11 15:57:00',0,'SUB_PENDING','EMP_SUBSCRIBED','Edit'),(81,9,'EMP_SUBSCRIPTION','2013-07-11 15:57:00',0,'SUB_PENDING','EMP_SUBSCRIBED','Edit'),(82,11,'EMP_SCHEDULE','2013-07-10 16:03:09',1,'EMPTY','EMP_SCHEDULED','Create'),(83,12,'EMP_SCHEDULE','2013-07-10 16:03:09',1,'EMPTY','EMP_SCHEDULED','Create'),(84,13,'EMP_SCHEDULE','2013-07-10 16:03:09',1,'EMPTY','EMP_SCHEDULED','Create'),(85,14,'EMP_SCHEDULE','2013-07-10 16:03:09',1,'EMPTY','EMP_SCHEDULED','Create'),(86,15,'EMP_SCHEDULE','2013-07-10 16:03:09',1,'EMPTY','EMP_SCHEDULED','Create'),(87,16,'EMP_SCHEDULE','2013-07-10 16:03:09',1,'EMPTY','EMP_SCHEDULED','Create'),(88,17,'EMP_SCHEDULE','2013-07-10 16:03:09',1,'EMPTY','EMP_SCHEDULED','Create'),(89,18,'EMP_SCHEDULE','2013-07-10 16:03:09',1,'EMPTY','EMP_SCHEDULED','Create'),(90,19,'EMP_SCHEDULE','2013-07-10 16:03:09',1,'EMPTY','EMP_SCHEDULED','Create'),(91,1,'TRIPSHEET','2013-07-10 16:22:29',1,'EMPTY','TRIPSHEET_GENERATED','Create'),(92,2,'TRIPSHEET','2013-07-10 16:22:29',1,'EMPTY','TRIPSHEET_GENERATED','Create'),(93,3,'TRIPSHEET','2013-07-10 16:22:29',1,'EMPTY','TRIPSHEET_GENERATED','Create'),(94,4,'TRIPSHEET','2013-07-10 16:22:29',1,'EMPTY','TRIPSHEET_GENERATED','Create'),(95,5,'TRIPSHEET','2013-07-10 16:22:29',1,'EMPTY','TRIPSHEET_GENERATED','Create'),(96,2,'TRIPSHEET','2013-07-10 16:33:26',1,'TRIPSHEET_GENERATED','TRIP_MODIFIED','Edit'),(97,3,'TRIPSHEET','2013-07-10 16:33:26',1,'TRIPSHEET_GENERATED','TRIP_MODIFIED','Edit'),(98,2,'TRIPSHEET','2013-07-10 16:43:17',1,'TRIPSHEET_GENERATED','TRIP_MODIFIED','Edit'),(99,3,'TRIPSHEET','2013-07-10 16:43:17',1,'TRIPSHEET_GENERATED','TRIP_MODIFIED','Edit'),(100,2,'TRIPSHEET','2013-07-10 16:55:17',1,'TRIPSHEET_GENERATED','TRIPSHEET_SAVED','Edit'),(101,3,'TRIPSHEET','2013-07-10 16:55:17',1,'TRIPSHEET_GENERATED','TRIPSHEET_SAVED','Edit'),(102,4,'TRIPSHEET','2013-07-10 16:55:17',1,'TRIPSHEET_GENERATED','TRIPSHEET_SAVED','Edit'),(103,5,'TRIPSHEET','2013-07-10 16:55:17',1,'TRIPSHEET_GENERATED','TRIPSHEET_SAVED','Edit'),(104,7,'TRIPSHEET','2013-07-10 17:02:43',1,'EMPTY','TRIPSHEET_GENERATED','Create'),(105,8,'TRIPSHEET','2013-07-10 17:02:43',1,'EMPTY','TRIPSHEET_GENERATED','Create'),(106,9,'TRIPSHEET','2013-07-10 17:02:43',1,'EMPTY','TRIPSHEET_GENERATED','Create'),(107,10,'TRIPSHEET','2013-07-10 17:06:26',1,'EMPTY','TRIPSHEET_GENERATED','Create'),(108,11,'TRIPSHEET','2013-07-10 17:06:26',1,'EMPTY','TRIPSHEET_GENERATED','Create'),(109,12,'TRIPSHEET','2013-07-10 17:06:26',1,'EMPTY','TRIPSHEET_GENERATED','Create'),(110,13,'TRIPSHEET','2013-07-10 17:06:26',1,'EMPTY','TRIPSHEET_GENERATED','Create'),(111,10,'TRIPSHEET','2013-07-10 17:07:02',1,'TRIPSHEET_GENERATED','TRIPSHEET_SAVED','Edit'),(112,11,'TRIPSHEET','2013-07-10 17:07:02',1,'TRIPSHEET_GENERATED','TRIPSHEET_SAVED','Edit'),(113,12,'TRIPSHEET','2013-07-10 17:07:02',1,'TRIPSHEET_GENERATED','TRIPSHEET_SAVED','Edit'),(114,13,'TRIPSHEET','2013-07-10 17:07:03',1,'TRIPSHEET_GENERATED','TRIPSHEET_SAVED','Edit'),(115,10,'VENDOR_TRACKING','2013-07-10 18:17:39',6,'EMPTY','VENDOR_APPROVED','Create'),(116,11,'VENDOR_TRACKING','2013-07-10 18:17:39',6,'EMPTY','VENDOR_APPROVED','Create'),(117,12,'VENDOR_TRACKING','2013-07-10 18:17:39',6,'EMPTY','VENDOR_APPROVED','Create'),(118,10,'VENDOR_TRACKING','2013-07-10 18:17:56',6,'VENDOR_APPROVED','VENDOR_APPROVED','Edit'),(119,11,'VENDOR_TRACKING','2013-07-10 18:17:56',6,'VENDOR_APPROVED','VENDOR_APPROVED','Edit'),(120,12,'VENDOR_TRACKING','2013-07-10 18:17:56',6,'VENDOR_APPROVED','VENDOR_APPROVED','Edit'),(121,10,'VENDOR_TRACKING','2013-07-10 18:17:56',6,'VENDOR_APPROVED','SENT_FOR_APPROVAL','Edit'),(122,10,'TRANS_ADMIN_TRACKING','2013-07-10 18:17:56',6,'SENT_FOR_APPROVAL','SENT_FOR_APPROVAL','Create'),(123,11,'VENDOR_TRACKING','2013-07-10 18:17:56',6,'VENDOR_APPROVED','SENT_FOR_APPROVAL','Edit'),(124,11,'TRANS_ADMIN_TRACKING','2013-07-10 18:17:56',6,'SENT_FOR_APPROVAL','SENT_FOR_APPROVAL','Create'),(125,12,'VENDOR_TRACKING','2013-07-10 18:17:56',6,'VENDOR_APPROVED','SENT_FOR_APPROVAL','Edit'),(126,12,'TRANS_ADMIN_TRACKING','2013-07-10 18:17:56',6,'SENT_FOR_APPROVAL','SENT_FOR_APPROVAL','Create'),(127,10,'VENDOR_TRACKING','2013-07-10 19:12:10',2,'VENDOR_APPROVED','VENDOR_APPROVED','Edit'),(128,10,'TRANS_ADMIN_TRACKING','2013-07-10 19:20:43',1,'SENT_FOR_APPROVAL','TRANS_ADMIN_APPROVED','Edit'),(129,9,'EMP_SCHEDULE','2013-07-20 12:36:04',0,'EMP_SCHEDULED','EMP_SCHEDULE_CANCELED','Edit'),(130,44,'EMP_SCHEDULE','2013-07-12 14:13:05',1,'EMP_SCHEDULED','EMP_SCHEDULE_ALTERED','Edit'),(131,14,'TRIPSHEET','2013-07-15 15:21:05',1,'EMPTY','TRIPSHEET_GENERATED','Create'),(132,15,'TRIPSHEET','2013-07-15 15:21:05',1,'EMPTY','TRIPSHEET_GENERATED','Create'),(133,16,'TRIPSHEET','2013-07-15 15:21:05',1,'EMPTY','TRIPSHEET_GENERATED','Create'),(134,17,'TRIPSHEET','2013-07-15 15:21:05',1,'EMPTY','TRIPSHEET_GENERATED','Create'),(135,18,'TRIPSHEET','2013-07-15 15:21:05',1,'EMPTY','TRIPSHEET_GENERATED','Create'),(136,19,'TRIPSHEET','2013-07-15 15:21:05',1,'EMPTY','TRIPSHEET_GENERATED','Create'),(137,1,'TRIPSHEET','2013-07-15 15:24:30',1,'EMPTY','TRIPSHEET_GENERATED','Create'),(138,2,'TRIPSHEET','2013-07-15 15:24:30',1,'EMPTY','TRIPSHEET_GENERATED','Create'),(139,3,'TRIPSHEET','2013-07-15 15:24:31',1,'EMPTY','TRIPSHEET_GENERATED','Create'),(140,4,'TRIPSHEET','2013-07-15 15:24:31',1,'EMPTY','TRIPSHEET_GENERATED','Create'),(141,5,'TRIPSHEET','2013-07-15 15:24:31',1,'EMPTY','TRIPSHEET_GENERATED','Create'),(142,6,'TRIPSHEET','2013-07-15 15:24:31',1,'EMPTY','TRIPSHEET_GENERATED','Create'),(143,1,'TRIPSHEET','2013-07-15 15:26:11',1,'EMPTY','TRIPSHEET_GENERATED','Create'),(144,2,'TRIPSHEET','2013-07-15 15:26:11',1,'EMPTY','TRIPSHEET_GENERATED','Create'),(145,3,'TRIPSHEET','2013-07-15 15:26:11',1,'EMPTY','TRIPSHEET_GENERATED','Create'),(146,4,'TRIPSHEET','2013-07-15 15:26:11',1,'EMPTY','TRIPSHEET_GENERATED','Create'),(147,5,'TRIPSHEET','2013-07-15 15:26:12',1,'EMPTY','TRIPSHEET_GENERATED','Create'),(148,6,'TRIPSHEET','2013-07-15 15:26:12',1,'EMPTY','TRIPSHEET_GENERATED','Create'),(149,1,'TRIPSHEET','2013-07-15 15:29:36',1,'EMPTY','TRIPSHEET_GENERATED','Create'),(150,2,'TRIPSHEET','2013-07-15 15:29:36',1,'EMPTY','TRIPSHEET_GENERATED','Create'),(151,3,'TRIPSHEET','2013-07-15 15:29:36',1,'EMPTY','TRIPSHEET_GENERATED','Create'),(152,1,'TRIPSHEET','2013-07-15 15:36:20',1,'EMPTY','TRIPSHEET_GENERATED','Create'),(153,2,'TRIPSHEET','2013-07-15 15:36:20',1,'EMPTY','TRIPSHEET_GENERATED','Create'),(154,3,'TRIPSHEET','2013-07-15 15:36:20',1,'EMPTY','TRIPSHEET_GENERATED','Create'),(155,4,'TRIPSHEET','2013-07-15 15:39:51',1,'EMPTY','TRIPSHEET_GENERATED','Create'),(156,5,'TRIPSHEET','2013-07-15 15:39:51',1,'EMPTY','TRIPSHEET_GENERATED','Create'),(157,6,'TRIPSHEET','2013-07-15 15:39:51',1,'EMPTY','TRIPSHEET_GENERATED','Create'),(158,1,'TRIPSHEET','2013-07-15 15:41:01',1,'EMPTY','TRIPSHEET_GENERATED','Create'),(159,2,'TRIPSHEET','2013-07-15 15:41:01',1,'EMPTY','TRIPSHEET_GENERATED','Create'),(160,3,'TRIPSHEET','2013-07-15 15:41:01',1,'EMPTY','TRIPSHEET_GENERATED','Create'),(161,1,'TRIPSHEET','2013-07-15 15:46:05',1,'EMPTY','TRIPSHEET_GENERATED','Create'),(162,2,'TRIPSHEET','2013-07-15 15:46:05',1,'EMPTY','TRIPSHEET_GENERATED','Create'),(163,3,'TRIPSHEET','2013-07-15 15:46:06',1,'EMPTY','TRIPSHEET_GENERATED','Create'),(164,1,'TRIPSHEET','2013-07-15 15:50:48',1,'EMPTY','TRIPSHEET_GENERATED','Create'),(165,2,'TRIPSHEET','2013-07-15 15:50:48',1,'EMPTY','TRIPSHEET_GENERATED','Create'),(166,3,'TRIPSHEET','2013-07-15 15:50:48',1,'EMPTY','TRIPSHEET_GENERATED','Create'),(167,2,'TRIPSHEET','2013-07-16 18:10:21',1,'TRIPSHEET_GENERATED','TRIPSHEET_SAVED','Edit'),(168,3,'TRIPSHEET','2013-07-16 18:10:21',1,'TRIPSHEET_GENERATED','TRIPSHEET_SAVED','Edit'),(169,1,'COMPANY_BRANCH_SETUP','2013-07-17 18:36:51',1,'BRANCH_ADDED','BRANCH_MODIFIED','Edit'),(170,1,'COMPANY_BRANCH_SETUP','2013-07-17 18:36:51',1,'BRANCH_ADDED','BRANCH_MODIFIED','Edit'),(171,2,'VENDOR','2013-07-22 15:21:16',1,'VENDOR_ADDED','VENDOR_MODIFIED','Edit'),(172,2,'VENDOR','2013-07-22 15:29:49',1,'VENDOR_ADDED','VENDOR_MODIFIED','Edit'),(173,4,'TRIPSHEET','2013-07-23 14:45:01',1,'EMPTY','TRIPSHEET_GENERATED','Create'),(174,5,'TRIPSHEET','2013-07-23 14:45:01',1,'EMPTY','TRIPSHEET_GENERATED','Create'),(175,6,'TRIPSHEET','2013-07-23 14:45:02',1,'EMPTY','TRIPSHEET_GENERATED','Create'),(176,7,'TRIPSHEET','2013-07-23 14:45:02',1,'EMPTY','TRIPSHEET_GENERATED','Create'),(177,8,'TRIPSHEET','2013-07-23 14:45:02',1,'EMPTY','TRIPSHEET_GENERATED','Create'),(178,9,'TRIPSHEET','2013-07-23 14:50:25',1,'EMPTY','TRIPSHEET_GENERATED','Create'),(179,10,'TRIPSHEET','2013-07-23 14:50:25',1,'EMPTY','TRIPSHEET_GENERATED','Create'),(180,11,'TRIPSHEET','2013-07-23 14:50:25',1,'EMPTY','TRIPSHEET_GENERATED','Create'),(181,12,'TRIPSHEET','2013-07-23 14:50:25',1,'EMPTY','TRIPSHEET_GENERATED','Create'),(182,9,'TRIPSHEET','2013-07-23 15:16:46',1,'TRIPSHEET_GENERATED','TRIP_MODIFIED','Edit'),(183,10,'TRIPSHEET','2013-07-23 15:16:46',1,'TRIPSHEET_GENERATED','TRIP_MODIFIED','Edit'),(184,9,'TRIPSHEET','2013-07-23 15:20:12',1,'TRIPSHEET_GENERATED','TRIP_MODIFIED','Edit'),(185,10,'TRIPSHEET','2013-07-23 15:20:12',1,'TRIPSHEET_GENERATED','TRIP_MODIFIED','Edit'),(186,13,'TRIPSHEET','2013-07-23 15:20:12',1,'TRIPSHEET_GENERATED','TRIP_ADDED','Edit'),(187,1,'SITE','2013-07-23 15:22:41',1,'EMPTY','SITE_VEHICLE_ADDED','Create'),(188,2,'SITE','2013-07-23 15:22:41',1,'EMPTY','SITE_VEHICLE_ADDED','Create'),(189,14,'TRIPSHEET','2013-07-23 15:23:03',1,'EMPTY','TRIPSHEET_GENERATED','Create'),(190,15,'TRIPSHEET','2013-07-23 15:23:03',1,'EMPTY','TRIPSHEET_GENERATED','Create'),(191,16,'TRIPSHEET','2013-07-23 15:23:03',1,'EMPTY','TRIPSHEET_GENERATED','Create'),(192,17,'TRIPSHEET','2013-07-23 15:23:03',1,'EMPTY','TRIPSHEET_GENERATED','Create'),(193,18,'TRIPSHEET','2013-07-23 15:23:03',1,'EMPTY','TRIPSHEET_GENERATED','Create'),(194,19,'TRIPSHEET','2013-07-23 15:23:03',1,'EMPTY','TRIPSHEET_GENERATED','Create'),(195,20,'TRIPSHEET','2013-07-23 15:23:03',1,'EMPTY','TRIPSHEET_GENERATED','Create'),(196,21,'TRIPSHEET','2013-07-23 15:23:03',1,'EMPTY','TRIPSHEET_GENERATED','Create'),(197,22,'TRIPSHEET','2013-07-23 15:23:03',1,'EMPTY','TRIPSHEET_GENERATED','Create'),(198,19,'TRIPSHEET','2013-07-23 15:34:07',1,'TRIPSHEET_GENERATED','TRIP_MODIFIED','Edit'),(199,20,'TRIPSHEET','2013-07-23 15:34:07',1,'TRIPSHEET_GENERATED','TRIP_MODIFIED','Edit'),(200,23,'TRIPSHEET','2013-07-23 15:34:08',1,'TRIPSHEET_GENERATED','TRIP_ADDED','Edit'),(201,2,'VENDOR_TRACKING','2013-07-24 15:09:58',1,'EMPTY','VENDOR_APPROVED','Create'),(202,3,'VENDOR_TRACKING','2013-07-24 15:09:58',1,'EMPTY','VENDOR_APPROVED','Create'),(203,2,'VENDOR_TRACKING','2013-07-24 15:09:58',1,'VENDOR_APPROVED','SENT_FOR_APPROVAL','Edit'),(204,2,'TRANS_ADMIN_TRACKING','2013-07-24 15:09:58',1,'SENT_FOR_APPROVAL','SENT_FOR_APPROVAL','Create'),(205,3,'VENDOR_TRACKING','2013-07-24 15:09:58',1,'VENDOR_APPROVED','SENT_FOR_APPROVAL','Edit'),(206,3,'TRANS_ADMIN_TRACKING','2013-07-24 15:09:58',1,'SENT_FOR_APPROVAL','SENT_FOR_APPROVAL','Create'),(207,2,'VENDOR_TRACKING','2013-07-24 15:11:19',2,'VENDOR_APPROVED','VENDOR_APPROVED','Edit'),(208,3,'VENDOR_TRACKING','2013-07-24 15:11:30',2,'VENDOR_APPROVED','VENDOR_APPROVED','Edit'),(209,2,'TRANS_ADMIN_TRACKING','2013-07-24 15:12:00',1,'SENT_FOR_APPROVAL','TRANS_ADMIN_APPROVED','Edit'),(210,3,'TRANS_ADMIN_TRACKING','2013-07-24 15:12:05',1,'SENT_FOR_APPROVAL','TRANS_ADMIN_APPROVED','Edit'),(211,1,'SITE','2013-07-24 15:50:21',1,'EMPTY','SITE_VEHICLE_ADDED','Create'),(212,2,'SITE','2013-07-24 15:50:21',1,'EMPTY','SITE_VEHICLE_ADDED','Create'),(213,3,'SITE','2013-07-24 15:50:21',1,'EMPTY','SITE_VEHICLE_ADDED','Create'),(214,1,'TRIPSHEET','2013-07-29 15:10:48',1,'EMPTY','TRIPSHEET_GENERATED','Create'),(215,2,'TRIPSHEET','2013-07-29 15:10:48',1,'EMPTY','TRIPSHEET_GENERATED','Create'),(216,3,'TRIPSHEET','2013-07-29 15:10:48',1,'EMPTY','TRIPSHEET_GENERATED','Create'),(217,4,'TRIPSHEET','2013-07-29 15:10:48',1,'EMPTY','TRIPSHEET_GENERATED','Create'),(218,5,'TRIPSHEET','2013-07-29 15:10:48',1,'EMPTY','TRIPSHEET_GENERATED','Create'),(219,6,'TRIPSHEET','2013-07-29 15:10:48',1,'EMPTY','TRIPSHEET_GENERATED','Create'),(220,7,'TRIPSHEET','2013-07-29 15:10:48',1,'EMPTY','TRIPSHEET_GENERATED','Create'),(221,8,'TRIPSHEET','2013-07-29 15:10:49',1,'EMPTY','TRIPSHEET_GENERATED','Create'),(222,9,'TRIPSHEET','2013-07-29 15:10:49',1,'EMPTY','TRIPSHEET_GENERATED','Create'),(223,1,'TRIPSHEET','2013-07-29 15:20:14',1,'EMPTY','TRIPSHEET_GENERATED','Create'),(224,2,'TRIPSHEET','2013-07-29 15:20:14',1,'EMPTY','TRIPSHEET_GENERATED','Create'),(225,3,'TRIPSHEET','2013-07-29 15:20:14',1,'EMPTY','TRIPSHEET_GENERATED','Create'),(226,4,'TRIPSHEET','2013-07-29 15:20:14',1,'EMPTY','TRIPSHEET_GENERATED','Create'),(227,5,'TRIPSHEET','2013-07-29 15:20:14',1,'EMPTY','TRIPSHEET_GENERATED','Create'),(228,6,'TRIPSHEET','2013-07-29 15:20:14',1,'EMPTY','TRIPSHEET_GENERATED','Create'),(229,7,'TRIPSHEET','2013-07-29 15:20:14',1,'EMPTY','TRIPSHEET_GENERATED','Create'),(230,8,'TRIPSHEET','2013-07-29 15:20:14',1,'EMPTY','TRIPSHEET_GENERATED','Create'),(231,9,'TRIPSHEET','2013-07-29 15:20:14',1,'EMPTY','TRIPSHEET_GENERATED','Create'),(232,1,'TRIPSHEET','2013-07-29 15:34:02',1,'EMPTY','TRIPSHEET_GENERATED','Create'),(233,2,'TRIPSHEET','2013-07-29 15:34:02',1,'EMPTY','TRIPSHEET_GENERATED','Create'),(234,3,'TRIPSHEET','2013-07-29 15:34:02',1,'EMPTY','TRIPSHEET_GENERATED','Create'),(235,4,'TRIPSHEET','2013-07-29 15:34:02',1,'EMPTY','TRIPSHEET_GENERATED','Create'),(236,5,'TRIPSHEET','2013-07-29 15:34:02',1,'EMPTY','TRIPSHEET_GENERATED','Create'),(237,6,'TRIPSHEET','2013-07-29 15:34:02',1,'EMPTY','TRIPSHEET_GENERATED','Create'),(238,7,'TRIPSHEET','2013-07-29 15:34:02',1,'EMPTY','TRIPSHEET_GENERATED','Create'),(239,8,'TRIPSHEET','2013-07-29 15:34:02',1,'EMPTY','TRIPSHEET_GENERATED','Create'),(240,9,'TRIPSHEET','2013-07-29 15:34:02',1,'EMPTY','TRIPSHEET_GENERATED','Create'),(241,1,'TRIPSHEET','2013-07-29 15:36:35',1,'EMPTY','TRIPSHEET_GENERATED','Create'),(242,2,'TRIPSHEET','2013-07-29 15:36:35',1,'EMPTY','TRIPSHEET_GENERATED','Create'),(243,3,'TRIPSHEET','2013-07-29 15:36:35',1,'EMPTY','TRIPSHEET_GENERATED','Create'),(244,4,'TRIPSHEET','2013-07-29 15:36:35',1,'EMPTY','TRIPSHEET_GENERATED','Create'),(245,5,'TRIPSHEET','2013-07-29 15:36:35',1,'EMPTY','TRIPSHEET_GENERATED','Create'),(246,6,'TRIPSHEET','2013-07-29 15:36:35',1,'EMPTY','TRIPSHEET_GENERATED','Create'),(247,7,'TRIPSHEET','2013-07-29 15:36:35',1,'EMPTY','TRIPSHEET_GENERATED','Create'),(248,8,'TRIPSHEET','2013-07-29 15:36:36',1,'EMPTY','TRIPSHEET_GENERATED','Create'),(249,9,'TRIPSHEET','2013-07-29 15:36:36',1,'EMPTY','TRIPSHEET_GENERATED','Create'),(250,1,'TRIPSHEET','2013-07-30 13:44:43',1,'TRIPSHEET_GENERATED','TRIPSHEET_SAVED','Edit'),(251,2,'TRIPSHEET','2013-07-30 13:44:43',1,'TRIPSHEET_GENERATED','TRIPSHEET_SAVED','Edit'),(252,20,'EMP_SCHEDULE','2013-08-27 19:07:02',1,'EMPTY','EMP_SCHEDULED','Create'),(253,21,'EMP_SCHEDULE','2013-08-27 19:07:02',1,'EMPTY','EMP_SCHEDULED','Create'),(254,22,'EMP_SCHEDULE','2013-08-27 19:07:02',1,'EMPTY','EMP_SCHEDULED','Create'),(255,23,'EMP_SCHEDULE','2013-08-27 19:07:02',1,'EMPTY','EMP_SCHEDULED','Create'),(256,24,'EMP_SCHEDULE','2013-08-27 19:07:02',1,'EMPTY','EMP_SCHEDULED','Create'),(257,25,'EMP_SCHEDULE','2013-08-27 19:07:02',1,'EMPTY','EMP_SCHEDULED','Create'),(258,26,'EMP_SCHEDULE','2013-08-27 19:07:02',1,'EMPTY','EMP_SCHEDULED','Create'),(259,27,'EMP_SCHEDULE','2013-08-27 19:07:02',1,'EMPTY','EMP_SCHEDULED','Create'),(260,28,'EMP_SCHEDULE','2013-08-27 19:07:02',1,'EMPTY','EMP_SCHEDULED','Create'),(261,10,'TRIPSHEET','2013-08-30 11:50:47',1,'EMPTY','TRIPSHEET_GENERATED','Create'),(262,11,'TRIPSHEET','2013-08-30 11:50:47',1,'EMPTY','TRIPSHEET_GENERATED','Create'),(263,12,'TRIPSHEET','2013-08-30 11:50:48',1,'EMPTY','TRIPSHEET_GENERATED','Create'),(264,13,'TRIPSHEET','2013-08-30 11:50:48',1,'EMPTY','TRIPSHEET_GENERATED','Create'),(265,14,'TRIPSHEET','2013-08-30 11:50:48',1,'EMPTY','TRIPSHEET_GENERATED','Create'),(266,15,'TRIPSHEET','2013-08-30 11:50:48',1,'EMPTY','TRIPSHEET_GENERATED','Create'),(267,16,'TRIPSHEET','2013-08-30 11:50:48',1,'EMPTY','TRIPSHEET_GENERATED','Create'),(268,17,'TRIPSHEET','2013-08-30 11:50:48',1,'EMPTY','TRIPSHEET_GENERATED','Create'),(269,10,'TRIPSHEET','2013-08-30 11:52:30',1,'TRIPSHEET_GENERATED','TRIPSHEET_SAVED','Edit'),(270,11,'TRIPSHEET','2013-08-30 11:52:30',1,'TRIPSHEET_GENERATED','TRIPSHEET_SAVED','Edit'),(271,12,'TRIPSHEET','2013-08-30 11:52:30',1,'TRIPSHEET_GENERATED','TRIPSHEET_SAVED','Edit'),(272,13,'TRIPSHEET','2013-08-30 11:52:30',1,'TRIPSHEET_GENERATED','TRIPSHEET_SAVED','Edit'),(273,18,'TRIPSHEET','2013-09-11 12:00:00',1,'EMPTY','TRIPSHEET_GENERATED','Create'),(274,19,'TRIPSHEET','2013-09-11 12:00:00',1,'EMPTY','TRIPSHEET_GENERATED','Create'),(275,20,'TRIPSHEET','2013-09-11 12:00:00',1,'EMPTY','TRIPSHEET_GENERATED','Create'),(276,21,'TRIPSHEET','2013-09-11 12:00:00',1,'EMPTY','TRIPSHEET_GENERATED','Create'),(277,22,'TRIPSHEET','2013-09-11 12:00:00',1,'EMPTY','TRIPSHEET_GENERATED','Create'),(278,23,'TRIPSHEET','2013-09-11 12:00:00',1,'EMPTY','TRIPSHEET_GENERATED','Create'),(279,24,'TRIPSHEET','2013-09-11 12:01:52',1,'EMPTY','TRIPSHEET_GENERATED','Create'),(280,25,'TRIPSHEET','2013-09-11 12:01:52',1,'EMPTY','TRIPSHEET_GENERATED','Create'),(281,26,'TRIPSHEET','2013-09-11 12:01:52',1,'EMPTY','TRIPSHEET_GENERATED','Create'),(282,27,'TRIPSHEET','2013-09-11 12:01:52',1,'EMPTY','TRIPSHEET_GENERATED','Create'),(283,28,'TRIPSHEET','2013-09-11 12:01:52',1,'EMPTY','TRIPSHEET_GENERATED','Create'),(284,29,'TRIPSHEET','2013-09-11 12:01:52',1,'EMPTY','TRIPSHEET_GENERATED','Create'),(285,30,'TRIPSHEET','2013-09-11 12:03:58',1,'EMPTY','TRIPSHEET_GENERATED','Create'),(286,31,'TRIPSHEET','2013-09-11 12:03:58',1,'EMPTY','TRIPSHEET_GENERATED','Create'),(287,32,'TRIPSHEET','2013-09-11 12:03:58',1,'EMPTY','TRIPSHEET_GENERATED','Create'),(288,33,'TRIPSHEET','2013-09-11 12:03:58',1,'EMPTY','TRIPSHEET_GENERATED','Create'),(289,34,'TRIPSHEET','2013-09-11 12:03:58',1,'EMPTY','TRIPSHEET_GENERATED','Create'),(290,35,'TRIPSHEET','2013-09-11 12:03:58',1,'EMPTY','TRIPSHEET_GENERATED','Create'),(291,36,'TRIPSHEET','2013-09-11 12:04:28',1,'EMPTY','TRIPSHEET_GENERATED','Create'),(292,37,'TRIPSHEET','2013-09-11 12:04:28',1,'EMPTY','TRIPSHEET_GENERATED','Create'),(293,38,'TRIPSHEET','2013-09-11 12:04:28',1,'EMPTY','TRIPSHEET_GENERATED','Create'),(294,39,'TRIPSHEET','2013-09-11 12:04:28',1,'EMPTY','TRIPSHEET_GENERATED','Create'),(295,40,'TRIPSHEET','2013-09-11 12:04:28',1,'EMPTY','TRIPSHEET_GENERATED','Create'),(296,41,'TRIPSHEET','2013-09-11 12:04:28',1,'EMPTY','TRIPSHEET_GENERATED','Create'),(297,42,'TRIPSHEET','2013-09-11 12:24:58',1,'EMPTY','TRIPSHEET_GENERATED','Create'),(298,43,'TRIPSHEET','2013-09-11 12:24:58',1,'EMPTY','TRIPSHEET_GENERATED','Create'),(299,44,'TRIPSHEET','2013-09-11 12:24:58',1,'EMPTY','TRIPSHEET_GENERATED','Create'),(300,45,'TRIPSHEET','2013-09-11 12:24:58',1,'EMPTY','TRIPSHEET_GENERATED','Create'),(301,46,'TRIPSHEET','2013-09-11 12:24:59',1,'EMPTY','TRIPSHEET_GENERATED','Create'),(302,47,'TRIPSHEET','2013-09-11 12:24:59',1,'EMPTY','TRIPSHEET_GENERATED','Create'),(303,48,'TRIPSHEET','2013-09-11 12:24:59',1,'EMPTY','TRIPSHEET_GENERATED','Create'),(304,49,'TRIPSHEET','2013-09-11 12:24:59',1,'EMPTY','TRIPSHEET_GENERATED','Create'),(305,50,'TRIPSHEET','2013-09-11 12:25:27',1,'EMPTY','TRIPSHEET_GENERATED','Create'),(306,51,'TRIPSHEET','2013-09-11 12:25:27',1,'EMPTY','TRIPSHEET_GENERATED','Create'),(307,52,'TRIPSHEET','2013-09-11 12:25:27',1,'EMPTY','TRIPSHEET_GENERATED','Create'),(308,53,'TRIPSHEET','2013-09-11 12:25:27',1,'EMPTY','TRIPSHEET_GENERATED','Create'),(309,54,'TRIPSHEET','2013-09-11 12:25:27',1,'EMPTY','TRIPSHEET_GENERATED','Create'),(310,55,'TRIPSHEET','2013-09-11 12:25:27',1,'EMPTY','TRIPSHEET_GENERATED','Create'),(311,56,'TRIPSHEET','2013-09-11 12:25:27',1,'EMPTY','TRIPSHEET_GENERATED','Create'),(312,57,'TRIPSHEET','2013-09-11 12:25:27',1,'EMPTY','TRIPSHEET_GENERATED','Create'),(313,58,'TRIPSHEET','2013-09-11 12:25:39',1,'EMPTY','TRIPSHEET_GENERATED','Create'),(314,59,'TRIPSHEET','2013-09-11 12:25:39',1,'EMPTY','TRIPSHEET_GENERATED','Create'),(315,60,'TRIPSHEET','2013-09-11 12:25:39',1,'EMPTY','TRIPSHEET_GENERATED','Create'),(316,61,'TRIPSHEET','2013-09-11 12:25:39',1,'EMPTY','TRIPSHEET_GENERATED','Create'),(317,62,'TRIPSHEET','2013-09-11 12:25:39',1,'EMPTY','TRIPSHEET_GENERATED','Create'),(318,63,'TRIPSHEET','2013-09-11 12:25:39',1,'EMPTY','TRIPSHEET_GENERATED','Create'),(319,64,'TRIPSHEET','2013-09-11 12:25:39',1,'EMPTY','TRIPSHEET_GENERATED','Create'),(320,65,'TRIPSHEET','2013-09-11 12:25:39',1,'EMPTY','TRIPSHEET_GENERATED','Create'),(321,42,'TRIPSHEET','2013-09-11 12:27:15',1,'TRIPSHEET_GENERATED','TRIPSHEET_SAVED','Edit'),(322,43,'TRIPSHEET','2013-09-11 12:27:15',1,'TRIPSHEET_GENERATED','TRIPSHEET_SAVED','Edit'),(323,44,'TRIPSHEET','2013-09-11 12:27:15',1,'TRIPSHEET_GENERATED','TRIPSHEET_SAVED','Edit'),(324,45,'TRIPSHEET','2013-09-11 12:27:15',1,'TRIPSHEET_GENERATED','TRIPSHEET_SAVED','Edit'),(325,46,'TRIPSHEET','2013-09-11 12:30:36',1,'TRIPSHEET_GENERATED','TRIPSHEET_SAVED','Edit'),(326,47,'TRIPSHEET','2013-09-11 12:30:36',1,'TRIPSHEET_GENERATED','TRIPSHEET_SAVED','Edit'),(327,48,'TRIPSHEET','2013-09-11 12:30:36',1,'TRIPSHEET_GENERATED','TRIPSHEET_SAVED','Edit'),(328,49,'TRIPSHEET','2013-09-11 12:30:36',1,'TRIPSHEET_GENERATED','TRIPSHEET_SAVED','Edit'),(329,50,'TRIPSHEET','2013-09-11 12:31:32',1,'TRIPSHEET_GENERATED','TRIPSHEET_SAVED','Edit'),(330,51,'TRIPSHEET','2013-09-11 12:31:32',1,'TRIPSHEET_GENERATED','TRIPSHEET_SAVED','Edit'),(331,52,'TRIPSHEET','2013-09-11 12:31:32',1,'TRIPSHEET_GENERATED','TRIPSHEET_SAVED','Edit'),(332,53,'TRIPSHEET','2013-09-11 12:31:32',1,'TRIPSHEET_GENERATED','TRIPSHEET_SAVED','Edit'),(333,54,'TRIPSHEET','2013-09-11 12:32:06',1,'TRIPSHEET_GENERATED','TRIPSHEET_SAVED','Edit'),(334,55,'TRIPSHEET','2013-09-11 12:32:06',1,'TRIPSHEET_GENERATED','TRIPSHEET_SAVED','Edit'),(335,56,'TRIPSHEET','2013-09-11 12:32:06',1,'TRIPSHEET_GENERATED','TRIPSHEET_SAVED','Edit'),(336,57,'TRIPSHEET','2013-09-11 12:32:06',1,'TRIPSHEET_GENERATED','TRIPSHEET_SAVED','Edit'),(337,58,'TRIPSHEET','2013-09-11 12:32:53',1,'TRIPSHEET_GENERATED','TRIPSHEET_SAVED','Edit'),(338,59,'TRIPSHEET','2013-09-11 12:32:53',1,'TRIPSHEET_GENERATED','TRIPSHEET_SAVED','Edit'),(339,60,'TRIPSHEET','2013-09-11 12:32:53',1,'TRIPSHEET_GENERATED','TRIPSHEET_SAVED','Edit'),(340,61,'TRIPSHEET','2013-09-11 12:32:53',1,'TRIPSHEET_GENERATED','TRIPSHEET_SAVED','Edit'),(341,62,'TRIPSHEET','2013-09-11 12:33:26',1,'TRIPSHEET_GENERATED','TRIPSHEET_SAVED','Edit'),(342,63,'TRIPSHEET','2013-09-11 12:33:26',1,'TRIPSHEET_GENERATED','TRIPSHEET_SAVED','Edit'),(343,64,'TRIPSHEET','2013-09-11 12:33:26',1,'TRIPSHEET_GENERATED','TRIPSHEET_SAVED','Edit'),(344,65,'TRIPSHEET','2013-09-11 12:33:26',1,'TRIPSHEET_GENERATED','TRIPSHEET_SAVED','Edit'),(345,58,'VENDOR_TRACKING','2013-09-12 23:14:51',2,'VENDOR_APPROVED','VENDOR_APPROVED','Edit'),(346,50,'VENDOR_TRACKING','2013-09-12 23:15:40',2,'VENDOR_APPROVED','VENDOR_APPROVED','Edit'),(347,46,'VENDOR_TRACKING','2013-09-12 23:16:03',2,'VENDOR_APPROVED','VENDOR_APPROVED','Edit'),(348,58,'TRANS_ADMIN_TRACKING','2013-09-12 23:21:54',1,'SENT_FOR_APPROVAL','TRANS_ADMIN_APPROVED','Edit'),(349,50,'TRANS_ADMIN_TRACKING','2013-09-12 23:22:26',1,'SENT_FOR_APPROVAL','TRANS_ADMIN_APPROVED','Edit'),(350,46,'TRANS_ADMIN_TRACKING','2013-09-12 23:22:58',1,'SENT_FOR_APPROVAL','TRANS_ADMIN_APPROVED','Edit'),(351,29,'EMP_SCHEDULE','2013-10-07 12:27:10',1,'EMPTY','EMP_SCHEDULED','Create'),(352,30,'EMP_SCHEDULE','2013-10-07 12:27:11',1,'EMPTY','EMP_SCHEDULED','Create'),(353,31,'EMP_SCHEDULE','2013-10-07 12:27:11',1,'EMPTY','EMP_SCHEDULED','Create'),(354,32,'EMP_SCHEDULE','2013-10-07 12:27:11',1,'EMPTY','EMP_SCHEDULED','Create'),(355,33,'EMP_SCHEDULE','2013-10-07 12:27:11',1,'EMPTY','EMP_SCHEDULED','Create'),(356,34,'EMP_SCHEDULE','2013-10-07 12:31:04',1,'EMPTY','EMP_SCHEDULED','Create'),(357,35,'EMP_SCHEDULE','2013-10-07 12:31:04',1,'EMPTY','EMP_SCHEDULED','Create'),(358,36,'EMP_SCHEDULE','2013-10-07 12:31:04',1,'EMPTY','EMP_SCHEDULED','Create'),(359,37,'EMP_SCHEDULE','2013-10-07 12:31:04',1,'EMPTY','EMP_SCHEDULED','Create'),(360,66,'TRIPSHEET','2013-10-07 12:32:27',1,'EMPTY','TRIPSHEET_GENERATED','Create'),(361,67,'TRIPSHEET','2013-10-07 12:32:27',1,'EMPTY','TRIPSHEET_GENERATED','Create'),(362,68,'TRIPSHEET','2013-10-07 12:33:27',1,'EMPTY','TRIPSHEET_GENERATED','Create'),(363,69,'TRIPSHEET','2013-10-07 12:33:27',1,'EMPTY','TRIPSHEET_GENERATED','Create'),(364,70,'TRIPSHEET','2013-10-07 12:33:27',1,'EMPTY','TRIPSHEET_GENERATED','Create'),(365,68,'TRIPSHEET','2013-10-07 12:34:54',1,'TRIPSHEET_GENERATED','TRIPSHEET_SAVED','Edit'),(366,69,'TRIPSHEET','2013-10-07 12:34:54',1,'TRIPSHEET_GENERATED','TRIPSHEET_SAVED','Edit'),(367,70,'TRIPSHEET','2013-10-07 12:34:54',1,'TRIPSHEET_GENERATED','TRIPSHEET_SAVED','Edit'),(368,71,'TRIPSHEET','2013-10-11 06:55:23',1,'EMPTY','TRIPSHEET_GENERATED','Create'),(369,72,'TRIPSHEET','2013-10-11 06:55:23',1,'EMPTY','TRIPSHEET_GENERATED','Create'),(370,73,'TRIPSHEET','2013-10-11 06:55:23',1,'EMPTY','TRIPSHEET_GENERATED','Create'),(371,74,'TRIPSHEET','2013-10-11 06:55:23',1,'EMPTY','TRIPSHEET_GENERATED','Create'),(372,75,'TRIPSHEET','2013-10-11 06:55:23',1,'EMPTY','TRIPSHEET_GENERATED','Create'),(373,76,'TRIPSHEET','2013-10-11 06:55:23',1,'EMPTY','TRIPSHEET_GENERATED','Create'),(374,71,'TRIPSHEET','2013-10-11 06:56:24',1,'TRIPSHEET_GENERATED','TRIPSHEET_SAVED','Edit'),(375,72,'TRIPSHEET','2013-10-11 06:56:24',1,'TRIPSHEET_GENERATED','TRIPSHEET_SAVED','Edit'),(376,73,'TRIPSHEET','2013-10-11 06:56:24',1,'TRIPSHEET_GENERATED','TRIPSHEET_SAVED','Edit'),(377,77,'TRIPSHEET','2013-10-15 11:25:55',1,'EMPTY','TRIPSHEET_GENERATED','Create'),(378,78,'TRIPSHEET','2013-10-15 11:25:56',1,'EMPTY','TRIPSHEET_GENERATED','Create'),(379,79,'TRIPSHEET','2013-10-15 11:25:56',1,'EMPTY','TRIPSHEET_GENERATED','Create'),(380,80,'TRIPSHEET','2013-10-15 11:25:56',1,'EMPTY','TRIPSHEET_GENERATED','Create'),(381,77,'TRIPSHEET','2013-10-15 11:26:38',1,'TRIPSHEET_GENERATED','TRIPSHEET_SAVED','Edit'),(382,78,'TRIPSHEET','2013-10-15 11:26:38',1,'TRIPSHEET_GENERATED','TRIPSHEET_SAVED','Edit'),(383,79,'TRIPSHEET','2013-10-15 11:29:31',1,'TRIPSHEET_GENERATED','TRIPSHEET_SAVED','Edit'),(384,80,'TRIPSHEET','2013-10-15 11:29:31',1,'TRIPSHEET_GENERATED','TRIPSHEET_SAVED','Edit'),(385,81,'TRIPSHEET','2013-10-15 11:30:10',1,'EMPTY','TRIPSHEET_GENERATED','Create'),(386,82,'TRIPSHEET','2013-10-15 11:30:10',1,'EMPTY','TRIPSHEET_GENERATED','Create'),(387,83,'TRIPSHEET','2013-10-15 11:30:10',1,'EMPTY','TRIPSHEET_GENERATED','Create'),(388,84,'TRIPSHEET','2013-10-15 11:30:10',1,'EMPTY','TRIPSHEET_GENERATED','Create'),(389,85,'TRIPSHEET','2013-10-15 11:30:10',1,'EMPTY','TRIPSHEET_GENERATED','Create'),(390,86,'TRIPSHEET','2013-10-15 11:30:10',1,'EMPTY','TRIPSHEET_GENERATED','Create'),(391,81,'TRIPSHEET','2013-10-15 11:30:32',1,'TRIPSHEET_GENERATED','TRIPSHEET_SAVED','Edit'),(392,82,'TRIPSHEET','2013-10-15 11:30:32',1,'TRIPSHEET_GENERATED','TRIPSHEET_SAVED','Edit'),(393,83,'TRIPSHEET','2013-10-15 11:30:32',1,'TRIPSHEET_GENERATED','TRIPSHEET_SAVED','Edit'),(394,84,'TRIPSHEET','2013-10-15 11:31:16',1,'TRIPSHEET_GENERATED','TRIPSHEET_SAVED','Edit'),(395,85,'TRIPSHEET','2013-10-15 11:31:16',1,'TRIPSHEET_GENERATED','TRIPSHEET_SAVED','Edit'),(396,86,'TRIPSHEET','2013-10-15 11:31:16',1,'TRIPSHEET_GENERATED','TRIPSHEET_SAVED','Edit'),(397,64,'APL','2013-10-15 12:05:22',1,'EMPTY','LANDMARK_ADDED','Create'),(398,65,'APL','2013-10-15 12:11:00',1,'EMPTY','LANDMARK_ADDED','Create'),(399,65,'APL','2013-10-15 12:11:39',1,'LANDMARK_ADDED','LANDMARK_EDITED','Edit'),(400,66,'APL','2013-10-15 12:57:38',1,'EMPTY','LANDMARK_ADDED','Create'),(401,67,'APL','2013-10-15 13:01:57',1,'EMPTY','LANDMARK_ADDED','Create'),(402,68,'APL','2013-10-15 14:19:25',1,'EMPTY','LANDMARK_ADDED','Create'),(403,69,'APL','2013-10-15 14:53:23',1,'EMPTY','LANDMARK_ADDED','Create'),(404,70,'APL','2013-10-15 15:33:28',1,'EMPTY','LANDMARK_ADDED','Create'),(405,87,'TRIPSHEET','2013-10-15 16:42:28',1,'EMPTY','TRIPSHEET_GENERATED','Create'),(406,88,'TRIPSHEET','2013-10-15 16:42:28',1,'EMPTY','TRIPSHEET_GENERATED','Create'),(407,89,'TRIPSHEET','2013-10-15 16:42:28',1,'EMPTY','TRIPSHEET_GENERATED','Create'),(408,90,'TRIPSHEET','2013-10-15 16:42:29',1,'EMPTY','TRIPSHEET_GENERATED','Create'),(409,91,'TRIPSHEET','2013-10-15 16:42:29',1,'EMPTY','TRIPSHEET_GENERATED','Create'),(410,92,'TRIPSHEET','2013-10-15 16:42:29',1,'EMPTY','TRIPSHEET_GENERATED','Create'),(411,87,'TRIPSHEET','2013-10-15 16:43:11',1,'TRIPSHEET_GENERATED','TRIPSHEET_SAVED','Edit'),(412,88,'TRIPSHEET','2013-10-15 16:43:11',1,'TRIPSHEET_GENERATED','TRIPSHEET_SAVED','Edit'),(413,89,'TRIPSHEET','2013-10-15 16:43:11',1,'TRIPSHEET_GENERATED','TRIPSHEET_SAVED','Edit'),(414,71,'VENDOR_TRACKING','2013-10-17 14:32:52',6,'VENDOR_APPROVED','VENDOR_APPROVED','Edit'),(415,71,'VENDOR_TRACKING','2013-10-17 14:33:59',6,'VENDOR_APPROVED','VENDOR_APPROVED','Edit'),(416,71,'VENDOR_TRACKING','2013-10-17 14:33:59',6,'VENDOR_APPROVED','SENT_FOR_APPROVAL','Edit'),(417,71,'TRANS_ADMIN_TRACKING','2013-10-17 14:33:59',6,'SENT_FOR_APPROVAL','SENT_FOR_APPROVAL','Create'),(418,93,'TRIPSHEET','2013-10-17 15:08:27',1,'EMPTY','TRIPSHEET_GENERATED','Create'),(419,94,'TRIPSHEET','2013-10-17 15:08:27',1,'EMPTY','TRIPSHEET_GENERATED','Create'),(420,95,'TRIPSHEET','2013-10-17 15:08:27',1,'EMPTY','TRIPSHEET_GENERATED','Create'),(421,96,'TRIPSHEET','2013-10-17 15:08:27',1,'EMPTY','TRIPSHEET_GENERATED','Create'),(422,97,'TRIPSHEET','2013-10-17 15:08:27',1,'EMPTY','TRIPSHEET_GENERATED','Create'),(423,98,'TRIPSHEET','2013-10-17 15:08:27',1,'EMPTY','TRIPSHEET_GENERATED','Create'),(424,77,'VENDOR_TRACKING','2013-10-17 15:51:30',6,'EMPTY','VENDOR_APPROVED','Create'),(425,71,'VENDOR_TRACKING','2013-10-17 15:55:52',2,'VENDOR_APPROVED','VENDOR_APPROVED','Edit'),(426,73,'VENDOR_TRACKING','2013-10-17 15:56:03',2,'VENDOR_APPROVED','VENDOR_APPROVED','Edit'),(427,68,'VENDOR_TRACKING','2013-10-17 16:06:32',2,'VENDOR_APPROVED','VENDOR_APPROVED','Edit'),(428,71,'TRANS_ADMIN_TRACKING','2013-10-17 16:07:57',1,'SENT_FOR_APPROVAL','TRANS_ADMIN_APPROVED','Edit'),(429,73,'TRANS_ADMIN_TRACKING','2013-10-17 16:08:21',1,'SENT_FOR_APPROVAL','TRANS_ADMIN_REJECTED','Edit'),(430,68,'TRANS_ADMIN_TRACKING','2013-10-17 16:11:16',1,'SENT_FOR_APPROVAL','TRANS_ADMIN_REJECTED','Edit'),(431,68,'VENDOR_TRACKING','2013-10-17 16:14:16',2,'VENDOR_APPROVED','VENDOR_APPROVED','Edit'),(432,68,'TRANS_ADMIN_TRACKING','2013-10-17 16:15:48',1,'SENT_FOR_APPROVAL','TRANS_ADMIN_APPROVED','Edit'),(433,73,'VENDOR_TRACKING','2013-10-17 16:19:00',2,'VENDOR_APPROVED','VENDOR_APPROVED','Edit'),(434,96,'TRIPSHEET','2013-10-18 14:45:10',1,'TRIPSHEET_GENERATED','TRIPSHEET_SAVED','Edit'),(435,97,'TRIPSHEET','2013-10-18 14:45:11',1,'TRIPSHEET_GENERATED','TRIPSHEET_SAVED','Edit'),(436,98,'TRIPSHEET','2013-10-18 14:45:11',1,'TRIPSHEET_GENERATED','TRIPSHEET_SAVED','Edit'),(437,99,'TRIPSHEET','2013-10-21 11:26:49',1,'EMPTY','TRIPSHEET_GENERATED','Create'),(438,100,'TRIPSHEET','2013-10-21 11:26:49',1,'EMPTY','TRIPSHEET_GENERATED','Create'),(439,101,'TRIPSHEET','2013-10-21 11:26:49',1,'EMPTY','TRIPSHEET_GENERATED','Create'),(440,99,'TRIPSHEET','2013-10-21 11:28:04',1,'TRIPSHEET_GENERATED','TRIPSHEET_SAVED','Edit'),(441,100,'TRIPSHEET','2013-10-21 11:28:04',1,'TRIPSHEET_GENERATED','TRIPSHEET_SAVED','Edit'),(442,101,'TRIPSHEET','2013-10-21 11:28:04',1,'TRIPSHEET_GENERATED','TRIPSHEET_SAVED','Edit'),(443,99,'TRIPSHEET','2013-10-21 11:28:09',1,'TRIPSHEET_GENERATED','TRIPSHEET_SAVED','Edit'),(444,100,'TRIPSHEET','2013-10-21 11:28:09',1,'TRIPSHEET_GENERATED','TRIPSHEET_SAVED','Edit'),(445,101,'TRIPSHEET','2013-10-21 11:28:09',1,'TRIPSHEET_GENERATED','TRIPSHEET_SAVED','Edit'),(446,102,'TRIPSHEET','2013-10-21 12:30:25',1,'EMPTY','TRIPSHEET_GENERATED','Create'),(447,103,'TRIPSHEET','2013-10-21 12:30:26',1,'EMPTY','TRIPSHEET_GENERATED','Create'),(448,104,'TRIPSHEET','2013-10-21 12:30:26',1,'EMPTY','TRIPSHEET_GENERATED','Create'),(449,105,'TRIPSHEET','2013-10-21 12:30:26',1,'EMPTY','TRIPSHEET_GENERATED','Create'),(450,106,'TRIPSHEET','2013-10-21 12:30:26',1,'EMPTY','TRIPSHEET_GENERATED','Create'),(451,107,'TRIPSHEET','2013-10-21 12:30:26',1,'EMPTY','TRIPSHEET_GENERATED','Create'),(452,105,'TRIPSHEET','2013-10-21 12:30:50',1,'TRIPSHEET_GENERATED','TRIPSHEET_SAVED','Edit'),(453,106,'TRIPSHEET','2013-10-21 12:30:50',1,'TRIPSHEET_GENERATED','TRIPSHEET_SAVED','Edit'),(454,107,'TRIPSHEET','2013-10-21 12:30:50',1,'TRIPSHEET_GENERATED','TRIPSHEET_SAVED','Edit'),(455,102,'TRIPSHEET','2013-10-21 12:31:13',1,'TRIPSHEET_GENERATED','TRIPSHEET_SAVED','Edit'),(456,103,'TRIPSHEET','2013-10-21 12:31:13',1,'TRIPSHEET_GENERATED','TRIPSHEET_SAVED','Edit'),(457,104,'TRIPSHEET','2013-10-21 12:31:13',1,'TRIPSHEET_GENERATED','TRIPSHEET_SAVED','Edit'),(458,108,'TRIPSHEET','2013-10-24 13:06:21',1,'EMPTY','TRIPSHEET_GENERATED','Create'),(459,109,'TRIPSHEET','2013-10-24 13:06:21',1,'EMPTY','TRIPSHEET_GENERATED','Create'),(460,110,'TRIPSHEET','2013-10-24 13:06:21',1,'EMPTY','TRIPSHEET_GENERATED','Create'),(461,111,'TRIPSHEET','2013-10-24 13:06:21',1,'EMPTY','TRIPSHEET_GENERATED','Create'),(462,112,'TRIPSHEET','2013-10-24 13:06:21',1,'EMPTY','TRIPSHEET_GENERATED','Create'),(463,113,'TRIPSHEET','2013-10-24 13:06:21',1,'EMPTY','TRIPSHEET_GENERATED','Create'),(464,108,'TRIPSHEET','2013-10-24 13:07:49',1,'TRIPSHEET_GENERATED','TRIPSHEET_SAVED','Edit'),(465,109,'TRIPSHEET','2013-10-24 13:07:49',1,'TRIPSHEET_GENERATED','TRIPSHEET_SAVED','Edit'),(466,110,'TRIPSHEET','2013-10-24 13:07:49',1,'TRIPSHEET_GENERATED','TRIPSHEET_SAVED','Edit'),(467,111,'TRIPSHEET','2013-10-24 13:08:57',1,'TRIPSHEET_GENERATED','TRIPSHEET_SAVED','Edit'),(468,112,'TRIPSHEET','2013-10-24 13:08:57',1,'TRIPSHEET_GENERATED','TRIPSHEET_SAVED','Edit'),(469,113,'TRIPSHEET','2013-10-24 13:08:57',1,'TRIPSHEET_GENERATED','TRIPSHEET_SAVED','Edit'),(470,103,'VENDOR_TRACKING','2013-10-24 14:19:39',6,'EMPTY','VENDOR_APPROVED','Create'),(471,103,'VENDOR_TRACKING','2013-10-24 14:21:09',6,'VENDOR_APPROVED','VENDOR_APPROVED','Edit'),(472,103,'VENDOR_TRACKING','2013-10-24 14:22:26',6,'VENDOR_APPROVED','VENDOR_APPROVED','Edit'),(473,103,'VENDOR_TRACKING','2013-10-24 14:36:30',6,'VENDOR_APPROVED','VENDOR_APPROVED','Edit'),(474,103,'VENDOR_TRACKING','2013-10-24 14:37:23',6,'VENDOR_APPROVED','VENDOR_APPROVED','Edit'),(475,103,'VENDOR_TRACKING','2013-10-24 14:39:48',6,'VENDOR_APPROVED','VENDOR_APPROVED','Edit'),(476,114,'TRIPSHEET','2013-10-25 18:39:35',1,'EMPTY','TRIPSHEET_GENERATED','Create'),(477,115,'TRIPSHEET','2013-10-25 18:39:35',1,'EMPTY','TRIPSHEET_GENERATED','Create'),(478,116,'TRIPSHEET','2013-10-25 18:39:35',1,'EMPTY','TRIPSHEET_GENERATED','Create'),(479,117,'TRIPSHEET','2013-10-25 18:39:35',1,'EMPTY','TRIPSHEET_GENERATED','Create'),(480,118,'TRIPSHEET','2013-10-25 18:39:35',1,'EMPTY','TRIPSHEET_GENERATED','Create'),(481,119,'TRIPSHEET','2013-10-25 18:39:35',1,'EMPTY','TRIPSHEET_GENERATED','Create'),(482,114,'TRIPSHEET','2013-10-25 18:40:14',1,'TRIPSHEET_GENERATED','TRIPSHEET_SAVED','Edit'),(483,115,'TRIPSHEET','2013-10-25 18:40:14',1,'TRIPSHEET_GENERATED','TRIPSHEET_SAVED','Edit'),(484,116,'TRIPSHEET','2013-10-25 18:40:14',1,'TRIPSHEET_GENERATED','TRIPSHEET_SAVED','Edit'),(485,117,'TRIPSHEET','2013-10-25 18:41:16',1,'TRIPSHEET_GENERATED','TRIPSHEET_SAVED','Edit'),(486,118,'TRIPSHEET','2013-10-25 18:41:16',1,'TRIPSHEET_GENERATED','TRIPSHEET_SAVED','Edit'),(487,119,'TRIPSHEET','2013-10-25 18:41:16',1,'TRIPSHEET_GENERATED','TRIPSHEET_SAVED','Edit'),(488,120,'TRIPSHEET','2013-10-29 16:00:06',1,'EMPTY','TRIPSHEET_GENERATED','Create'),(489,121,'TRIPSHEET','2013-10-29 16:00:06',1,'EMPTY','TRIPSHEET_GENERATED','Create'),(490,122,'TRIPSHEET','2013-10-29 16:00:07',1,'EMPTY','TRIPSHEET_GENERATED','Create'),(491,123,'TRIPSHEET','2013-10-29 16:00:07',1,'EMPTY','TRIPSHEET_GENERATED','Create'),(492,120,'TRIPSHEET','2013-10-29 16:01:07',1,'TRIPSHEET_GENERATED','TRIPSHEET_SAVED','Edit'),(493,121,'TRIPSHEET','2013-10-29 16:01:07',1,'TRIPSHEET_GENERATED','TRIPSHEET_SAVED','Edit'),(494,122,'TRIPSHEET','2013-10-29 16:01:57',1,'TRIPSHEET_GENERATED','TRIPSHEET_SAVED','Edit'),(495,123,'TRIPSHEET','2013-10-29 16:01:57',1,'TRIPSHEET_GENERATED','TRIPSHEET_SAVED','Edit'),(496,38,'EMP_SCHEDULE','2013-11-12 16:03:24',1,'EMPTY','EMP_SCHEDULED','Create'),(497,39,'EMP_SCHEDULE','2013-11-12 16:03:24',1,'EMPTY','EMP_SCHEDULED','Create'),(498,40,'EMP_SCHEDULE','2013-11-12 16:03:24',1,'EMPTY','EMP_SCHEDULED','Create'),(499,41,'EMP_SCHEDULE','2013-11-12 16:03:24',1,'EMPTY','EMP_SCHEDULED','Create'),(500,42,'EMP_SCHEDULE','2013-11-12 16:03:24',1,'EMPTY','EMP_SCHEDULED','Create'),(501,43,'EMP_SCHEDULE','2013-11-12 16:03:24',1,'EMPTY','EMP_SCHEDULED','Create'),(502,44,'EMP_SCHEDULE','2013-11-12 16:03:24',1,'EMPTY','EMP_SCHEDULED','Create'),(503,45,'EMP_SCHEDULE','2013-11-12 16:03:24',1,'EMPTY','EMP_SCHEDULED','Create'),(504,46,'EMP_SCHEDULE','2013-11-12 16:03:24',1,'EMPTY','EMP_SCHEDULED','Create'),(505,124,'TRIPSHEET','2013-11-25 16:22:15',1,'EMPTY','TRIPSHEET_GENERATED','Create'),(506,125,'TRIPSHEET','2013-11-25 16:22:15',1,'EMPTY','TRIPSHEET_GENERATED','Create'),(507,126,'TRIPSHEET','2013-11-25 16:24:36',1,'EMPTY','TRIPSHEET_GENERATED','Create'),(508,127,'TRIPSHEET','2013-11-25 16:24:36',1,'EMPTY','TRIPSHEET_GENERATED','Create'),(509,128,'TRIPSHEET','2013-11-25 16:27:58',1,'EMPTY','TRIPSHEET_GENERATED','Create'),(510,129,'TRIPSHEET','2013-11-25 16:27:58',1,'EMPTY','TRIPSHEET_GENERATED','Create'),(511,130,'TRIPSHEET','2013-11-25 16:31:13',1,'EMPTY','TRIPSHEET_GENERATED','Create'),(512,131,'TRIPSHEET','2013-11-25 16:31:13',1,'EMPTY','TRIPSHEET_GENERATED','Create'),(513,130,'TRIPSHEET','2013-11-25 16:42:45',1,'TRIPSHEET_GENERATED','TRIPSHEET_SAVED','Edit'),(514,131,'TRIPSHEET','2013-11-25 16:42:45',1,'TRIPSHEET_GENERATED','TRIPSHEET_SAVED','Edit'),(515,132,'TRIPSHEET','2013-11-26 12:19:29',6,'EMPTY','TRIPSHEET_GENERATED','Create'),(516,133,'TRIPSHEET','2013-11-26 12:19:29',6,'EMPTY','TRIPSHEET_GENERATED','Create'),(517,132,'TRIPSHEET','2013-11-26 12:20:08',6,'TRIPSHEET_GENERATED','TRIPSHEET_SAVED','Edit'),(518,133,'TRIPSHEET','2013-11-26 12:20:08',6,'TRIPSHEET_GENERATED','TRIPSHEET_SAVED','Edit'),(519,47,'EMP_SCHEDULE','2013-12-01 14:40:22',1,'EMPTY','EMP_SCHEDULED','Create'),(520,48,'EMP_SCHEDULE','2013-12-01 14:40:22',1,'EMPTY','EMP_SCHEDULED','Create'),(521,49,'EMP_SCHEDULE','2013-12-01 14:40:22',1,'EMPTY','EMP_SCHEDULED','Create'),(522,50,'EMP_SCHEDULE','2013-12-01 14:40:22',1,'EMPTY','EMP_SCHEDULED','Create'),(523,51,'EMP_SCHEDULE','2013-12-01 14:40:22',1,'EMPTY','EMP_SCHEDULED','Create'),(524,52,'EMP_SCHEDULE','2013-12-01 14:40:22',1,'EMPTY','EMP_SCHEDULED','Create'),(525,53,'EMP_SCHEDULE','2013-12-01 14:40:22',1,'EMPTY','EMP_SCHEDULED','Create'),(526,54,'EMP_SCHEDULE','2013-12-01 14:40:22',1,'EMPTY','EMP_SCHEDULED','Create'),(527,134,'TRIPSHEET','2013-12-01 15:02:36',1,'EMPTY','TRIPSHEET_GENERATED','Create'),(528,135,'TRIPSHEET','2013-12-01 15:02:37',1,'EMPTY','TRIPSHEET_GENERATED','Create'),(529,136,'TRIPSHEET','2013-12-01 15:02:37',1,'EMPTY','TRIPSHEET_GENERATED','Create'),(530,134,'TRIPSHEET','2013-12-01 15:03:59',1,'TRIPSHEET_GENERATED','TRIPSHEET_SAVED','Edit'),(531,135,'TRIPSHEET','2013-12-01 15:03:59',1,'TRIPSHEET_GENERATED','TRIPSHEET_SAVED','Edit'),(532,136,'TRIPSHEET','2013-12-01 15:03:59',1,'TRIPSHEET_GENERATED','TRIPSHEET_SAVED','Edit'),(533,61,'VIEW MANAGMENT','2014-04-04 15:51:04',1,'EMPTY','VIEW_CREATED','Create'),(534,62,'VIEW MANAGMENT','2014-04-04 15:55:03',1,'EMPTY','VIEW_CREATED','Create'),(535,63,'VIEW MANAGMENT','2014-04-04 16:01:35',1,'EMPTY','VIEW_CREATED','Create'),(536,64,'VIEW MANAGMENT','2014-04-04 16:12:34',1,'EMPTY','VIEW_CREATED','Create'),(537,65,'VIEW MANAGMENT','2014-04-04 16:17:35',1,'EMPTY','VIEW_CREATED','Create'),(538,66,'VIEW MANAGMENT','2014-04-04 16:26:34',1,'EMPTY','VIEW_CREATED','Create'),(539,55,'EMP_SCHEDULE','2014-04-07 12:52:44',1,'EMPTY','EMP_SCHEDULED','Create'),(540,56,'EMP_SCHEDULE','2014-04-07 12:52:44',1,'EMPTY','EMP_SCHEDULED','Create'),(541,57,'EMP_SCHEDULE','2014-04-07 12:52:44',1,'EMPTY','EMP_SCHEDULED','Create'),(542,58,'EMP_SCHEDULE','2014-04-07 12:52:44',1,'EMPTY','EMP_SCHEDULED','Create'),(543,59,'EMP_SCHEDULE','2014-04-07 12:52:44',1,'EMPTY','EMP_SCHEDULED','Create'),(544,60,'EMP_SCHEDULE','2014-04-07 12:52:44',1,'EMPTY','EMP_SCHEDULED','Create'),(545,61,'EMP_SCHEDULE','2014-04-07 12:52:44',1,'EMPTY','EMP_SCHEDULED','Create'),(546,62,'EMP_SCHEDULE','2014-04-07 12:52:44',1,'EMPTY','EMP_SCHEDULED','Create'),(547,63,'EMP_SCHEDULE','2014-04-07 12:52:44',1,'EMPTY','EMP_SCHEDULED','Create'),(548,1,'EMP_SCHEDULE','2014-04-07 12:52:44',1,'EMP_SCHEDULED','EMP_SCHEDULE_ALTERED','Edit'),(549,2,'EMP_SCHEDULE','2014-04-07 12:52:44',1,'EMP_SCHEDULED','EMP_SCHEDULE_ALTERED','Edit'),(550,3,'EMP_SCHEDULE','2014-04-07 12:52:44',1,'EMP_SCHEDULED','EMP_SCHEDULE_ALTERED','Edit'),(551,4,'EMP_SCHEDULE','2014-04-07 12:52:44',1,'EMP_SCHEDULED','EMP_SCHEDULE_ALTERED','Edit'),(552,5,'EMP_SCHEDULE','2014-04-07 12:52:44',1,'EMP_SCHEDULED','EMP_SCHEDULE_ALTERED','Edit'),(553,6,'EMP_SCHEDULE','2014-04-07 12:52:44',1,'EMP_SCHEDULED','EMP_SCHEDULE_ALTERED','Edit'),(554,7,'EMP_SCHEDULE','2014-04-07 12:52:44',1,'EMP_SCHEDULED','EMP_SCHEDULE_ALTERED','Edit'),(555,8,'EMP_SCHEDULE','2014-04-07 12:52:44',1,'EMP_SCHEDULED','EMP_SCHEDULE_ALTERED','Edit'),(556,9,'EMP_SCHEDULE','2014-04-07 12:52:44',1,'EMP_SCHEDULED','EMP_SCHEDULE_ALTERED','Edit'),(557,10,'EMP_SCHEDULE','2014-04-07 12:52:44',1,'EMP_SCHEDULED','EMP_SCHEDULE_ALTERED','Edit'),(558,11,'EMP_SCHEDULE','2014-04-07 12:52:44',1,'EMP_SCHEDULED','EMP_SCHEDULE_ALTERED','Edit'),(559,12,'EMP_SCHEDULE','2014-04-07 12:52:44',1,'EMP_SCHEDULED','EMP_SCHEDULE_ALTERED','Edit'),(560,13,'EMP_SCHEDULE','2014-04-07 12:52:44',1,'EMP_SCHEDULED','EMP_SCHEDULE_ALTERED','Edit'),(561,14,'EMP_SCHEDULE','2014-04-07 12:52:44',1,'EMP_SCHEDULED','EMP_SCHEDULE_ALTERED','Edit'),(562,15,'EMP_SCHEDULE','2014-04-07 12:52:44',1,'EMP_SCHEDULED','EMP_SCHEDULE_ALTERED','Edit'),(563,16,'EMP_SCHEDULE','2014-04-07 12:52:44',1,'EMP_SCHEDULED','EMP_SCHEDULE_ALTERED','Edit'),(564,17,'EMP_SCHEDULE','2014-04-07 12:52:45',1,'EMP_SCHEDULED','EMP_SCHEDULE_ALTERED','Edit'),(565,18,'EMP_SCHEDULE','2014-04-07 12:52:45',1,'EMP_SCHEDULED','EMP_SCHEDULE_ALTERED','Edit'),(566,137,'TRIPSHEET','2014-04-07 12:53:03',1,'EMPTY','TRIPSHEET_GENERATED','Create'),(567,138,'TRIPSHEET','2014-04-07 12:53:03',1,'EMPTY','TRIPSHEET_GENERATED','Create'),(568,139,'TRIPSHEET','2014-04-07 12:53:04',1,'EMPTY','TRIPSHEET_GENERATED','Create'),(569,140,'TRIPSHEET','2014-04-07 12:53:04',1,'EMPTY','TRIPSHEET_GENERATED','Create'),(570,137,'TRIPSHEET','2014-04-07 12:53:44',1,'TRIPSHEET_GENERATED','TRIPSHEET_SAVED','Edit'),(571,138,'TRIPSHEET','2014-04-07 12:53:44',1,'TRIPSHEET_GENERATED','TRIPSHEET_SAVED','Edit'),(572,141,'TRIPSHEET','2014-04-07 12:54:48',1,'EMPTY','TRIPSHEET_GENERATED','Create'),(573,142,'TRIPSHEET','2014-04-07 12:54:48',1,'EMPTY','TRIPSHEET_GENERATED','Create'),(574,141,'TRIPSHEET','2014-04-07 12:56:00',1,'TRIPSHEET_GENERATED','TRIPSHEET_SAVED','Edit'),(575,142,'TRIPSHEET','2014-04-07 12:56:00',1,'TRIPSHEET_GENERATED','TRIPSHEET_SAVED','Edit'),(576,62,'VIEW MANAGMENT','2014-04-07 13:24:46',1,'EMPTY','VIEW_CREATED','Create'),(577,63,'VIEW MANAGMENT','2014-04-07 13:26:14',1,'EMPTY','VIEW_CREATED','Create'),(578,64,'VIEW MANAGMENT','2014-04-07 13:27:15',1,'EMPTY','VIEW_CREATED','Create'),(579,137,'VENDOR_TRACKING','2014-04-08 15:14:55',6,'VENDOR_APPROVED','VENDOR_APPROVED','Edit'),(580,138,'VENDOR_TRACKING','2014-04-08 15:14:55',6,'VENDOR_APPROVED','VENDOR_APPROVED','Edit'),(581,141,'VENDOR_TRACKING','2014-04-08 15:14:55',6,'VENDOR_APPROVED','VENDOR_APPROVED','Edit'),(582,142,'VENDOR_TRACKING','2014-04-08 15:14:55',6,'VENDOR_APPROVED','VENDOR_APPROVED','Edit'),(583,137,'VENDOR_TRACKING','2014-04-08 15:23:13',6,'VENDOR_APPROVED','VENDOR_APPROVED','Edit'),(584,138,'VENDOR_TRACKING','2014-04-08 15:23:13',6,'VENDOR_APPROVED','VENDOR_APPROVED','Edit'),(585,141,'VENDOR_TRACKING','2014-04-08 15:23:13',6,'VENDOR_APPROVED','VENDOR_APPROVED','Edit'),(586,142,'VENDOR_TRACKING','2014-04-08 15:23:13',6,'VENDOR_APPROVED','VENDOR_APPROVED','Edit'),(587,137,'VENDOR_TRACKING','2014-04-08 15:27:58',6,'VENDOR_APPROVED','VENDOR_APPROVED','Edit'),(588,138,'VENDOR_TRACKING','2014-04-08 15:27:58',6,'VENDOR_APPROVED','VENDOR_APPROVED','Edit'),(589,141,'VENDOR_TRACKING','2014-04-08 15:27:58',6,'VENDOR_APPROVED','VENDOR_APPROVED','Edit'),(590,142,'VENDOR_TRACKING','2014-04-08 15:27:58',6,'VENDOR_APPROVED','VENDOR_APPROVED','Edit'),(591,137,'VENDOR_TRACKING','2014-04-08 15:29:04',6,'VENDOR_APPROVED','VENDOR_APPROVED','Edit'),(592,138,'VENDOR_TRACKING','2014-04-08 15:29:04',6,'VENDOR_APPROVED','VENDOR_APPROVED','Edit'),(593,141,'VENDOR_TRACKING','2014-04-08 15:29:04',6,'VENDOR_APPROVED','VENDOR_APPROVED','Edit'),(594,142,'VENDOR_TRACKING','2014-04-08 15:29:04',6,'VENDOR_APPROVED','VENDOR_APPROVED','Edit'),(595,137,'VENDOR_TRACKING','2014-04-08 15:31:17',6,'VENDOR_APPROVED','VENDOR_APPROVED','Edit'),(596,138,'VENDOR_TRACKING','2014-04-08 15:31:17',6,'VENDOR_APPROVED','VENDOR_APPROVED','Edit'),(597,141,'VENDOR_TRACKING','2014-04-08 15:31:17',6,'VENDOR_APPROVED','VENDOR_APPROVED','Edit'),(598,142,'VENDOR_TRACKING','2014-04-08 15:31:17',6,'VENDOR_APPROVED','VENDOR_APPROVED','Edit'),(599,137,'VENDOR_TRACKING','2014-04-08 15:36:19',6,'VENDOR_APPROVED','VENDOR_APPROVED','Edit'),(600,138,'VENDOR_TRACKING','2014-04-08 15:36:19',6,'VENDOR_APPROVED','VENDOR_APPROVED','Edit'),(601,141,'VENDOR_TRACKING','2014-04-08 15:36:19',6,'VENDOR_APPROVED','VENDOR_APPROVED','Edit'),(602,142,'VENDOR_TRACKING','2014-04-08 15:36:19',6,'VENDOR_APPROVED','VENDOR_APPROVED','Edit'),(603,137,'VENDOR_TRACKING','2014-04-08 15:51:24',6,'VENDOR_APPROVED','VENDOR_APPROVED','Edit'),(604,138,'VENDOR_TRACKING','2014-04-08 15:51:24',6,'VENDOR_APPROVED','VENDOR_APPROVED','Edit'),(605,141,'VENDOR_TRACKING','2014-04-08 15:51:24',6,'VENDOR_APPROVED','VENDOR_APPROVED','Edit'),(606,142,'VENDOR_TRACKING','2014-04-08 15:51:24',6,'VENDOR_APPROVED','VENDOR_APPROVED','Edit'),(607,66,'VIEW MANAGMENT','2014-04-08 15:58:03',1,'EMPTY','VIEW_CREATED','Create'),(608,2,'BILLING TYPE','2014-04-08 16:54:01',1,'EMPTY','BILLING TYPE MAPPED','Create'),(609,1,'TRIP_BASED_BILLING_MODULE','2014-04-08 17:03:43',1,'EMPTY','CREATED TRIP BASED BILLING CONFIGURATION','Create'),(610,2,'TRIP_BASED_BILLING_MODULE','2014-04-08 19:01:21',1,'EMPTY','CREATED TRIP BASED BILLING CONFIGURATION','Create'),(611,3,'BILLING TYPE','2014-04-08 19:02:18',1,'EMPTY','BILLING TYPE MAPPED','Create'),(612,1,'SLAB_BASED_BILLING_MODULE','2014-04-08 19:13:06',1,'EMPTY','SLAB_BASED_BILLING_CREATED','Create'),(613,4,'BILLING TYPE','2014-04-08 19:14:09',1,'EMPTY','BILLING TYPE MAPPED','Create'),(614,1,'KM_BASED_BILLING_MODULE','2014-04-08 19:29:49',1,'EMPTY','CREATED KM BASED BILLING CONFIGURATION','Create'),(615,6,'KM_BASED_BILLING_MODULE','2014-04-08 19:58:36',1,'EMPTY','CREATED KM BASED CLASSIC BILLING CONFIGURATION','Create'),(616,143,'TRIPSHEET','2014-04-11 12:03:25',1,'EMPTY','TRIPSHEET_GENERATED','Create'),(617,144,'TRIPSHEET','2014-04-11 12:03:25',1,'EMPTY','TRIPSHEET_GENERATED','Create'),(618,143,'TRIPSHEET','2014-04-11 12:03:43',1,'TRIPSHEET_GENERATED','TRIPSHEET_SAVED','Edit'),(619,144,'TRIPSHEET','2014-04-11 12:03:43',1,'TRIPSHEET_GENERATED','TRIPSHEET_SAVED','Edit'),(620,67,'VIEW MANAGMENT','2014-04-15 12:21:36',1,'EMPTY','VIEW_CREATED','Create'),(621,555,'VIEW MANAGMENT','2014-04-15 13:40:43',1,'EMPTY','PAGE_CREATED','Create'),(622,556,'VIEW MANAGMENT','2014-04-15 13:42:00',1,'EMPTY','PAGE_CREATED','Create'),(623,68,'VIEW MANAGMENT','2014-04-15 13:42:46',1,'EMPTY','VIEW_CREATED','Create'),(624,69,'VIEW MANAGMENT','2014-04-15 13:43:53',1,'EMPTY','VIEW_CREATED','Create'),(625,70,'VIEW MANAGMENT','2014-04-15 13:44:20',1,'EMPTY','VIEW_CREATED','Create'),(626,71,'VIEW MANAGMENT','2014-04-15 14:59:12',1,'EMPTY','VIEW_CREATED','Create'),(627,72,'VIEW MANAGMENT','2014-04-15 15:00:28',1,'EMPTY','VIEW_CREATED','Create'),(628,73,'VIEW MANAGMENT','2014-04-15 15:00:59',1,'EMPTY','VIEW_CREATED','Create'),(629,74,'VIEW MANAGMENT','2014-04-15 15:01:28',1,'EMPTY','VIEW_CREATED','Create'),(630,75,'VIEW MANAGMENT','2014-04-15 15:03:32',1,'EMPTY','VIEW_CREATED','Create'),(631,76,'VIEW MANAGMENT','2014-04-15 15:04:37',1,'EMPTY','VIEW_CREATED','Create'),(632,77,'VIEW MANAGMENT','2014-04-15 15:05:06',1,'EMPTY','VIEW_CREATED','Create'),(633,78,'VIEW MANAGMENT','2014-04-15 15:05:30',1,'EMPTY','VIEW_CREATED','Create'),(634,79,'VIEW MANAGMENT','2014-04-15 15:07:50',1,'EMPTY','VIEW_CREATED','Create'),(635,80,'VIEW MANAGMENT','2014-04-15 15:08:48',1,'EMPTY','VIEW_CREATED','Create'),(636,81,'VIEW MANAGMENT','2014-04-15 15:38:40',1,'EMPTY','VIEW_CREATED','Create'),(637,82,'VIEW MANAGMENT','2014-04-15 15:43:11',1,'EMPTY','VIEW_CREATED','Create'),(638,83,'VIEW MANAGMENT','2014-04-15 15:45:32',1,'EMPTY','VIEW_CREATED','Create'),(639,555,'VIEW MANAGMENT','2014-04-15 16:06:32',1,'VIEW MANAGMENT','PAGE_UPDATED','Create'),(640,84,'VIEW MANAGMENT','2014-04-15 16:29:10',1,'EMPTY','VIEW_CREATED','Create'),(641,85,'VIEW MANAGMENT','2014-04-15 16:30:19',1,'EMPTY','VIEW_CREATED','Create'),(642,85,'VIEW MANAGMENT','2014-04-16 11:53:32',1,'EMPTY','VIEW_CREATED','Create'),(643,86,'VIEW MANAGMENT','2014-04-22 18:20:19',1,'EMPTY','VIEW_CREATED','Create'),(644,87,'VIEW MANAGMENT','2014-04-22 18:27:16',1,'EMPTY','VIEW_CREATED','Create'),(645,88,'VIEW MANAGMENT','2014-04-22 18:51:20',1,'EMPTY','VIEW_CREATED','Create'),(646,5,'BILLING TYPE','2014-04-23 18:02:01',1,'EMPTY','BILLING TYPE MAPPED','Create'),(647,2,'SLAB_BASED_BILLING_MODULE','2014-04-23 18:03:02',1,'EMPTY','SLAB_BASED_BILLING_CREATED','Create'),(648,145,'TRIPSHEET','2014-04-24 11:24:09',1,'EMPTY','TRIPSHEET_GENERATED','Create'),(649,146,'TRIPSHEET','2014-04-24 11:24:09',1,'EMPTY','TRIPSHEET_GENERATED','Create'),(650,147,'TRIPSHEET','2014-04-24 11:24:09',1,'EMPTY','TRIPSHEET_GENERATED','Create'),(651,148,'TRIPSHEET','2014-04-24 11:24:09',1,'EMPTY','TRIPSHEET_GENERATED','Create'),(652,145,'TRIPSHEET','2014-04-24 11:24:45',1,'TRIPSHEET_GENERATED','TRIPSHEET_SAVED','Edit'),(653,146,'TRIPSHEET','2014-04-24 11:24:45',1,'TRIPSHEET_GENERATED','TRIPSHEET_SAVED','Edit');
/*!40000 ALTER TABLE `audit_log` ENABLE KEYS */;
UNLOCK TABLES;

--
-- Table structure for table `billing_config_ac_constraint`
--

DROP TABLE IF EXISTS `billing_config_ac_constraint`;
/*!40101 SET @saved_cs_client     = @@character_set_client */;
/*!40101 SET character_set_client = utf8 */;
CREATE TABLE `billing_config_ac_constraint` (
  `id` bigint(20) NOT NULL AUTO_INCREMENT,
  `bc_refId` bigint(20) NOT NULL,
  `fromTime` varchar(5) NOT NULL,
  `toTime` varchar(5) NOT NULL,
  `rate` float NOT NULL,
  `status` varchar(5) DEFAULT 'a',
  PRIMARY KEY (`id`)
) ENGINE=InnoDB DEFAULT CHARSET=utf8;
/*!40101 SET character_set_client = @saved_cs_client */;

--
-- Dumping data for table `billing_config_ac_constraint`
--

LOCK TABLES `billing_config_ac_constraint` WRITE;
/*!40000 ALTER TABLE `billing_config_ac_constraint` DISABLE KEYS */;
/*!40000 ALTER TABLE `billing_config_ac_constraint` ENABLE KEYS */;
UNLOCK TABLES;

--
-- Table structure for table `billing_config_distance_constraint`
--

DROP TABLE IF EXISTS `billing_config_distance_constraint`;
/*!40101 SET @saved_cs_client     = @@character_set_client */;
/*!40101 SET character_set_client = utf8 */;
CREATE TABLE `billing_config_distance_constraint` (
  `id` bigint(20) NOT NULL AUTO_INCREMENT,
  `bc_refId` bigint(20) NOT NULL,
  `fromKm` int(11) NOT NULL,
  `toKm` int(11) DEFAULT NULL,
  `rate` float NOT NULL,
  `status` varchar(5) DEFAULT 'a',
  PRIMARY KEY (`id`)
) ENGINE=InnoDB DEFAULT CHARSET=utf8;
/*!40101 SET character_set_client = @saved_cs_client */;

--
-- Dumping data for table `billing_config_distance_constraint`
--

LOCK TABLES `billing_config_distance_constraint` WRITE;
/*!40000 ALTER TABLE `billing_config_distance_constraint` DISABLE KEYS */;
/*!40000 ALTER TABLE `billing_config_distance_constraint` ENABLE KEYS */;
UNLOCK TABLES;

--
-- Table structure for table `billing_type`
--

DROP TABLE IF EXISTS `billing_type`;
/*!40101 SET @saved_cs_client     = @@character_set_client */;
/*!40101 SET character_set_client = utf8 */;
CREATE TABLE `billing_type` (
  `id` int(11) NOT NULL AUTO_INCREMENT,
  `name` varchar(100) NOT NULL,
  `description` varchar(100) DEFAULT NULL,
  `parent` int(11) DEFAULT NULL,
  `key` varchar(50) DEFAULT NULL,
  PRIMARY KEY (`id`)
) ENGINE=InnoDB AUTO_INCREMENT=4 DEFAULT CHARSET=utf8;
/*!40101 SET character_set_client = @saved_cs_client */;

--
-- Dumping data for table `billing_type`
--

LOCK TABLES `billing_type` WRITE;
/*!40000 ALTER TABLE `billing_type` DISABLE KEYS */;
INSERT INTO `billing_type` VALUES (1,'Km Based','a',NULL,'kmBased'),(2,'Slab Based','a',NULL,'slabBased'),(3,'Trip Based','a',NULL,'tripBased');
/*!40000 ALTER TABLE `billing_type` ENABLE KEYS */;
UNLOCK TABLES;

--
-- Table structure for table `billing_type_mapping`
--

DROP TABLE IF EXISTS `billing_type_mapping`;
/*!40101 SET @saved_cs_client     = @@character_set_client */;
/*!40101 SET character_set_client = utf8 */;
CREATE TABLE `billing_type_mapping` (
  `id` bigint(20) NOT NULL AUTO_INCREMENT,
  `site` int(11) NOT NULL,
  `vendor` int(11) NOT NULL,
  `tran_type` int(11) NOT NULL,
  `billing_type` int(11) NOT NULL,
  `fromDate` datetime NOT NULL,
  `toDate` datetime DEFAULT NULL,
  PRIMARY KEY (`id`)
) ENGINE=InnoDB AUTO_INCREMENT=6 DEFAULT CHARSET=utf8;
/*!40101 SET character_set_client = @saved_cs_client */;

--
-- Dumping data for table `billing_type_mapping`
--

LOCK TABLES `billing_type_mapping` WRITE;
/*!40000 ALTER TABLE `billing_type_mapping` DISABLE KEYS */;
INSERT INTO `billing_type_mapping` VALUES (2,1,1,1,3,'2014-04-09 00:00:00',NULL),(3,1,3,4,2,'2014-04-09 00:00:00',NULL),(4,1,1,3,1,'2014-04-09 00:00:00',NULL),(5,1,1,3,2,'2014-04-04 00:00:00',NULL);
/*!40000 ALTER TABLE `billing_type_mapping` ENABLE KEYS */;
UNLOCK TABLES;

--
-- Table structure for table `branch`
--

DROP TABLE IF EXISTS `branch`;
/*!40101 SET @saved_cs_client     = @@character_set_client */;
/*!40101 SET character_set_client = utf8 */;
CREATE TABLE `branch` (
  `id` int(11) NOT NULL AUTO_INCREMENT,
  `companyid` int(11) NOT NULL,
  `location` varchar(150) DEFAULT NULL,
  PRIMARY KEY (`id`)
) ENGINE=InnoDB AUTO_INCREMENT=2 DEFAULT CHARSET=utf8;
/*!40101 SET character_set_client = @saved_cs_client */;

--
-- Dumping data for table `branch`
--

LOCK TABLES `branch` WRITE;
/*!40000 ALTER TABLE `branch` DISABLE KEYS */;
INSERT INTO `branch` VALUES (1,1,'Bangalore');
/*!40000 ALTER TABLE `branch` ENABLE KEYS */;
UNLOCK TABLES;

--
-- Table structure for table `classic_billing_config_ac_constraint`
--

DROP TABLE IF EXISTS `classic_billing_config_ac_constraint`;
/*!40101 SET @saved_cs_client     = @@character_set_client */;
/*!40101 SET character_set_client = utf8 */;
CREATE TABLE `classic_billing_config_ac_constraint` (
  `id` bigint(20) NOT NULL AUTO_INCREMENT,
  `bc_refId` bigint(20) NOT NULL,
  `fromTime` varchar(5) NOT NULL,
  `toTime` varchar(5) NOT NULL,
  `rate` float DEFAULT NULL,
  `status` varchar(5) DEFAULT 'a',
  PRIMARY KEY (`id`)
) ENGINE=InnoDB AUTO_INCREMENT=2 DEFAULT CHARSET=utf8;
/*!40101 SET character_set_client = @saved_cs_client */;

--
-- Dumping data for table `classic_billing_config_ac_constraint`
--

LOCK TABLES `classic_billing_config_ac_constraint` WRITE;
/*!40000 ALTER TABLE `classic_billing_config_ac_constraint` DISABLE KEYS */;
INSERT INTO `classic_billing_config_ac_constraint` VALUES (1,6,'00:00','23:59',26,'a');
/*!40000 ALTER TABLE `classic_billing_config_ac_constraint` ENABLE KEYS */;
UNLOCK TABLES;

--
-- Table structure for table `company`
--

DROP TABLE IF EXISTS `company`;
/*!40101 SET @saved_cs_client     = @@character_set_client */;
/*!40101 SET character_set_client = utf8 */;
CREATE TABLE `company` (
  `id` int(11) NOT NULL AUTO_INCREMENT,
  `name` varchar(50) NOT NULL,
  `address` varchar(200) DEFAULT NULL,
  `website` varchar(100) DEFAULT NULL,
  `contactpersonName` varchar(60) DEFAULT NULL,
  `contactPersonNumber` varchar(20) DEFAULT NULL,
  PRIMARY KEY (`id`)
) ENGINE=InnoDB AUTO_INCREMENT=2 DEFAULT CHARSET=utf8;
/*!40101 SET character_set_client = @saved_cs_client */;

--
-- Dumping data for table `company`
--

LOCK TABLES `company` WRITE;
/*!40000 ALTER TABLE `company` DISABLE KEYS */;
INSERT INTO `company` VALUES (1,'Oracle','Bangalore','www.oracle.com','noyal','0987653456789');
/*!40000 ALTER TABLE `company` ENABLE KEYS */;
UNLOCK TABLES;

--
-- Table structure for table `deduction`
--

DROP TABLE IF EXISTS `deduction`;
/*!40101 SET @saved_cs_client     = @@character_set_client */;
/*!40101 SET character_set_client = utf8 */;
CREATE TABLE `deduction` (
  `id` int(11) NOT NULL AUTO_INCREMENT,
  `type` varchar(50) NOT NULL,
  `status` varchar(10) NOT NULL,
  PRIMARY KEY (`id`)
) ENGINE=InnoDB DEFAULT CHARSET=utf8;
/*!40101 SET character_set_client = @saved_cs_client */;

--
-- Dumping data for table `deduction`
--

LOCK TABLES `deduction` WRITE;
/*!40000 ALTER TABLE `deduction` DISABLE KEYS */;
/*!40000 ALTER TABLE `deduction` ENABLE KEYS */;
UNLOCK TABLES;

--
-- Table structure for table `department`
--

DROP TABLE IF EXISTS `department`;
/*!40101 SET @saved_cs_client     = @@character_set_client */;
/*!40101 SET character_set_client = utf8 */;
CREATE TABLE `department` (
  `id` bigint(20) NOT NULL AUTO_INCREMENT,
  `departmentName` varchar(100) NOT NULL,
  PRIMARY KEY (`id`),
  UNIQUE KEY `UQ__departme__E07195340E5DFF7C` (`departmentName`)
) ENGINE=InnoDB DEFAULT CHARSET=utf8;
/*!40101 SET character_set_client = @saved_cs_client */;

--
-- Dumping data for table `department`
--

LOCK TABLES `department` WRITE;
/*!40000 ALTER TABLE `department` DISABLE KEYS */;
/*!40000 ALTER TABLE `department` ENABLE KEYS */;
UNLOCK TABLES;

--
-- Table structure for table `device`
--

DROP TABLE IF EXISTS `device`;
/*!40101 SET @saved_cs_client     = @@character_set_client */;
/*!40101 SET character_set_client = utf8 */;
CREATE TABLE `device` (
  `id` bigint(20) NOT NULL AUTO_INCREMENT,
  `model` varchar(100) NOT NULL,
  `company` varchar(100) NOT NULL,
  `description` varchar(100) DEFAULT NULL,
  `status` varchar(10) NOT NULL DEFAULT 'active',
  `imei` varchar(15) NOT NULL,
  PRIMARY KEY (`id`)
) ENGINE=InnoDB AUTO_INCREMENT=3 DEFAULT CHARSET=utf8;
/*!40101 SET character_set_client = @saved_cs_client */;

--
-- Dumping data for table `device`
--

LOCK TABLES `device` WRITE;
/*!40000 ALTER TABLE `device` DISABLE KEYS */;
INSERT INTO `device` VALUES (1,'Agiledge','Agiledge','Agiledge Phone','active','000000000000000'),(2,'Agiledge','Agiiledge','Agiledge Phone 1','active','123451234512345');
/*!40000 ALTER TABLE `device` ENABLE KEYS */;
UNLOCK TABLES;

--
-- Table structure for table `device_vehicle`
--

DROP TABLE IF EXISTS `device_vehicle`;
/*!40101 SET @saved_cs_client     = @@character_set_client */;
/*!40101 SET character_set_client = utf8 */;
CREATE TABLE `device_vehicle` (
  `id` bigint(20) NOT NULL AUTO_INCREMENT,
  `vehicleId` bigint(20) NOT NULL,
  `deviceId` bigint(20) NOT NULL,
  `fromDate` datetime NOT NULL,
  `toDate` datetime DEFAULT NULL,
  `status` varchar(10) DEFAULT 'active',
  PRIMARY KEY (`id`)
) ENGINE=InnoDB AUTO_INCREMENT=3 DEFAULT CHARSET=utf8;
/*!40101 SET character_set_client = @saved_cs_client */;

--
-- Dumping data for table `device_vehicle`
--

LOCK TABLES `device_vehicle` WRITE;
/*!40000 ALTER TABLE `device_vehicle` DISABLE KEYS */;
INSERT INTO `device_vehicle` VALUES (1,1,1,'2014-04-01 00:00:00',NULL,'active'),(2,3,2,'2014-04-01 00:00:00',NULL,'active');
/*!40000 ALTER TABLE `device_vehicle` ENABLE KEYS */;
UNLOCK TABLES;

--
-- Table structure for table `distance_grid`
--

DROP TABLE IF EXISTS `distance_grid`;
/*!40101 SET @saved_cs_client     = @@character_set_client */;
/*!40101 SET character_set_client = utf8 */;
CREATE TABLE `distance_grid` (
  `id` int(11) NOT NULL AUTO_INCREMENT,
  `startKm` double DEFAULT NULL,
  `endKm` double DEFAULT NULL,
  PRIMARY KEY (`id`)
) ENGINE=InnoDB AUTO_INCREMENT=15 DEFAULT CHARSET=utf8;
/*!40101 SET character_set_client = @saved_cs_client */;

--
-- Dumping data for table `distance_grid`
--

LOCK TABLES `distance_grid` WRITE;
/*!40000 ALTER TABLE `distance_grid` DISABLE KEYS */;
INSERT INTO `distance_grid` VALUES (1,0,0.5),(2,0.51,0.99),(3,1,1.5),(4,1.51,1.99),(5,2,2.5),(6,2.51,2.99),(7,3,3.5),(8,3.51,3.99),(9,4,4.5),(10,4.51,4.99),(11,5,5.5),(12,5.51,5.99),(13,6,6.5),(14,6.51,7);
/*!40000 ALTER TABLE `distance_grid` ENABLE KEYS */;
UNLOCK TABLES;

--
-- Table structure for table `distchart`
--

DROP TABLE IF EXISTS `distchart`;
/*!40101 SET @saved_cs_client     = @@character_set_client */;
/*!40101 SET character_set_client = utf8 */;
CREATE TABLE `distchart` (
  `id` bigint(20) NOT NULL AUTO_INCREMENT,
  `srcId` int(11) DEFAULT NULL,
  `destId` int(11) DEFAULT NULL,
  `distance` double DEFAULT NULL,
  PRIMARY KEY (`id`)
) ENGINE=InnoDB AUTO_INCREMENT=11 DEFAULT CHARSET=utf8;
/*!40101 SET character_set_client = @saved_cs_client */;

--
-- Dumping data for table `distchart`
--

LOCK TABLES `distchart` WRITE;
/*!40000 ALTER TABLE `distchart` DISABLE KEYS */;
INSERT INTO `distchart` VALUES (1,21,25,1.767),(2,21,34,2.24),(3,21,37,16.864),(4,21,63,2.657),(5,25,34,1.069),(6,25,37,17.807),(7,25,63,3.298),(8,34,37,17.139),(9,34,63,2.63),(10,37,63,15.377);
/*!40000 ALTER TABLE `distchart` ENABLE KEYS */;
UNLOCK TABLES;

--
-- Table structure for table `distchart1`
--

DROP TABLE IF EXISTS `distchart1`;
/*!40101 SET @saved_cs_client     = @@character_set_client */;
/*!40101 SET character_set_client = utf8 */;
CREATE TABLE `distchart1` (
  `id` bigint(20) NOT NULL AUTO_INCREMENT,
  `src` int(11) DEFAULT NULL,
  `dest` int(11) DEFAULT NULL,
  `dist` double DEFAULT NULL,
  PRIMARY KEY (`id`)
) ENGINE=InnoDB DEFAULT CHARSET=utf8;
/*!40101 SET character_set_client = @saved_cs_client */;

--
-- Dumping data for table `distchart1`
--

LOCK TABLES `distchart1` WRITE;
/*!40000 ALTER TABLE `distchart1` DISABLE KEYS */;
/*!40000 ALTER TABLE `distchart1` ENABLE KEYS */;
UNLOCK TABLES;

--
-- Table structure for table `driver`
--

DROP TABLE IF EXISTS `driver`;
/*!40101 SET @saved_cs_client     = @@character_set_client */;
/*!40101 SET character_set_client = utf8 */;
CREATE TABLE `driver` (
  `id` int(11) NOT NULL AUTO_INCREMENT,
  `name` varchar(100) DEFAULT NULL,
  `address` varchar(500) DEFAULT NULL,
  `username` varchar(30) NOT NULL,
  `password` varchar(30) NOT NULL,
  `vendorId` bigint(20) NOT NULL,
  `contact` varchar(15) DEFAULT NULL,
  PRIMARY KEY (`id`),
  UNIQUE KEY `username_UNIQUE` (`username`)
) ENGINE=InnoDB AUTO_INCREMENT=7 DEFAULT CHARSET=utf8;
/*!40101 SET character_set_client = @saved_cs_client */;

--
-- Dumping data for table `driver`
--

LOCK TABLES `driver` WRITE;
/*!40000 ALTER TABLE `driver` DISABLE KEYS */;
INSERT INTO `driver` VALUES (1,'dv2','thiop sddsds   ','dv2','dv2',1,'9986403796'),(2,'dv4','addres1 sddsds   ','dv4','',1,'9986403796'),(3,'dv3','D3 ','dv3','dv3',1,'9996665566'),(4,'dv1','Chakar SSO   ','dv1','dv1',1,'9938388388'),(5,'dv5','dv5 ','dv5','dv5',2,'7411007524'),(6,'dv6','dv6 ','dv6','',2,'7411075247');
/*!40000 ALTER TABLE `driver` ENABLE KEYS */;
UNLOCK TABLES;

--
-- Table structure for table `driver_logins`
--

DROP TABLE IF EXISTS `driver_logins`;
/*!40101 SET @saved_cs_client     = @@character_set_client */;
/*!40101 SET character_set_client = utf8 */;
CREATE TABLE `driver_logins` (
  `driverId` int(11) NOT NULL,
  `datetime` timestamp NULL DEFAULT NULL,
  `imei_number` varchar(20) DEFAULT NULL,
  `vehicleId` int(11) DEFAULT NULL,
  `status` varchar(10) DEFAULT NULL,
  `tripid` bigint(20) DEFAULT NULL
) ENGINE=InnoDB DEFAULT CHARSET=utf8;
/*!40101 SET character_set_client = @saved_cs_client */;

--
-- Dumping data for table `driver_logins`
--

LOCK TABLES `driver_logins` WRITE;
/*!40000 ALTER TABLE `driver_logins` DISABLE KEYS */;
INSERT INTO `driver_logins` VALUES (1,'2013-07-29 18:30:00','000000000000000',7,'logout',NULL),(1,'2013-07-29 18:30:00','000000000000000',7,'logout',NULL),(1,'2013-07-29 18:30:00','000000000000000',7,'logout',NULL),(1,'2013-07-29 18:30:00','000000000000000',7,'logout',NULL),(1,'2013-07-29 18:30:00','000000000000000',7,'logout',NULL),(1,'2013-08-21 18:30:00','000000000000000',7,'logout',NULL),(1,'2013-08-21 18:30:00','000000000000000',7,'logout',NULL),(1,'2013-08-21 18:30:00','000000000000000',7,'logout',NULL),(1,'2013-08-21 18:30:00','000000000000000',7,'logout',NULL),(1,'2013-08-21 18:30:00','000000000000000',7,'logout',NULL),(1,'2013-08-21 18:30:00','000000000000000',7,'logout',NULL),(1,'2013-08-21 18:30:00','000000000000000',7,'logout',NULL),(1,'2013-08-21 18:30:00','000000000000000',7,'logout',NULL),(1,'2013-08-21 18:30:00','000000000000000',7,'logout',NULL),(1,'2013-08-21 18:30:00','000000000000000',7,'logout',NULL),(1,'2013-08-21 18:30:00','000000000000000',7,'logout',NULL),(2,'2013-08-21 18:30:00','000000000000000',15,'logout',NULL),(1,'2013-08-21 18:30:00','000000000000000',7,'logout',NULL),(2,'2013-08-21 18:30:00','000000000000000',15,'logout',NULL),(1,'2013-08-21 18:30:00','000000000000000',7,'logout',NULL),(2,'2013-08-21 18:30:00','000000000000000',15,'logout',NULL),(2,'2013-08-21 18:30:00','000000000000000',15,'logout',NULL),(2,'2013-08-21 18:30:00','000000000000000',15,'logout',NULL),(2,'2013-08-22 18:30:00','000000000000000',15,'logout',NULL),(2,'2013-08-22 18:30:00','000000000000000',15,'logout',NULL),(2,'2013-08-22 18:30:00','000000000000000',15,'logout',NULL),(2,'2013-08-22 18:30:00','000000000000000',15,'logout',NULL),(2,'2013-08-22 18:30:00','000000000000000',15,'logout',NULL),(2,'2013-08-22 18:30:00','000000000000000',15,'logout',NULL),(2,'2013-08-27 18:30:00','000000000000000',15,'logout',NULL),(2,'2013-08-27 18:30:00','000000000000000',15,'logout',NULL),(2,'2013-08-27 18:30:00','000000000000000',15,'logout',NULL),(2,'2013-08-27 18:30:00','000000000000000',15,'logout',NULL),(2,'2013-08-27 18:30:00','000000000000000',15,'logout',NULL),(2,'2013-08-27 18:30:00','000000000000000',15,'logout',NULL),(2,'2013-08-27 18:30:00','000000000000000',15,'logout',NULL),(2,'2013-08-27 18:30:00','000000000000000',15,'logout',NULL),(2,'2013-08-27 18:30:00','000000000000000',15,'logout',NULL),(2,'2013-08-27 18:30:00','000000000000000',15,'logout',NULL),(2,'2013-08-27 18:30:00','000000000000000',15,'logout',NULL),(2,'2013-08-27 18:30:00','000000000000000',15,'logout',NULL),(2,'2013-08-27 18:30:00','000000000000000',15,'logout',NULL),(2,'2013-08-27 18:30:00','000000000000000',15,'logout',NULL),(2,'2013-08-27 18:30:00','000000000000000',15,'logout',NULL),(2,'2013-08-27 18:30:00','000000000000000',15,'logout',NULL),(2,'2013-08-27 18:30:00','000000000000000',15,'logout',NULL),(2,'2013-08-27 18:30:00','000000000000000',15,'logout',NULL),(2,'2013-08-27 18:30:00','000000000000000',15,'logout',NULL),(2,'2013-08-27 18:30:00','000000000000000',15,'logout',NULL),(2,'2013-08-27 18:30:00','000000000000000',15,'logout',NULL),(2,'2013-08-27 18:30:00','000000000000000',15,'logout',NULL),(2,'2013-08-27 18:30:00','000000000000000',15,'logout',NULL),(2,'2013-08-27 18:30:00','000000000000000',15,'logout',NULL),(2,'2013-08-27 18:30:00','000000000000000',15,'logout',NULL),(2,'2013-08-27 18:30:00','000000000000000',15,'logout',NULL),(2,'2013-08-27 18:30:00','000000000000000',15,'logout',NULL),(2,'2013-08-27 18:30:00','000000000000000',15,'logout',NULL),(2,'2013-08-27 18:30:00','000000000000000',15,'logout',NULL),(2,'2013-08-27 18:30:00','000000000000000',15,'logout',NULL),(2,'2013-08-27 18:30:00','000000000000000',15,'logout',NULL),(2,'2013-08-27 18:30:00','000000000000000',15,'logout',NULL),(2,'2013-08-27 18:30:00','000000000000000',15,'logout',NULL),(2,'2013-08-27 18:30:00','000000000000000',15,'logout',NULL),(2,'2013-08-27 18:30:00','000000000000000',15,'logout',NULL),(2,'2013-08-27 18:30:00','000000000000000',15,'logout',NULL),(2,'2013-08-27 18:30:00','000000000000000',15,'logout',NULL),(2,'2013-08-27 18:30:00','000000000000000',15,'logout',NULL),(2,'2013-08-27 18:30:00','000000000000000',15,'logout',NULL),(2,'2013-08-27 18:30:00','000000000000000',15,'logout',NULL),(2,'2013-08-27 18:30:00','000000000000000',15,'logout',NULL),(2,'2013-08-27 18:30:00','000000000000000',15,'logout',NULL),(2,'2013-08-27 18:30:00','000000000000000',15,'logout',NULL),(2,'2013-08-27 18:30:00','000000000000000',15,'logout',NULL),(2,'2013-08-27 18:30:00','000000000000000',15,'logout',NULL),(2,'2013-08-27 18:30:00','000000000000000',15,'logout',NULL),(2,'2013-08-27 18:30:00','000000000000000',15,'logout',NULL),(2,'2013-08-27 18:30:00','000000000000000',15,'logout',NULL),(2,'2013-08-27 18:30:00','000000000000000',15,'logout',NULL),(2,'2013-08-27 18:30:00','000000000000000',15,'logout',NULL),(2,'2013-08-28 18:30:00','000000000000000',15,'logout',NULL),(2,'2013-08-28 18:30:00','000000000000000',15,'logout',NULL),(2,'2013-08-28 18:30:00','000000000000000',15,'logout',NULL),(2,'2013-08-28 18:30:00','000000000000000',15,'logout',NULL),(2,'2013-08-28 18:30:00','000000000000000',15,'logout',NULL),(2,'2013-08-28 18:30:00','000000000000000',15,'logout',NULL),(2,'2013-08-28 18:30:00','000000000000000',15,'logout',NULL),(2,'2013-08-28 18:30:00','000000000000000',15,'logout',NULL),(1,'2013-09-11 18:30:00','000000000000000',7,'logout',NULL),(2,'2013-09-11 18:30:00','000000000000000',15,'logout',NULL),(2,'2013-09-11 18:30:00','000000000000000',15,'logout',NULL),(2,'2013-09-11 18:30:00','000000000000000',15,'logout',NULL),(2,'2013-09-11 18:30:00','000000000000000',15,'logout',NULL),(2,'2013-09-11 18:30:00','000000000000000',15,'logout',NULL),(2,'2013-09-11 18:30:00','000000000000000',15,'logout',NULL),(2,'2013-09-11 18:30:00','000000000000000',15,'logout',NULL),(2,'2013-09-11 18:30:00','000000000000000',15,'logout',NULL),(2,'2013-09-11 18:30:00','000000000000000',15,'logout',NULL),(1,'2013-09-11 18:30:00','000000000000000',7,'logout',NULL),(1,'2013-09-11 18:30:00','000000000000000',7,'logout',NULL),(1,'2013-09-11 18:30:00','000000000000000',7,'logout',NULL),(1,'2013-09-11 18:30:00','000000000000000',7,'logout',NULL),(1,'2013-09-11 18:30:00','000000000000000',7,'logout',NULL),(3,'2013-09-11 18:30:00','000000000000000',6,'logout',NULL),(3,'2013-09-11 18:30:00','000000000000000',6,'logout',NULL),(3,'2013-09-11 18:30:00','000000000000000',6,'logout',NULL),(2,'2013-09-12 18:30:00','000000000000000',15,'logout',NULL),(4,'2013-10-10 18:30:00','000000000000000',5,'logout',NULL),(4,'2013-10-10 18:30:00','000000000000000',5,'logout',NULL),(4,'2013-10-10 18:30:00','000000000000000',5,'logout',NULL),(4,'2013-10-10 18:30:00','000000000000000',5,'logout',NULL),(4,'2013-10-10 18:30:00','000000000000000',5,'logout',NULL),(4,'2013-10-10 18:30:00','000000000000000',5,'logout',NULL),(4,'2013-10-10 18:30:00','000000000000000',5,'logout',NULL),(4,'2013-10-10 18:30:00','000000000000000',5,'logout',NULL),(4,'2013-10-10 18:30:00','000000000000000',5,'logout',NULL),(4,'2013-10-10 18:30:00','000000000000000',5,'logout',NULL),(4,'2013-10-10 18:30:00','000000000000000',5,'logout',NULL),(4,'2013-10-10 18:30:00','000000000000000',5,'logout',NULL),(4,'2013-10-10 18:30:00','000000000000000',5,'logout',NULL),(4,'2013-10-10 18:30:00','000000000000000',5,'logout',NULL),(4,'2013-10-10 18:30:00','000000000000000',5,'logout',NULL),(4,'2013-10-10 18:30:00','000000000000000',5,'logout',NULL),(4,'2013-10-10 18:30:00','000000000000000',5,'logout',NULL),(4,'2013-10-10 18:30:00','000000000000000',5,'logout',NULL),(4,'2013-10-10 18:30:00','000000000000000',5,'logout',NULL),(4,'2013-10-10 18:30:00','000000000000000',5,'logout',NULL),(4,'2013-10-13 18:30:00','000000000000000',5,'logout',NULL),(4,'2013-10-13 18:30:00','000000000000000',5,'logout',NULL),(4,'2013-10-13 18:30:00','000000000000000',5,'logout',NULL),(4,'2013-10-13 18:30:00','000000000000000',5,'logout',NULL),(4,'2013-10-13 18:30:00','000000000000000',5,'logout',NULL),(4,'2013-10-13 18:30:00','000000000000000',5,'logout',NULL),(4,'2013-10-13 18:30:00','000000000000000',5,'logout',NULL),(4,'2013-10-13 18:30:00','000000000000000',5,'logout',NULL),(1,'2013-10-13 18:30:00','000000000000000',7,'logout',NULL),(1,'2013-10-13 18:30:00','000000000000000',7,'logout',NULL),(4,'2013-10-13 18:30:00','000000000000000',5,'logout',NULL),(2,'2013-10-14 18:30:00','000000000000000',15,'logout',NULL),(2,'2013-10-14 18:30:00','000000000000000',15,'logout',NULL),(2,'2013-10-14 18:30:00','000000000000000',15,'logout',NULL),(1,'2013-10-17 18:30:00','000000000000000',7,'logout',NULL),(2,'2013-10-20 18:30:00','000000000000000',15,'logout',NULL),(2,'2013-10-20 18:30:00','000000000000000',15,'logout',NULL),(4,'2013-10-22 18:30:00','000000000000000',5,'logout',NULL),(4,'2013-10-22 18:30:00','000000000000000',5,'logout',NULL),(4,'2013-10-22 18:30:00','000000000000000',5,'logout',NULL),(2,'2013-10-22 18:30:00','000000000000000',15,'logout',NULL),(1,'2013-10-22 18:30:00','000000000000000',7,'logout',NULL),(1,'2013-10-22 18:30:00','000000000000000',7,'logout',NULL),(1,'2013-10-23 18:30:00','000000000000000',7,'logout',NULL),(1,'2013-10-23 18:30:00','000000000000000',7,'logout',NULL),(1,'2013-10-23 18:30:00','000000000000000',7,'logout',NULL),(2,'2013-10-23 18:30:00','000000000000000',15,'logout',NULL),(2,'2013-10-23 18:30:00','000000000000000',5,'logout',NULL),(1,'2013-10-28 18:30:00','000000000000000',6,'logout',NULL),(1,'2013-10-28 18:30:00','000000000000000',6,'logout',120),(1,'2013-10-28 18:30:00','000000000000000',6,'logout',122),(1,'2013-10-28 18:30:00','000000000000000',6,'logout',122),(2,'2013-11-27 18:30:00','000000000000000',3,'logout',133),(1,'2013-11-27 18:30:00','000000000000000',6,'logout',132),(1,'2013-11-30 18:30:00','000000000000000',7,'logout',136),(1,'2013-11-30 18:30:00','000000000000000',7,'logout',136),(1,'2013-11-30 18:30:00','000000000000000',7,'logout',136),(1,'2013-11-30 18:30:00','000000000000000',7,'logout',136),(2,'2014-04-09 18:30:00','000000000000000',5,'logout',137),(2,'2014-04-09 18:30:00','000000000000000',5,'logout',137),(2,'2014-04-09 18:30:00','000000000000000',5,'logout',137),(2,'2014-04-09 18:30:00','000000000000000',5,'logout',137),(2,'2014-04-09 18:30:00','000000000000000',5,'logout',137),(2,'2014-04-09 18:30:00','000000000000000',5,'logout',137),(2,'2014-04-09 18:30:00','000000000000000',5,'logout',137),(2,'2014-04-09 18:30:00','000000000000000',5,'logout',137),(2,'2014-04-09 18:30:00','000000000000000',5,'logout',137),(2,'2014-04-10 18:30:00','000000000000000',5,'logout',137),(2,'2014-04-10 18:30:00','000000000000000',3,'logout',144),(2,'2014-04-10 18:30:00','000000000000000',3,'logout',144),(2,'2014-04-10 18:30:00','000000000000000',3,'logout',144),(2,'2014-04-10 18:30:00','000000000000000',3,'logout',144),(2,'2014-04-10 18:30:00','000000000000000',3,'logout',144),(1,'2014-04-14 18:30:00','000000000000000',6,'logout',143),(1,'2014-04-23 18:30:00','000000000000000',6,'logged',145);
/*!40000 ALTER TABLE `driver_logins` ENABLE KEYS */;
UNLOCK TABLES;

--
-- Table structure for table `driver_vehicle`
--

DROP TABLE IF EXISTS `driver_vehicle`;
/*!40101 SET @saved_cs_client     = @@character_set_client */;
/*!40101 SET character_set_client = utf8 */;
CREATE TABLE `driver_vehicle` (
  `driverId` int(11) NOT NULL,
  `vehicleId` int(11) DEFAULT NULL,
  `status` varchar(10) DEFAULT '97'
) ENGINE=InnoDB DEFAULT CHARSET=utf8;
/*!40101 SET character_set_client = @saved_cs_client */;

--
-- Dumping data for table `driver_vehicle`
--

LOCK TABLES `driver_vehicle` WRITE;
/*!40000 ALTER TABLE `driver_vehicle` DISABLE KEYS */;
INSERT INTO `driver_vehicle` VALUES (1,7,'97'),(2,15,'97'),(3,6,'97'),(1,6,'97'),(2,5,'97'),(4,5,'97'),(2,3,'97'),(5,14,'97'),(5,16,'97'),(6,8,'97'),(6,17,'97');
/*!40000 ALTER TABLE `driver_vehicle` ENABLE KEYS */;
UNLOCK TABLES;

--
-- Table structure for table `empheirarchy`
--

DROP TABLE IF EXISTS `empheirarchy`;
/*!40101 SET @saved_cs_client     = @@character_set_client */;
/*!40101 SET character_set_client = utf8 */;
CREATE TABLE `empheirarchy` (
  `id` int(11) NOT NULL AUTO_INCREMENT,
  `uniqkey` varchar(10) DEFAULT NULL,
  `role` varchar(50) DEFAULT NULL,
  PRIMARY KEY (`id`)
) ENGINE=InnoDB AUTO_INCREMENT=4 DEFAULT CHARSET=utf8;
/*!40101 SET character_set_client = @saved_cs_client */;

--
-- Dumping data for table `empheirarchy`
--

LOCK TABLES `empheirarchy` WRITE;
/*!40000 ALTER TABLE `empheirarchy` DISABLE KEYS */;
INSERT INTO `empheirarchy` VALUES (1,'usr','User'),(2,'mngr','Manager/Line Manager'),(3,'tptspoc','Transport SPOC');
/*!40000 ALTER TABLE `empheirarchy` ENABLE KEYS */;
UNLOCK TABLES;

--
-- Table structure for table `employee`
--

DROP TABLE IF EXISTS `employee`;
/*!40101 SET @saved_cs_client     = @@character_set_client */;
/*!40101 SET character_set_client = utf8 */;
CREATE TABLE `employee` (
  `id` bigint(20) NOT NULL AUTO_INCREMENT,
  `EmployeeFirstName` varchar(100) NOT NULL,
  `EmployeeMiddleName` varchar(60) DEFAULT NULL,
  `employeeLastName` varchar(100) DEFAULT NULL,
  `loginId` varchar(100) NOT NULL,
  `Gender` varchar(1) DEFAULT NULL,
  `PersonnelNo` varchar(100) NOT NULL,
  `EmailAddress` varchar(100) NOT NULL,
  `HomeCountry` varchar(3) DEFAULT NULL,
  `LineManager` varchar(15) DEFAULT NULL,
  `StaffManager` varchar(15) DEFAULT NULL,
  `ClientServiceManager` varchar(15) DEFAULT NULL,
  `CareerLevel` int(11) DEFAULT NULL,
  `CareerPathwayDesc` varchar(100) DEFAULT NULL,
  `BusinessUnitCode` varchar(15) DEFAULT NULL,
  `BusinessUnitDescription` varchar(100) DEFAULT NULL,
  `Deptno` varchar(15) DEFAULT NULL,
  `DeptName` varchar(100) DEFAULT NULL,
  `OperationCode` varchar(15) DEFAULT NULL,
  `OperationDescription` varchar(100) DEFAULT NULL,
  `Pathways` varchar(10) DEFAULT NULL,
  `Dateofjoining` datetime DEFAULT NULL,
  `Active` int(11) DEFAULT NULL,
  `address` varchar(500) DEFAULT NULL,
  `addresschangestatus` int(11) DEFAULT '0',
  `usertype` varchar(50) DEFAULT 'emp',
  `city` varchar(100) DEFAULT NULL,
  `isContractEmployee` varchar(50) DEFAULT 'off',
  `state` varchar(50) DEFAULT NULL,
  `contactNumber1` varchar(20) DEFAULT NULL,
  `contactNumber2` varchar(20) DEFAULT NULL,
  `site` int(11) DEFAULT NULL,
  `addressChangeDate` timestamp NOT NULL DEFAULT CURRENT_TIMESTAMP,
  `displayname` varchar(200) DEFAULT NULL,
  `role_id` int(11) DEFAULT NULL,
  `routingType` varchar(5) DEFAULT NULL,
  `authType` varchar(45) DEFAULT NULL,
  `password` varchar(45) DEFAULT NULL,
  `pwdChangedDate` datetime DEFAULT NULL,
  `externalUser` varchar(10) DEFAULT NULL,
  `registerStatus` varchar(10) DEFAULT NULL,
  `projectUnit` varchar(80) DEFAULT NULL,
  `project` varchar(100) DEFAULT NULL,
  PRIMARY KEY (`id`),
  UNIQUE KEY `UQ__employee__1F5EF4CEBFCC625D` (`loginId`),
  UNIQUE KEY `UQ__employee__1F5EF4CE5235E3EF` (`loginId`),
  UNIQUE KEY `UQ__employee__CAFBB3FD33694046` (`PersonnelNo`),
  UNIQUE KEY `UQ__employee__1F5EF4CE4FC5DA98` (`loginId`),
  UNIQUE KEY `UQ__employee__49A147403AD12E7D` (`EmailAddress`)
) ENGINE=InnoDB AUTO_INCREMENT=972 DEFAULT CHARSET=utf8;
/*!40101 SET character_set_client = @saved_cs_client */;

--
-- Dumping data for table `employee`
--

LOCK TABLES `employee` WRITE;
/*!40000 ALTER TABLE `employee` DISABLE KEYS */;
INSERT INTO `employee` VALUES (1,'A Halim','','Ansari','emp1','M','1','name1gmail.com','IN','1','1','',2,'PD Project Delivery','B210','GO IN Professional Services','U1223','PS - Financial Srvcs','OGIN','GO India Operation','1','1900-01-01 00:00:00',1,'null,null,null',1,'ta','','contract',NULL,'1234567890','0987654321',1,'2012-11-20 19:35:00','Ansari A Halim',2,'o','l','atmtm','2014-03-05 00:00:00','yes',NULL,NULL,NULL),(2,'Aakash','','Jain','emp2','M','2','name2gmail.com','IN','2','2','',1,'T Technical','B210','GO IN Professional Services','U1222','PS - E&U','OGIN','GO India Operation','3','1900-01-01 00:00:00',1,'adddd',1,'tm','','contract',NULL,'1234567890','0987654321',1,'2012-11-20 19:35:00','Jain Aakash',2,'o','l','emp2','2013-09-12 00:00:00','yes',NULL,NULL,NULL),(3,'AamirIslam','','e1','emp3','M','3','name3gmail.com','IN','3','3','',1,'SD Service Delivery','B160','GO IN Infrastructure Management','U1605','IM - Distributed Srvcs (OGIN B160 U1605)','OGIN','GO India Operation','2','1900-01-01 00:00:00',1,'null,null,null',1,'hrm','','contract',NULL,'1234567890','0987654321',1,'2013-07-02 18:30:00','e1 AamirIslam',4,'o','l','emp3',NULL,'yes',NULL,NULL,NULL),(6,'Aarthi','','e4','emp4','F','6','name6gmail.com','IN','6','6','',1,'SD Service Delivery','B120','GO IN Application Management','U1280','AEM -  Enhancement Management','OGIN','GO India Operation','2','1900-01-01 00:00:00',1,'null,null,null',1,'v','','on Roll',NULL,'1234567890','0987654321',1,'2013-02-12 09:36:01','e4 Aarthi',3,'o','l','v','2014-04-07 00:00:00','yes',NULL,NULL,NULL),(8,'Aarthi','','e6','emp5','F','8','name8gmail.com','IN','8','8','',1,'SD Service Delivery','B210','GO IN Professional Services','U1225','PS - IDT Products','OGIN','GO India Operation','2','1900-01-01 00:00:00',1,'adddd',1,'emp','','on Roll',NULL,'1234567890','0987654321',1,'2013-07-09 18:30:00','e6 Aarthi',1,'o','l','emp5',NULL,'yes',NULL,NULL,NULL),(9,'Aashish Pukhraj Kataria','','e7','e7','M','9','name9gmail.com','IN','9','9','',1,'T Technical','B120','GO IN Application Management','U1280','AEM -  Enhancement Management','OGIN','GO India Operation','3','1900-01-01 00:00:00',1,'adddd',1,'emp','','on Roll',NULL,'9986403796','0987654321',1,'2013-07-09 18:30:00','e7 Aashish Pukhraj Kataria',1,'o','l','e7','2014-04-15 00:00:00','yes',NULL,NULL,NULL),(10,'Aatrayee','','e8','e8','F','10','name10gmail.com','IN','10','10','',1,'T Technical','B170','GO IN Country Programme Value Facture','U1735','VF - Graduate and Junior Prog','OGIN','GO India Operation','3','1900-01-01 00:00:00',1,'null,null,null',1,'emp','','on Roll',NULL,'0986543218','0987654321',1,'2013-07-09 18:30:00','e8 Aatrayee',1,'o','l','e8',NULL,'yes',NULL,NULL,NULL),(11,'Abarajitha','','e9','e9','F','11','name11gmail.com','IN','101','11','',1,'T Technical','B120','GO IN Application Management','U1279','AIM -  Incident Management','OGIN','GO India Operation','3','1900-01-01 00:00:00',1,'null,null,null',1,'emp','','on Roll',NULL,'0986543218','0987654321',1,'2013-07-09 18:30:00','e9 Abarajitha',1,'o','l','e9',NULL,'yes',NULL,NULL,NULL),(12,'Abdul','','e10','e10','M','12','name12gmail.com','IN','101','12','',1,'SD Service Delivery','B170','GO IN Country Programme Value Facture','U1734','VF - Wave','OGIN','GO India Operation','2','1900-01-01 00:00:00',1,'null,null,null',1,'emp','','on Roll',NULL,'0986543218','0987654321',1,'2013-07-09 18:30:00','e10 Abdul',1,'o','l','e10',NULL,'yes',NULL,NULL,NULL),(13,'Abdul Kalam','','Mulla','e11','M','13','name13gmail.com','IN','101','13','',1,'T Technical','B210','GO IN Professional Services','U1227','PS - India Domestic','OGIN','GO India Operation','3','1900-01-01 00:00:00',1,'null,null,null',1,'emp','','on Roll',NULL,'0986543218','0987654321',1,'2013-07-09 18:30:00','Mulla Abdul Kalam',1,'o','l','e11',NULL,'yes',NULL,NULL,NULL),(14,'Abdul Khadar','','e12','e12','M','14','name14gmail.com','IN','101','14','',1,'T Technical','B160','GO IN Infrastructure Management','U1602','IM - Telecomms','OGIN','GO India Operation','3','1900-01-01 00:00:00',1,'null,null,null',1,'emp','','on Roll',NULL,'0986543218','0987654321',1,'2013-07-09 18:30:00','e12 Abdul Khadar',1,'o','l','e12',NULL,'yes',NULL,NULL,NULL),(16,'Nathika','','Najjar','e14','F','16','name16gmail.com','IN','101','16','',1,'T Technical','B120','GO IN Application Management','U1280','AEM -  Enhancement Management','OGIN','GO India Operation','3','1900-01-01 00:00:00',1,'null,null,null',1,'emp','','on Roll',NULL,'0986543218','0987654321',1,'2013-07-09 18:30:00','Nathika Najjar',1,'o','l','e14',NULL,'yes',NULL,NULL,NULL),(17,'Abdul Rahim Nazar','','Shaik','e15','M','17','name17gmail.com','IN','101','17','',2,'T Technical','B120','GO IN Application Management','U1279','AIM -  Incident Management','OGIN','GO India Operation','3','1900-01-01 00:00:00',1,'null,null,null',1,'emp','','contract',NULL,'0986543218','0987654321',1,'2013-07-09 18:30:00','Shaik Abdul Rahim Nazar',1,'o','l','e15',NULL,'yes',NULL,NULL,NULL),(18,'Abdul Rasheed','','Khadar','e16','M','18','name18gmail.com','IN','101','18','',1,'SD Service Delivery','B160','GO IN Infrastructure Management','U1502','IM - Service Desk (OGIN B160 U1502)','OGIN','GO India Operation','2','1900-01-01 00:00:00',1,'null,null,null',1,'emp','','on Roll',NULL,'0986543218','0987654321',1,'2013-07-09 18:30:00','Khadar Abdul Rasheed',1,'o','l','e16',NULL,'yes',NULL,NULL,NULL),(19,'Abdul Razak','','Shaik','e17','M','19','name19gmail.com','IN','101','19','',1,'T Technical','B210','GO IN Professional Services','U1225','PS - IDT Products','OGIN','GO India Operation','3','1900-01-01 00:00:00',1,'null,null,null',1,'emp','','contract',NULL,'1234567890','0987654321',1,'2012-11-20 19:35:00','Shaik Abdul Razak',1,'o','l','e17',NULL,'yes',NULL,NULL,NULL),(20,'Abdul Samath','','Abdul Razzak','e18','M','20','name20gmail.com','IN','101','20','',1,'F Finance','B140','GO IN Business Process Outsourcing','U1402','BPO - F&A (OGIN B140 U1402)','OGIN','GO India Operation','10','1900-01-01 00:00:00',1,'null,null,null',1,'emp','','on Roll',NULL,'1234567890','0987654321',1,'2012-11-20 19:35:00','Abdul Razzak Abdul Samath',1,'o','l','e18',NULL,'yes',NULL,NULL,NULL),(21,'AbdulIzaz','','Haji','e19','M','21','name21gmail.com','IN','101','21','',2,'PD Project Delivery','B120','GO IN Application Management','U1279','AIM -  Incident Management','OGIN','GO India Operation','1','1900-01-01 00:00:00',1,'null,null,null',1,'emp','','on Roll',NULL,'1234567890','0987654321',1,'2012-11-20 19:35:00','Haji AbdulIzaz',1,'o','l','e19',NULL,'yes',NULL,NULL,NULL),(22,'Abdulla A.Y.','','Hassain','e20','M','22','name22gmail.com','IN','101','22','',0,'','B160','GO IN Infrastructure Management','U1502','IM - Service Desk (OGIN B160 U1502)','OGIN','GO India Operation','','1900-01-01 00:00:00',1,'null,null,null',1,'emp','','on Roll',NULL,'1234567890','0987654321',1,'2012-11-20 19:35:00','Hassain Abdulla A.Y.',1,'o','l','e20',NULL,'yes',NULL,NULL,NULL),(23,'Abhay','','Deshmukh','e21','M','23','name23gmail.com','IN','101','23','',3,'T Technical','B210','GO IN Professional Services','U1223','PS - Financial Srvcs','OGIN','GO India Operation','3','1900-01-01 00:00:00',1,'null,null,null',1,'emp','','on Roll',NULL,'1234567890','0987654321',1,'2012-11-20 19:35:00','Deshmukh Abhay',1,'o','l','e21',NULL,'yes',NULL,NULL,NULL),(24,'Abhay','','Gupte','e22','M','24','name24gmail.com','IN','101','24','',6,'GM General Mgmt and Admin','B110','GO IN Overheads','U1102','BSF - General Management','OGIN','GO India Operation','7','1900-01-01 00:00:00',1,'null,null,null',1,'emp','','on Roll',NULL,'1234567890','0987654321',1,'2012-11-20 19:35:00','Gupte Abhay',1,'o','l','e22',NULL,'yes',NULL,NULL,NULL),(25,'Abhay Arvind','','Gado','e23','M','25','name25gmail.com','IN','101','25','',3,'PD Project Delivery','B210','GO IN Professional Services','U1223','PS - Financial Srvcs','OGIN','GO India Operation','1','1900-01-01 00:00:00',1,'null,null,null',1,'emp','','on Roll',NULL,'1234567890','0987654321',1,'2012-11-20 19:35:00','Gado Abhay Arvind',1,'o','l','e23',NULL,'yes',NULL,NULL,NULL),(26,'Abhaya Kumar','','Naik','e24','M','26','name26gmail.com','IN','101','26','',0,'','B120','GO IN Application Management','U1279','AIM -  Incident Management','OGIN','GO India Operation','','1900-01-01 00:00:00',1,'null,null,null',1,'emp','','contract',NULL,'1234567890','0987654321',1,'2012-11-20 19:35:00','Naik Abhaya Kumar',1,'o','l','e24',NULL,'yes',NULL,NULL,NULL),(27,'Abhi Chandan','','Rapelly','e25','M','27','name27gmail.com','IN','101','27','',1,'T Technical','B120','GO IN Application Management','U1279','AIM -  Incident Management','OGIN','GO India Operation','3','1900-01-01 00:00:00',1,'null,null,null',1,'emp','','on Roll',NULL,'1234567890','0987654321',1,'2012-11-20 19:35:00','Rapelly Abhi Chandan',1,'o','l','e25',NULL,'yes',NULL,NULL,NULL),(28,'Abhilash','','Dupati','e26','M','28','name28gmail.com','IN','101','28','',1,'T Technical','B160','GO IN Infrastructure Management','U1503','IM - Control Bridge','OGIN','GO India Operation','3','1900-01-01 00:00:00',1,'null,null,null',1,'emp','','contract',NULL,'1234567890','0987654321',1,'2012-11-20 19:35:00','Dupati Abhilash',1,'o','l','e26',NULL,'yes',NULL,NULL,NULL),(29,'Abhilash','','GS','e27','M','29','name29gmail.com','IN','101','29','',2,'T Technical','B160','GO IN Infrastructure Management','U1615','IM - Mainframe','OGIN','GO India Operation','3','1900-01-01 00:00:00',1,'null,null,null',1,'emp','','contract',NULL,'1234567890','0987654321',1,'2012-11-20 19:35:00','GS Abhilash',1,'o','l','e27',NULL,'yes',NULL,NULL,NULL),(30,'Abhilash','','Marripudi','e28','M','30','name30gmail.com','IN','101','30','',0,'','B210','GO IN Professional Services','U1224','PS - Telecomms','OGIN','GO India Operation','','1900-01-01 00:00:00',1,'null,null,null',1,'emp','','on Roll',NULL,'1234567890','0987654321',1,'2012-11-20 19:35:00','Marripudi Abhilash',1,'o','l','e28',NULL,'yes',NULL,NULL,NULL),(31,'Abhilash','','Prasad','e29','M','31','name31gmail.com','IN','101','31','',2,'PD Project Delivery','B170','GO IN Country Programme Value Facture','U1734','VF - Wave','OGIN','GO India Operation','1','1900-01-01 00:00:00',1,'null,null,null',1,'emp','','contract',NULL,'1234567890','0987654321',1,'2012-11-20 19:35:00','Prasad Abhilash',1,'o','l','e29',NULL,'yes',NULL,NULL,NULL),(32,'Abhilash C','','Devraj','e30','M','32','name32gmail.com','IN','101','32','',0,'','B210','GO IN Professional Services','U1223','PS - Financial Srvcs','OGIN','GO India Operation','','1900-01-01 00:00:00',1,'null,null,null',1,'emp','','on Roll',NULL,'1234567890','0987654321',1,'2012-11-20 19:35:00','Devraj Abhilash C',1,'o','l','e30',NULL,'yes',NULL,NULL,NULL),(33,'Abhilash Chandra Reddy','','Pulla','pullaa','M','33','name33gmail.com','IN','101','33','',1,'SD Service Delivery','B170','GO IN Country Programme Value Facture','U1734','VF - Wave','OGIN','GO India Operation','2','1900-01-01 00:00:00',1,'null,null,null',1,'emp','','contract',NULL,'1234567890','0987654321',1,'2012-11-20 19:35:00','Pulla Abhilash Chandra Reddy',1,'o','l','pullaa',NULL,'yes',NULL,NULL,NULL),(34,'Abhimanyu','','Singh','singhab','M','34','name34gmail.com','IN','101','34','',2,'PD Project Delivery','B210','GO IN Professional Services','U1224','PS - Telecomms','OGIN','GO India Operation','1','1900-01-01 00:00:00',1,'null,null,null',1,'emp','','on Roll',NULL,'1234567890','0987654321',1,'2012-11-20 19:35:00','Singh Abhimanyu',1,'o','l','singhab',NULL,'yes',NULL,NULL,NULL),(35,'Abhinav','','Kotha','kothaab','M','35','name35gmail.com','IN','101','35','',1,'T Technical','B170','GO IN Country Programme Value Facture','U1735','VF - Graduate and Junior Prog','OGIN','GO India Operation','3','1900-01-01 00:00:00',1,'null,null,null',1,'emp','','contract',NULL,'1234567890','0987654321',1,'2012-11-20 19:35:00','Kotha Abhinav',1,'o','l','kothaab',NULL,'yes',NULL,NULL,NULL),(36,'Abhinesh','','Sethumadhavan','sethumadhavana','M','36','name36gmail.com','IN','101','36','',1,'SD Service Delivery','B210','GO IN Professional Services','U1224','PS - Telecomms','OGIN','GO India Operation','2','1900-01-01 00:00:00',1,'null,null,null',1,'emp','','on Roll',NULL,'1234567890','0987654321',1,'2012-11-20 19:35:00','Sethumadhavan Abhinesh',1,'o','l','sethumadhavana',NULL,'yes',NULL,NULL,NULL),(37,'Abhisekh','','Kumar','kumara12','M','37','name37gmail.com','IN','101','37','',1,'T Technical','B210','GO IN Professional Services','U1227','PS - India Domestic','OGIN','GO India Operation','3','1900-01-01 00:00:00',1,'null,null,null',1,'emp','','contract',NULL,'1234567890','0987654321',1,'2012-11-20 19:35:00','Kumar Abhisekh',1,'o','l','kumara12',NULL,'yes',NULL,NULL,NULL),(38,'Abhishek','','Behera','beheraa','M','38','name38gmail.com','IN','101','38','',2,'SD Service Delivery','B210','GO IN Professional Services','U1222','PS - E&U','OGIN','GO India Operation','2','1900-01-01 00:00:00',1,'null,null,null',1,'emp','','contract',NULL,'1234567890','0987654321',1,'2012-11-20 19:35:00','Behera Abhishek',1,'o','l','beheraa',NULL,'yes',NULL,NULL,NULL),(39,'Abhishek','','Bhol','bhola','M','39','name39gmail.com','IN','101','39','',2,'PD Project Delivery','B210','GO IN Professional Services','U1225','PS - IDT Products','OGIN','GO India Operation','1','1900-01-01 00:00:00',1,'null,null,null',1,'emp','','on Roll',NULL,'1234567890','0987654321',1,'2012-11-20 19:35:00','Bhol Abhishek',1,'o','l','bhola',NULL,'yes',NULL,NULL,NULL),(40,'Abhishek','','Chattopadhyay','chattopadhyaya','M','40','name40gmail.com','IN','40','40','',1,'T Technical','B210','GO IN Professional Services','U1224','PS - Telecomms','OGIN','GO India Operation','3','1900-01-01 00:00:00',1,'null,null,null',1,'emp','','on Roll',NULL,'1234567890','0987654321',1,'2012-11-20 19:35:00','Chattopadhyay Abhishek',1,'o','l','chattopadhyaya',NULL,'yes',NULL,NULL,NULL),(41,'Abhishek','','Karmhe','karmheab','M','41','name41gmail.com','IN','41','41','',1,'SD Service Delivery','B120','GO IN Application Management','U1279','AIM -  Incident Management','OGIN','GO India Operation','2','1900-01-01 00:00:00',1,'null,null,null',1,'emp','','on Roll',NULL,'1234567890','0987654321',1,'2012-11-20 19:35:00','Karmhe Abhishek',1,'o','l','karmheab',NULL,'yes',NULL,NULL,NULL),(42,'Abhishek','','Singh','singha13','M','42','name42gmail.com','IN','42','42','',1,'T Technical','B210','GO IN Professional Services','U1225','PS - IDT Products','OGIN','GO India Operation','3','1900-01-01 00:00:00',1,'null,null,null',1,'emp','','on Roll',NULL,'1234567890','0987654321',1,'2012-11-20 19:35:00','Singh Abhishek',1,'o','l','singha13',NULL,'yes',NULL,NULL,NULL),(43,'Abida Mubeen','','Pathan','pathanam','F','43','name43gmail.com','IN','43','43','',1,'PD Project Delivery','B210','GO IN Professional Services','U1225','PS - IDT Products','OGIN','GO India Operation','1','1900-01-01 00:00:00',1,'null,null,null',1,'emp','','on Roll',NULL,'1234567890','0987654321',1,'2012-11-20 19:35:00','Pathan Abida Mubeen',1,'o','l','pathanam',NULL,'yes',NULL,NULL,NULL),(44,'Abin','','Thomas','thomasab','M','44','name44gmail.com','IN','44','44','',1,'T Technical','B210','GO IN Professional Services','U1225','PS - IDT Products','OGIN','GO India Operation','3','1900-01-01 00:00:00',1,'null,null,null',1,'emp','','on Roll',NULL,'1234567890','0987654321',1,'2012-11-20 19:35:00','Thomas Abin',1,'o','l','thomasab',NULL,'yes',NULL,NULL,NULL),(45,'Abinaya','','Manikandan','chandrasekarana','F','45','name45gmail.com','IN','45','45','',1,'SD Service Delivery','B120','GO IN Application Management','U1281','ATM - Test Management','OGIN','GO India Operation','2','1900-01-01 00:00:00',1,'null,null,null',1,'emp','','on Roll',NULL,'1234567890','0987654321',1,'2012-11-20 19:35:00','Manikandan Abinaya',1,'o','l','chandrasekarana',NULL,'yes',NULL,NULL,NULL),(46,'Abirami','','Chinni Krishnan','chinnikrishnana','F','46','name46gmail.com','IN','46','46','',1,'F Finance','B140','GO IN Business Process Outsourcing','U1402','BPO - F&A (OGIN B140 U1402)','OGIN','GO India Operation','10','1900-01-01 00:00:00',1,'null,null,null',1,'emp','','on Roll',NULL,'1234567890','0987654321',1,'2012-11-20 19:35:00','Chinni Krishnan Abirami',1,'o','l','chinnikrishnana',NULL,'yes',NULL,NULL,NULL),(47,'Abirami','','Ganesan','ganesanaa','F','47','name47gmail.com','IN','47','47','',1,'PD Project Delivery','B210','GO IN Professional Services','U1223','PS - Financial Srvcs','OGIN','GO India Operation','1','1900-01-01 00:00:00',1,'null,null,null',1,'emp','','on Roll',NULL,'1234567890','0987654321',1,'2012-11-20 19:35:00','Ganesan Abirami',1,'o','l','ganesanaa',NULL,'yes',NULL,NULL,NULL),(48,'Abirami','','Palani','palania','F','48','name48gmail.com','IN','48','48','',1,'PD Project Delivery','B210','GO IN Professional Services','U1222','PS - E&U','OGIN','GO India Operation','1','1900-01-01 00:00:00',1,'null,null,null',1,'emp','','on Roll',NULL,'1234567890','0987654321',1,'2012-11-20 19:35:00','Palani Abirami',1,'o','l','palania',NULL,'yes',NULL,NULL,NULL),(49,'Abisha Ann Arline','','Nallathambi Chelladurai','nallathambia','F','49','name49gmail.com','IN','49','49','',1,'T Technical','B120','GO IN Application Management','U1279','AIM -  Incident Management','OGIN','GO India Operation','3','1900-01-01 00:00:00',1,'null,null,null',1,'emp','','on Roll',NULL,'1234567890','0987654321',1,'2012-11-20 19:35:00','Nallathambi Chelladurai Abisha Ann Arline',1,'o','l','nallathambia',NULL,'yes',NULL,NULL,NULL),(50,'Abishek','','Kondangi Balaji','kondangibalajia','M','50','name50gmail.com','IN','50','50','',1,'T Technical','B160','GO IN Infrastructure Management','U1616','IM - Toolsets','OGIN','GO India Operation','3','1900-01-01 00:00:00',1,'null,null,null',1,'emp','','on Roll',NULL,'1234567890','0987654321',1,'2012-11-20 19:35:00','Kondangi Balaji Abishek',1,'o','l','kondangibalajia',NULL,'yes',NULL,NULL,NULL),(51,'Abishek Kumar','','Thiagarajan','thiagarajanak','M','51','name51gmail.com','IN','51','51','',2,'SD Service Delivery','B120','GO IN Application Management','U1280','AEM -  Enhancement Management','OGIN','GO India Operation','2','1900-01-01 00:00:00',1,'null,null,null',1,'emp','','contract',NULL,'1234567890','0987654321',1,'2012-11-20 19:35:00','Thiagarajan Abishek Kumar',1,'o','l','thiagarajanak',NULL,'yes',NULL,NULL,NULL),(52,'Aby K','','James','jamesab','F','52','name52gmail.com','IN','52','52','',2,'SD Service Delivery','B120','GO IN Application Management','U1279','AIM -  Incident Management','OGIN','GO India Operation','2','1900-01-01 00:00:00',1,'null,null,null',1,'emp','','contract',NULL,'1234567890','0987654321',1,'2012-11-20 19:35:00','James Aby K',1,'o','l','jamesab',NULL,'yes',NULL,NULL,NULL),(53,'Achudharam Murari','','Vasudevan','vasudevanam','M','53','name53gmail.com','IN','53','53','',1,'T Technical','B210','GO IN Professional Services','U1222','PS - E&U','OGIN','GO India Operation','3','1900-01-01 00:00:00',1,'null,null,null',1,'emp','','contract',NULL,'1234567890','0987654321',1,'2012-11-20 19:35:00','Vasudevan Achudharam Murari',1,'o','l','vasudevanam',NULL,'yes',NULL,NULL,NULL),(54,'Achyut','','Hegde','hegdeac','M','54','name54gmail.com','IN','54','54','',1,'F Finance','B140','GO IN Business Process Outsourcing','U1402','BPO - F&A (OGIN B140 U1402)','OGIN','GO India Operation','10','1900-01-01 00:00:00',1,'null,null,null',1,'emp','','on Roll',NULL,'1234567890','0987654321',1,'2012-11-20 19:35:00','Hegde Achyut',1,'o','l','hegdeac',NULL,'yes',NULL,NULL,NULL),(55,'Adarsh','','Pazhayampillil','pazhayampillila','M','55','name55gmail.com','IN','55','55','',2,'T Technical','B210','GO IN Professional Services','U1223','PS - Financial Srvcs','OGIN','GO India Operation','3','1900-01-01 00:00:00',1,'null,null,null',1,'emp','','on Roll',NULL,'1234567890','0987654321',1,'2012-11-20 19:35:00','Pazhayampillil Adarsh',1,'o','l','pazhayampillila',NULL,'yes',NULL,NULL,NULL),(56,'Adarsh Kumar','','Saxena','saxenaak','M','56','name56gmail.com','IN','56','56','',2,'PD Project Delivery','B120','GO IN Application Management','U1279','AIM -  Incident Management','OGIN','GO India Operation','1','1900-01-01 00:00:00',1,'null,null,null',1,'emp','','on Roll',NULL,'1234567890','0987654321',1,'2012-11-20 19:35:00','Saxena Adarsh Kumar',1,'o','l','saxenaak',NULL,'yes',NULL,NULL,NULL),(57,'Adham Ali','','Rahamathulla','rahamathullaa','M','57','name57gmail.com','IN','57','57','',2,'T Technical','B160','GO IN Infrastructure Management','U1615','IM - Mainframe','OGIN','GO India Operation','3','1900-01-01 00:00:00',1,'null,null,null',1,'emp','','on Roll',NULL,'1234567890','0987654321',1,'2012-11-20 19:35:00','Rahamathulla Adham Ali',1,'o','l','rahamathullaa',NULL,'yes',NULL,NULL,NULL),(58,'Adinarayana','','Vummidi','vummidia','M','58','name58gmail.com','IN','58','58','',3,'SD Service Delivery','B120','GO IN Application Management','U1281','ATM - Test Management','OGIN','GO India Operation','2','1900-01-01 00:00:00',1,'null,null,null',1,'emp','','on Roll',NULL,'1234567890','0987654321',1,'2012-11-20 19:35:00','Vummidi Adinarayana',1,'o','l','vummidia',NULL,'yes',NULL,NULL,NULL),(59,'AdiseshaVinod','','Matcha','matchaa','M','59','name59gmail.com','IN','59','59','',2,'SD Service Delivery','B170','GO IN Country Programme Value Facture','U1734','VF - Wave','OGIN','GO India Operation','2','1900-01-01 00:00:00',1,'null,null,null',1,'emp','','on Roll',NULL,'1234567890','0987654321',1,'2012-11-20 19:35:00','Matcha AdiseshaVinod',1,'o','l','matchaa',NULL,'yes',NULL,NULL,NULL),(60,'Adithya','','Kannan','kannanad','M','60','name60gmail.com','IN','60','60','',1,'F Finance','B140','GO IN Business Process Outsourcing','U1402','BPO - F&A (OGIN B140 U1402)','OGIN','GO India Operation','10','1900-01-01 00:00:00',1,'null,null,null',1,'emp','','on Roll',NULL,'1234567890','0987654321',1,'2012-11-20 19:35:00','Kannan Adithya',1,'o','l','kannanad',NULL,'yes',NULL,NULL,NULL),(61,'Aditi','','Gautam','gautama','F','61','name61gmail.com','IN','61','61','',1,'T Technical','B210','GO IN Professional Services','U1225','PS - IDT Products','OGIN','GO India Operation','3','1900-01-01 00:00:00',1,'null,null,null',1,'emp','','on Roll',NULL,'1234567890','0987654321',1,'2012-11-20 19:35:00','Gautam Aditi',1,'o','l','gautama',NULL,'yes',NULL,NULL,NULL),(62,'Aditya','','Kalavacharla','kalavacharlaa','M','62','name62gmail.com','IN','62','62','',1,'SD Service Delivery','B120','GO IN Application Management','U1279','AIM -  Incident Management','OGIN','GO India Operation','2','1900-01-01 00:00:00',1,'null,null,null',1,'emp','','on Roll',NULL,'1234567890','0987654321',1,'2012-11-20 19:35:00','Kalavacharla Aditya',1,'o','l','kalavacharlaa',NULL,'yes',NULL,NULL,NULL),(63,'Aditya','','Nittala','nittalaa','M','63','name63gmail.com','IN','63','63','',1,'SD Service Delivery','B120','GO IN Application Management','U1279','AIM -  Incident Management','OGIN','GO India Operation','2','1900-01-01 00:00:00',1,'null,null,null',1,'emp','','contract',NULL,'1234567890','0987654321',1,'2012-11-20 19:35:00','Nittala Aditya',1,'o','l','nittalaa',NULL,'yes',NULL,NULL,NULL),(64,'Aditya Anilbabu','','Reddy','reddyad','M','64','name64gmail.com','IN','64','64','',1,'T Technical','B120','GO IN Application Management','U1279','AIM -  Incident Management','OGIN','GO India Operation','3','1900-01-01 00:00:00',1,'null,null,null',1,'emp','','contract',NULL,'1234567890','0987654321',1,'2012-11-20 19:35:00','Reddy Aditya Anilbabu',1,'o','l','reddyad',NULL,'yes',NULL,NULL,NULL),(65,'Aditya Nath','','Sarin','sarinan','M','65','name65gmail.com','IN','65','65','',2,'T Technical','B210','GO IN Professional Services','U1224','PS - Telecomms','OGIN','GO India Operation','3','1900-01-01 00:00:00',1,'null,null,null',1,'emp','','contract',NULL,'1234567890','0987654321',1,'2012-11-20 19:35:00','Sarin Aditya Nath',1,'o','l','sarinan',NULL,'yes',NULL,NULL,NULL),(66,'Aditya Prakash','','Shrivastava','shrivastavaad','M','66','name66gmail.com','IN','66','66','',1,'SD Service Delivery','B120','GO IN Application Management','U1280','AEM -  Enhancement Management','OGIN','GO India Operation','2','1900-01-01 00:00:00',1,'null,null,null',1,'emp','','contract',NULL,'1234567890','0987654321',1,'2012-11-20 19:35:00','Shrivastava Aditya Prakash',1,'o','l','shrivastavaad',NULL,'yes',NULL,NULL,NULL),(67,'Aditya R','','Tuluva','tuluvaa','M','67','name67gmail.com','IN','67','67','',2,'SD Service Delivery','B120','GO IN Application Management','U1279','AIM -  Incident Management','OGIN','GO India Operation','2','1900-01-01 00:00:00',1,'null,null,null',1,'emp','','contract',NULL,'1234567890','0987654321',1,'2012-11-20 19:35:00','Tuluva Aditya R',1,'o','l','tuluvaa',NULL,'yes',NULL,NULL,NULL),(68,'Aditya Venkata Phani Upadrashta','','Prasad','prasadav','M','68','name68gmail.com','IN','68','68','',3,'PD Project Delivery','B120','GO IN Application Management','U1280','AEM -  Enhancement Management','OGIN','GO India Operation','1','1900-01-01 00:00:00',1,'null,null,null',1,'emp','','contract',NULL,'1234567890','0987654321',1,'2012-11-20 19:35:00','Prasad Aditya Venkata Phani Upadrashta',1,'o','l','prasadav',NULL,'yes',NULL,NULL,NULL),(69,'Adityesh','','Rathore','rathorea','M','69','name69gmail.com','IN','69','69','',2,'SD Service Delivery','B120','GO IN Application Management','U1280','AEM -  Enhancement Management','OGIN','GO India Operation','2','1900-01-01 00:00:00',1,'null,null,null',1,'emp','','contract',NULL,'1234567890','0987654321',1,'2012-11-20 19:35:00','Rathore Adityesh',1,'o','l','rathorea',NULL,'yes',NULL,NULL,NULL),(70,'Adnan Shabbir','','Jimmy','jimmya','M','70','name70gmail.com','IN','70','70','',2,'SD Service Delivery','B120','GO IN Application Management','U1279','AIM -  Incident Management','OGIN','GO India Operation','2','1900-01-01 00:00:00',1,'null,null,null',1,'emp','','contract',NULL,'1234567890','0987654321',1,'2012-11-20 19:35:00','Jimmy Adnan Shabbir',1,'o','l','jimmya',NULL,'yes',NULL,NULL,NULL),(71,'Aeisha','','Sultana','sultanaa','F','71','name71gmail.com','IN','71','71','',0,'','B120','GO IN Application Management','U1279','AIM -  Incident Management','OGIN','GO India Operation','','1900-01-01 00:00:00',1,'null,null,null',1,'emp','','contract',NULL,'1234567890','0987654321',1,'2012-11-20 19:35:00','Sultana Aeisha',1,'o','l','sultanaa',NULL,'yes',NULL,NULL,NULL),(72,'Afsar','','Baig','baiga','M','72','name72gmail.com','IN','72','72','',1,'SD Service Delivery','B120','GO IN Application Management','U1254','TS - Functional testing','OGIN','GO India Operation','2','1900-01-01 00:00:00',1,'null,null,null',1,'emp','','contract',NULL,'1234567890','0987654321',1,'2012-11-20 19:35:00','Baig Afsar',1,'o','l','baiga',NULL,'yes',NULL,NULL,NULL),(73,'Agnesh','','Arya','aryaag','M','73','name73gmail.com','IN','73','73','',2,'T Technical','B120','GO IN Application Management','U1280','AEM -  Enhancement Management','OGIN','GO India Operation','3','1900-01-01 00:00:00',1,'null,null,null',1,'emp','','contract',NULL,'1234567890','0987654321',1,'2012-11-20 19:35:00','Arya Agnesh',1,'o','l','aryaag',NULL,'yes',NULL,NULL,NULL),(74,'Ahelesvaran','','Veeri Ramachandran Sivasubramaniam','veeria','M','74','name74gmail.com','IN','74','74','',1,'F Finance','B140','GO IN Business Process Outsourcing','U1402','BPO - F&A (OGIN B140 U1402)','OGIN','GO India Operation','10','1900-01-01 00:00:00',1,'null,null,null',1,'emp','','contract',NULL,'1234567890','0987654321',1,'2012-11-20 19:35:00','Veeri Ramachandran Sivasubramaniam Ahelesvaran',1,'o','l','veeria',NULL,'yes',NULL,NULL,NULL),(75,'Ahmed Jabir','','Badur Ferry','badurferrya','M','75','name75gmail.com','IN','75','75','',1,'T Technical','B120','GO IN Application Management','U1280','AEM -  Enhancement Management','OGIN','GO India Operation','3','1900-01-01 00:00:00',1,'null,null,null',1,'emp','','contract',NULL,'1234567890','0987654321',1,'2012-11-20 19:35:00','Badur Ferry Ahmed Jabir',1,'o','l','badurferrya',NULL,'yes',NULL,NULL,NULL),(76,'Aishwarya','','Ganesan','ganesanai','F','76','name76gmail.com','IN','76','76','',1,'SD Service Delivery','B120','GO IN Application Management','U1279','AIM -  Incident Management','OGIN','GO India Operation','2','1900-01-01 00:00:00',1,'null,null,null',1,'emp','','contract',NULL,'1234567890','0987654321',1,'2012-11-20 19:35:00','Ganesan Aishwarya',1,'o','l','ganesanai',NULL,'yes',NULL,NULL,NULL),(77,'Aishwarya','','Janarthanan','janarthanana','F','77','name77gmail.com','IN','77','77','',1,'T Technical','B120','GO IN Application Management','U1280','AEM -  Enhancement Management','OGIN','GO India Operation','3','1900-01-01 00:00:00',1,'null,null,null',1,'emp','','contract',NULL,'1234567890','0987654321',1,'2012-11-20 19:35:00','Janarthanan Aishwarya',1,'o','l','janarthanana',NULL,'yes',NULL,NULL,NULL),(78,'Aishwarya','','Kuduva Kannan','kuduvakannana','F','78','name78gmail.com','IN','78','78','',1,'T Technical','B120','GO IN Application Management','U1279','AIM -  Incident Management','OGIN','GO India Operation','3','1900-01-01 00:00:00',1,'null,null,null',1,'emp','','contract',NULL,'1234567890','0987654321',1,'2012-11-20 19:35:00','Kuduva Kannan Aishwarya',1,'o','l','kuduvakannana',NULL,'yes',NULL,NULL,NULL),(79,'Aishwarya','','Prabu','prabua','F','79','name79gmail.com','IN','79','79','',1,'T Technical','B120','GO IN Application Management','U1280','AEM -  Enhancement Management','OGIN','GO India Operation','3','1900-01-01 00:00:00',1,'null,null,null',1,'emp','','contract',NULL,'1234567890','0987654321',1,'2012-11-20 19:35:00','Prabu Aishwarya',1,'o','l','prabua',NULL,'yes',NULL,NULL,NULL),(80,'Aishwarya','','Sivakumaran','sivakumarana','F','80','name80gmail.com','IN','80','80','',1,'SD Service Delivery','B170','GO IN Country Programme Value Facture','U1734','VF - Wave','OGIN','GO India Operation','2','1900-01-01 00:00:00',1,'null,null,null',1,'emp','','contract',NULL,'1234567890','0987654321',1,'2012-11-20 19:35:00','Sivakumaran Aishwarya',1,'o','l','sivakumarana',NULL,'yes',NULL,NULL,NULL),(81,'Ajay','','Baby','babya','M','81','name81gmail.com','IN','81','81','',3,'PD Project Delivery','B120','GO IN Application Management','U1282','APSO - Production Overheads/SM','OGIN','GO India Operation','1','1900-01-01 00:00:00',1,'null,null,null',1,'emp','','contract',NULL,'1234567890','0987654321',1,'2012-11-20 19:35:00','Baby Ajay',1,'o','l','babya',NULL,'yes',NULL,NULL,NULL),(82,'Ajay','','Chaudhary','chaudharyaj','M','82','name82gmail.com','IN','82','82','',1,'T Technical','B210','GO IN Professional Services','U1225','PS - IDT Products','OGIN','GO India Operation','3','1900-01-01 00:00:00',1,'null,null,null',1,'emp','','contract',NULL,'1234567890','0987654321',1,'2012-11-20 19:35:00','Chaudhary Ajay',1,'o','l','chaudharyaj',NULL,'yes',NULL,NULL,NULL),(83,'Ajay','','Kashyap','kashyapaj','M','83','name83gmail.com','IN','83','83','',2,'PD Project Delivery','B120','GO IN Application Management','U1279','AIM -  Incident Management','OGIN','GO India Operation','1','1900-01-01 00:00:00',1,'null,null,null',1,'emp','','contract',NULL,'1234567890','0987654321',1,'2012-11-20 19:35:00','Kashyap Ajay',1,'o','l','kashyapaj',NULL,'yes',NULL,NULL,NULL),(84,'Ajay','','Kumar','kumara18','M','84','name84gmail.com','IN','84','84','',1,'PD Project Delivery','B210','GO IN Professional Services','U1225','PS - IDT Products','OGIN','GO India Operation','1','1900-01-01 00:00:00',1,'null,null,null',1,'emp','','contract',NULL,'1234567890','0987654321',1,'2012-11-20 19:35:00','Kumar Ajay',1,'o','l','kumara18',NULL,'yes',NULL,NULL,NULL),(85,'Ajay','','Thakur','thakuraj','M','85','name85gmail.com','IN','85','85','',2,'T Technical','B160','GO IN Infrastructure Management','U1615','IM - Mainframe','OGIN','GO India Operation','3','1900-01-01 00:00:00',1,'null,null,null',1,'emp','','contract',NULL,'1234567890','0987654321',1,'2012-11-20 19:35:00','Thakur Ajay',1,'o','l','thakuraj',NULL,'yes',NULL,NULL,NULL),(86,'Ajay Kumar','','Dad','dada','M','86','name86gmail.com','IN','86','86','',1,'T Technical','B120','GO IN Application Management','U1254','TS - Functional testing','OGIN','GO India Operation','3','1900-01-01 00:00:00',1,'null,null,null',1,'emp','','contract',NULL,'1234567890','0987654321',1,'2012-11-20 19:35:00','Dad Ajay Kumar',1,'o','l','dada',NULL,'yes',NULL,NULL,NULL),(87,'Ajay Kumar','','Srivastava','srivastavaak','M','87','name87gmail.com','IN','87','87','',2,'T Technical','B210','GO IN Professional Services','U1224','PS - Telecomms','OGIN','GO India Operation','3','1900-01-01 00:00:00',1,'null,null,null',1,'emp','','contract',NULL,'1234567890','0987654321',1,'2012-11-20 19:35:00','Srivastava Ajay Kumar',1,'o','l','srivastavaak',NULL,'yes',NULL,NULL,NULL),(88,'Ajay Mangily','','Nair','naira','M','88','name88gmail.com','IN','88','88','',2,'PD Project Delivery','B210','GO IN Professional Services','U1221','PS - Central','OGIN','GO India Operation','1','1900-01-01 00:00:00',1,'null,null,null',1,'emp','','contract',NULL,'1234567890','0987654321',1,'2012-11-20 19:35:00','Nair Ajay Mangily',1,'o','l','naira',NULL,'yes',NULL,NULL,NULL),(89,'Ajay Mathews','','Baby','babyam','M','89','name89gmail.com','IN','89','89','',1,'SD Service Delivery','B160','GO IN Infrastructure Management','U1503','IM - Control Bridge','OGIN','GO India Operation','2','1900-01-01 00:00:00',1,'null,null,null',1,'emp','','contract',NULL,'1234567890','0987654321',1,'2012-11-20 19:35:00','Baby Ajay Mathews',1,'o','l','babyam',NULL,'yes',NULL,NULL,NULL),(90,'Ajay Sudan','','Keney','keneya','M','90','name90gmail.com','IN','90','90','',2,'PD Project Delivery','B210','GO IN Professional Services','U1227','PS - India Domestic','OGIN','GO India Operation','1','1900-01-01 00:00:00',1,'null,null,null',1,'emp','','contract',NULL,'1234567890','0987654321',1,'2012-11-20 19:35:00','Keney Ajay Sudan',1,'o','l','keneya',NULL,'yes',NULL,NULL,NULL),(91,'Ajaya','','MohanPV','mohanpva','M','91','name91gmail.com','IN','91','91','',2,'PD Project Delivery','B210','GO IN Professional Services','U1222','PS - E&U','OGIN','GO India Operation','1','1900-01-01 00:00:00',1,'null,null,null',1,'emp','','contract',NULL,'1234567890','0987654321',1,'2012-11-20 19:35:00','MohanPV Ajaya',1,'o','l','mohanpva',NULL,'yes',NULL,NULL,NULL),(92,'AjayKumar','','Bathula','bathulaa','M','92','name92gmail.com','IN','92','92','',2,'PD Project Delivery','B210','GO IN Professional Services','U1225','PS - IDT Products','OGIN','GO India Operation','1','1900-01-01 00:00:00',1,'null,null,null',1,'emp','','contract',NULL,'1234567890','0987654321',1,'2012-11-20 19:35:00','Bathula AjayKumar',1,'o','l','bathulaa',NULL,'yes',NULL,NULL,NULL),(93,'Ajaykumar','','Gourabathina','gourabathinaa','M','93','name93gmail.com','IN','93','93','',2,'SD Service Delivery','B120','GO IN Application Management','U1279','AIM -  Incident Management','OGIN','GO India Operation','2','1900-01-01 00:00:00',1,'null,null,null',1,'emp','','contract',NULL,'1234567890','0987654321',1,'2012-11-20 19:35:00','Gourabathina Ajaykumar',1,'o','l','gourabathinaa',NULL,'yes',NULL,NULL,NULL),(94,'Ajaykumar Reddy','','Tadakara','tadakaraar','M','94','name94gmail.com','IN','94','94','',3,'SD Service Delivery','B120','GO IN Application Management','U1282','APSO - Production Overheads/SM','OGIN','GO India Operation','2','1900-01-01 00:00:00',1,'null,null,null',1,'emp','','contract',NULL,'1234567890','0987654321',1,'2012-11-20 19:35:00','Tadakara Ajaykumar Reddy',1,'o','l','tadakaraar',NULL,'yes',NULL,NULL,NULL),(95,'Ajit','','Chandragiri','chandragiria','M','95','name95gmail.com','IN','95','95','',1,'SD Service Delivery','B120','GO IN Application Management','U1280','AEM -  Enhancement Management','OGIN','GO India Operation','2','1900-01-01 00:00:00',1,'null,null,null',1,'emp','','contract',NULL,'1234567890','0987654321',1,'2012-11-20 19:35:00','Chandragiri Ajit',1,'o','l','chandragiria',NULL,'yes',NULL,NULL,NULL),(96,'Ajit Ankush','','Sankpal','sankpala','M','96','name96gmail.com','IN','96','96','',1,'T Technical','B210','GO IN Professional Services','U1227','PS - India Domestic','OGIN','GO India Operation','3','1900-01-01 00:00:00',1,'null,null,null',1,'emp','','contract',NULL,'1234567890','0987654321',1,'2012-11-20 19:35:00','Sankpal Ajit Ankush',1,'o','l','sankpala',NULL,'yes',NULL,NULL,NULL),(97,'Ajith','','KumarPN','kumarpna','M','97','name97gmail.com','IN','97','97','',3,'T Technical','B210','GO IN Professional Services','U1226','PS - DICE','OGIN','GO India Operation','3','1900-01-01 00:00:00',1,'null,null,null',1,'emp','','contract',NULL,'1234567890','0987654321',1,'2012-11-20 19:35:00','KumarPN Ajith',1,'o','l','kumarpna',NULL,'yes',NULL,NULL,NULL),(98,'Ajith','','Samuel','samuelai','M','98','name98gmail.com','IN','98','98','',0,'','B110','GO IN Overheads','U1160','BSF - One IS Service Delivery','OGIN','GO India Operation','','1900-01-01 00:00:00',1,'null,null,null',1,'emp','','contract',NULL,'1234567890','0987654321',1,'2012-11-20 19:35:00','Samuel Ajith',1,'o','l','samuelai',NULL,'yes',NULL,NULL,NULL),(99,'Ajith','','Unnikrishnan','unnikrishnanaj','M','99','name99gmail.com','IN','99','99','',1,'PD Project Delivery','B120','GO IN Application Management','U1279','AIM -  Incident Management','OGIN','GO India Operation','1','1900-01-01 00:00:00',1,'null,null,null',1,'emp','','contract',NULL,'1234567890','0987654321',1,'2012-11-20 19:35:00','Unnikrishnan Ajith',1,'o','l','unnikrishnanaj',NULL,'yes',NULL,NULL,NULL),(100,'Ajith Sirangala','','Javarappa','javarappaa','M','100','name100gmail.com','IN','100','100','',2,'SD Service Delivery','B120','GO IN Application Management','U1280','AEM -  Enhancement Management','OGIN','GO India Operation','2','1900-01-01 00:00:00',1,'null,null,null',1,'emp','','contract',NULL,'1234567890','0987654321',1,'2012-11-20 19:35:00','Javarappa Ajith Sirangala',1,'o','l','javarappaa',NULL,'yes',NULL,NULL,NULL),(101,'Ajosh','','John','johnaj','M','101','name101gmail.com','IN','101','101','',2,'SD Service Delivery','B120','GO IN Application Management','U1279','AIM -  Incident Management','OGIN','GO India Operation','2','1900-01-01 00:00:00',1,'null,null,null',1,'hrm','','contract',NULL,'1234567890','0987654321',1,'2012-11-20 19:35:00','John Ajosh',4,'o','l','johnaj','2014-04-15 00:00:00','yes',NULL,NULL,NULL),(102,'Ajoy','','Chourasia','chourasiaa','M','102','name102gmail.com','IN','102','102','',4,'PD Project Delivery','B210','GO IN Professional Services','U1223','PS - Financial Srvcs','OGIN','GO India Operation','1','1900-01-01 00:00:00',1,'null,null,null',1,'emp','','contract',NULL,'1234567890','0987654321',1,'2012-11-20 19:35:00','Chourasia Ajoy',1,'o','l','chourasiaa',NULL,'yes',NULL,NULL,NULL),(103,'Akanksha','','Sinha','sinhaak','F','103','name103gmail.com','IN','103','103','',1,'T Technical','B210','GO IN Professional Services','U1224','PS - Telecomms','OGIN','GO India Operation','3','1900-01-01 00:00:00',1,'null,null,null',1,'emp','','contract',NULL,'1234567890','0987654321',1,'2012-11-20 19:35:00','Sinha Akanksha',1,'o','l','sinhaak',NULL,'yes',NULL,NULL,NULL),(104,'Akansha','','Agarwal','agarwalak','F','104','name104gmail.com','IN','104','104','',1,'SD Service Delivery','B160','GO IN Infrastructure Management','U1606','IM - DBA (DAT)','OGIN','GO India Operation','2','1900-01-01 00:00:00',1,'null,null,null',1,'emp','','contract',NULL,'1234567890','0987654321',1,'2012-11-20 19:35:00','Agarwal Akansha',1,'o','l','agarwalak',NULL,'yes',NULL,NULL,NULL),(105,'Akhil','','Pratap','pratapa','M','105','name105gmail.com','IN','105','105','',3,'BC Business Consultancy','B800','OS IN Global Overheads','U8001','OS - Central cost','OOIN','OS India Operation','4','1900-01-01 00:00:00',1,'null,null,null',1,'emp','','contract',NULL,'1234567890','0987654321',1,'2012-11-20 19:35:00','Pratap Akhil',1,'o','l','pratapa',NULL,'yes',NULL,NULL,NULL),(106,'Akhila','','Surve','survea','F','106','name106gmail.com','IN','106','106','',2,'SD Service Delivery','B120','GO IN Application Management','U1281','ATM - Test Management','OGIN','GO India Operation','2','1900-01-01 00:00:00',1,'null,null,null',1,'emp','','contract',NULL,'1234567890','0987654321',1,'2012-11-20 19:35:00','Surve Akhila',1,'o','l','survea',NULL,'yes',NULL,NULL,NULL),(107,'Akhilesh Kumar','','Pandey','pandeyah','M','107','name107gmail.com','IN','107','107','',1,'T Technical','B210','GO IN Professional Services','U1225','PS - IDT Products','OGIN','GO India Operation','3','1900-01-01 00:00:00',1,'null,null,null',1,'emp','','contract',NULL,'1234567890','0987654321',1,'2012-11-20 19:35:00','Pandey Akhilesh Kumar',1,'o','l','pandeyah',NULL,'yes',NULL,NULL,NULL),(108,'Akili','','Ashok Kumar','ashokkumarak','M','108','name108gmail.com','IN','108','108','',1,'SD Service Delivery','B120','GO IN Application Management','U1279','AIM -  Incident Management','OGIN','GO India Operation','2','1900-01-01 00:00:00',1,'null,null,null',1,'emp','','contract',NULL,'1234567890','0987654321',1,'2012-11-20 19:35:00','Ashok Kumar Akili',1,'o','l','ashokkumarak',NULL,'yes',NULL,NULL,NULL),(109,'Akshat','','Gupta','guptaah','M','109','name109gmail.com','IN','109','109','',1,'T Technical','B120','GO IN Application Management','U1280','AEM -  Enhancement Management','OGIN','GO India Operation','3','1900-01-01 00:00:00',1,'null,null,null',1,'emp','','contract',NULL,'1234567890','0987654321',1,'2012-11-20 19:35:00','Gupta Akshat',1,'o','l','guptaah',NULL,'yes',NULL,NULL,NULL),(110,'Akshatha','','Rai','raiak','F','110','name110gmail.com','IN','110','110','',2,'T Technical','B210','GO IN Professional Services','U1225','PS - IDT Products','OGIN','GO India Operation','3','1900-01-01 00:00:00',1,'null,null,null',1,'emp','','contract',NULL,'1234567890','0987654321',1,'2012-11-20 19:35:00','Rai Akshatha',1,'o','l','raiak',NULL,'yes',NULL,NULL,NULL),(111,'Akshay','','Agarawal','agarwalas','M','111','name111gmail.com','IN','111','111','',1,'T Technical','B120','GO IN Application Management','U1280','AEM -  Enhancement Management','OGIN','GO India Operation','3','1900-01-01 00:00:00',1,'null,null,null',1,'emp','','contract',NULL,'1234567890','0987654321',1,'2012-11-20 19:35:00','Agarawal Akshay',1,'o','l','agarwalas',NULL,'yes',NULL,NULL,NULL),(112,'Akshay','','Gandhi','gandhia','M','112','name112gmail.com','IN','112','112','',1,'GM General Mgmt and Admin','B160','GO IN Infrastructure Management','U1603','IM - Wintel (OGIN B160 U1603)','OGIN','GO India Operation','7','1900-01-01 00:00:00',1,'null,null,null',1,'emp','','contract',NULL,'1234567890','0987654321',1,'2012-11-20 19:35:00','Gandhi Akshay',1,'o','l','gandhia',NULL,'yes',NULL,NULL,NULL),(113,'Akshay','','Tiwari','tiwariak','M','113','name113gmail.com','IN','113','113','',2,'SD Service Delivery','B210','GO IN Professional Services','U1222','PS - E&U','OGIN','GO India Operation','2','1900-01-01 00:00:00',1,'null,null,null',1,'emp','','contract',NULL,'1234567890','0987654321',1,'2012-11-20 19:35:00','Tiwari Akshay',1,'o','l','tiwariak',NULL,'yes',NULL,NULL,NULL),(114,'Alagammai','','Sokkalingam Chockalingam','sokkalingama','F','114','name114gmail.com','IN','114','114','',1,'SD Service Delivery','B160','GO IN Infrastructure Management','U1605','IM - Distributed Srvcs (OGIN B160 U1605)','OGIN','GO India Operation','2','1900-01-01 00:00:00',1,'null,null,null',1,'emp','','contract',NULL,'1234567890','0987654321',1,'2012-11-20 19:35:00','Sokkalingam Chockalingam Alagammai',1,'o','l','sokkalingama',NULL,'yes',NULL,NULL,NULL),(115,'Alagarsamy','','Rengarajan','rengarajana','M','115','name115gmail.com','IN','115','115','',2,'PD Project Delivery','B120','GO IN Application Management','U1279','AIM -  Incident Management','OGIN','GO India Operation','1','1900-01-01 00:00:00',1,'null,null,null',1,'emp','','contract',NULL,'1234567890','0987654321',1,'2012-11-20 19:35:00','Rengarajan Alagarsamy',1,'o','l','rengarajana',NULL,'yes',NULL,NULL,NULL),(116,'Alagarsamy','','Sundararajan','sundararajanal','M','116','name116gmail.com','IN','116','116','',1,'T Technical','B210','GO IN Professional Services','U1225','PS - IDT Products','OGIN','GO India Operation','3','1900-01-01 00:00:00',1,'null,null,null',1,'emp','','contract',NULL,'1234567890','0987654321',1,'2012-11-20 19:35:00','Sundararajan Alagarsamy',1,'o','l','sundararajanal',NULL,'yes',NULL,NULL,NULL),(117,'Alagurajan','','Sundharanathan','sundharanathana','M','117','name117gmail.com','IN','117','117','',1,'T Technical','B120','GO IN Application Management','U1279','AIM -  Incident Management','OGIN','GO India Operation','3','1900-01-01 00:00:00',1,'null,null,null',1,'emp','','contract',NULL,'1234567890','0987654321',1,'2012-11-20 19:35:00','Sundharanathan Alagurajan',1,'o','l','sundharanathana',NULL,'yes',NULL,NULL,NULL),(118,'Alameen','','Ahmed','ahmedal','M','118','name118gmail.com','IN','118','118','',2,'SD Service Delivery','B160','GO IN Infrastructure Management','U1607','IM - Project Management','OGIN','GO India Operation','2','1900-01-01 00:00:00',1,'null,null,null',1,'emp','','contract',NULL,'1234567890','0987654321',1,'2012-11-20 19:35:00','Ahmed Alameen',1,'o','l','ahmedal',NULL,'yes',NULL,NULL,NULL),(119,'Albert','','Chandru','chandrua','M','119','name119gmail.com','IN','119','119','',1,'T Technical','B210','GO IN Professional Services','U1224','PS - Telecomms','OGIN','GO India Operation','3','1900-01-01 00:00:00',1,'null,null,null',1,'emp','','contract',NULL,'1234567890','0987654321',1,'2012-11-20 19:35:00','Chandru Albert',1,'o','l','chandrua',NULL,'yes',NULL,NULL,NULL),(120,'Albert','','Joy','joyal','M','120','name120gmail.com','IN','120','120','',1,'SD Service Delivery','B120','GO IN Application Management','U1279','AIM -  Incident Management','OGIN','GO India Operation','2','1900-01-01 00:00:00',1,'null,null,null',1,'emp','','contract',NULL,'1234567890','0987654321',1,'2012-11-20 19:35:00','Joy Albert',1,'o','l','joyal',NULL,'yes',NULL,NULL,NULL),(121,'Alex','','Samuel','samuela','M','121','name121gmail.com','IN','121','121','',1,'SD Service Delivery','B120','GO IN Application Management','U1279','AIM -  Incident Management','OGIN','GO India Operation','2','1900-01-01 00:00:00',1,'null,null,null',1,'emp','','contract',NULL,'1234567890','0987654321',1,'2012-11-20 19:35:00','Samuel Alex',1,'o','l','samuela',NULL,'yes',NULL,NULL,NULL),(122,'Alexander','','Rajendran','rajendrana','M','122','name122gmail.com','IN','122','122','',2,'T Technical','B210','GO IN Professional Services','U1224','PS - Telecomms','OGIN','GO India Operation','3','1900-01-01 00:00:00',1,'null,null,null',1,'emp','','contract',NULL,'1234567890','0987654321',1,'2012-11-20 19:35:00','Rajendran Alexander',1,'o','l','rajendrana',NULL,'yes',NULL,NULL,NULL),(123,'Alice Joy','','Choppavarapu','choppavarapua','F','123','name123gmail.com','IN','123','123','',1,'SD Service Delivery','B120','GO IN Application Management','U1279','AIM -  Incident Management','OGIN','GO India Operation','2','1900-01-01 00:00:00',1,'null,null,null',1,'emp','','contract',NULL,'1234567890','0987654321',1,'2012-11-20 19:35:00','Choppavarapu Alice Joy',1,'o','l','choppavarapua',NULL,'yes',NULL,NULL,NULL),(124,'AliSher','','Kalubhai','kalubhaia','M','124','name124gmail.com','IN','124','124','',0,'','B110','GO IN Overheads','U1160','BSF - One IS Service Delivery','OGIN','GO India Operation','','1900-01-01 00:00:00',1,'null,null,null',1,'emp','','contract',NULL,'1234567890','0987654321',1,'2012-11-20 19:35:00','Kalubhai AliSher',1,'o','l','kalubhaia',NULL,'yes',NULL,NULL,NULL),(125,'Aliya','','Sultana','sultanaal','F','125','name125gmail.com','IN','125','125','',1,'SD Service Delivery','B120','GO IN Application Management','U1280','AEM -  Enhancement Management','OGIN','GO India Operation','2','1900-01-01 00:00:00',1,'null,null,null',1,'emp','','contract',NULL,'1234567890','0987654321',1,'2012-11-20 19:35:00','Sultana Aliya',1,'o','l','sultanaal',NULL,'yes',NULL,NULL,NULL),(126,'Alli','','Vickramadhithan','vickramadhithana','F','126','name126gmail.com','IN','126','126','',1,'T Technical','B210','GO IN Professional Services','U1224','PS - Telecomms','OGIN','GO India Operation','3','1900-01-01 00:00:00',1,'null,null,null',1,'emp','','contract',NULL,'1234567890','0987654321',1,'2012-11-20 19:35:00','Vickramadhithan Alli',1,'o','l','vickramadhithana',NULL,'yes',NULL,NULL,NULL),(127,'Alok','','Prasad','prasadal','M','127','name127gmail.com','IN','127','127','',1,'T Technical','B120','GO IN Application Management','U1279','AIM -  Incident Management','OGIN','GO India Operation','3','1900-01-01 00:00:00',1,'null,null,null',1,'emp','','contract',NULL,'1234567890','0987654321',1,'2012-11-20 19:35:00','Prasad Alok',1,'o','l','prasadal',NULL,'yes',NULL,NULL,NULL),(128,'Alok','','Saurabh','saurabha','M','128','name128gmail.com','IN','128','128','',1,'T Technical','B120','GO IN Application Management','U1281','ATM - Test Management','OGIN','GO India Operation','3','1900-01-01 00:00:00',1,'null,null,null',1,'emp','','contract',NULL,'1234567890','0987654321',1,'2012-11-20 19:35:00','Saurabh Alok',1,'o','l','saurabha',NULL,'yes',NULL,NULL,NULL),(129,'Aloysius Kumar','','Michael','michaelak','M','129','name129gmail.com','IN','129','129','',2,'T Technical','B120','GO IN Application Management','U1279','AIM -  Incident Management','OGIN','GO India Operation','3','1900-01-01 00:00:00',1,'null,null,null',1,'emp','','contract',NULL,'1234567890','0987654321',1,'2012-11-20 19:35:00','Michael Aloysius Kumar',1,'o','l','michaelak',NULL,'yes',NULL,NULL,NULL),(130,'Alwin','','Ronald','ronalda','M','130','name130gmail.com','IN','130','130','',2,'SD Service Delivery','B160','GO IN Infrastructure Management','U1503','IM - Control Bridge','OGIN','GO India Operation','2','1900-01-01 00:00:00',1,'null,null,null',1,'emp','','contract',NULL,'1234567890','0987654321',1,'2012-11-20 19:35:00','Ronald Alwin',1,'o','l','ronalda',NULL,'yes',NULL,NULL,NULL),(131,'Amala','','Sakthivel','sakthivelam','F','131','name131gmail.com','IN','131','131','',1,'T Technical','B210','GO IN Professional Services','U1224','PS - Telecomms','OGIN','GO India Operation','3','1900-01-01 00:00:00',1,'null,null,null',1,'emp','','contract',NULL,'1234567890','0987654321',1,'2012-11-20 19:35:00','Sakthivel Amala',1,'o','l','sakthivelam',NULL,'yes',NULL,NULL,NULL),(132,'Amala','','Sivakumar','sivakumaram','F','132','name132gmail.com','IN','132','132','',1,'SD Service Delivery','B120','GO IN Application Management','U1279','AIM -  Incident Management','OGIN','GO India Operation','2','1900-01-01 00:00:00',1,'null,null,null',1,'emp','','contract',NULL,'1234567890','0987654321',1,'2012-11-20 19:35:00','Sivakumar Amala',1,'o','l','sivakumaram',NULL,'yes',NULL,NULL,NULL),(133,'Amalendu','','Jha','jhaam','M','133','name133gmail.com','IN','133','133','',1,'T Technical','B120','GO IN Application Management','U1280','AEM -  Enhancement Management','OGIN','GO India Operation','3','1900-01-01 00:00:00',1,'null,null,null',1,'emp','','contract',NULL,'1234567890','0987654321',1,'2012-11-20 19:35:00','Jha Amalendu',1,'o','l','jhaam',NULL,'yes',NULL,NULL,NULL),(134,'Amalendu','','Samanta','samantaa','M','134','name134gmail.com','IN','134','134','',1,'T Technical','B210','GO IN Professional Services','U1222','PS - E&U','OGIN','GO India Operation','3','1900-01-01 00:00:00',1,'null,null,null',1,'emp','','contract',NULL,'1234567890','0987654321',1,'2012-11-20 19:35:00','Samanta Amalendu',1,'o','l','samantaa',NULL,'yes',NULL,NULL,NULL),(135,'Amar Sujith','','Punyakoti','punyakotia','M','135','name135gmail.com','IN','135','135','',1,'SD Service Delivery','B160','GO IN Infrastructure Management','U1605','IM - Distributed Srvcs (OGIN B160 U1605)','OGIN','GO India Operation','2','1900-01-01 00:00:00',1,'null,null,null',1,'emp','','contract',NULL,'1234567890','0987654321',1,'2012-11-20 19:35:00','Punyakoti Amar Sujith',1,'o','l','punyakotia',NULL,'yes',NULL,NULL,NULL),(136,'Amarendra Reddy','','Dorasingam','dorasingama','M','136','name136gmail.com','IN','136','136','',1,'T Technical','B120','GO IN Application Management','U1280','AEM -  Enhancement Management','OGIN','GO India Operation','3','1900-01-01 00:00:00',1,'null,null,null',1,'emp','','contract',NULL,'1234567890','0987654321',1,'2012-11-20 19:35:00','Dorasingam Amarendra Reddy',1,'o','l','dorasingama',NULL,'yes',NULL,NULL,NULL),(137,'Amaresh','','Dash','dasha','M','137','name137gmail.com','IN','137','137','',2,'T Technical','B210','GO IN Professional Services','U1222','PS - E&U','OGIN','GO India Operation','3','1900-01-01 00:00:00',1,'null,null,null',1,'emp','','contract',NULL,'1234567890','0987654321',1,'2012-11-20 19:35:00','Dash Amaresh',1,'o','l','dasha',NULL,'yes',NULL,NULL,NULL),(138,'Amarjeet','','Khanuja','khanujaa','M','138','name138gmail.com','IN','138','138','',3,'PD Project Delivery','B120','GO IN Application Management','U1280','AEM -  Enhancement Management','OGIN','GO India Operation','1','1900-01-01 00:00:00',1,'null,null,null',1,'emp','','contract',NULL,'1234567890','0987654321',1,'2012-11-20 19:35:00','Khanuja Amarjeet',1,'o','l','khanujaa',NULL,'yes',NULL,NULL,NULL),(139,'Amarnadh','','Kotha','kothaam','M','139','name139gmail.com','IN','139','139','',2,'T Technical','B210','GO IN Professional Services','U1223','PS - Financial Srvcs','OGIN','GO India Operation','3','1900-01-01 00:00:00',1,'null,null,null',1,'emp','','contract',NULL,'1234567890','0987654321',1,'2012-11-20 19:35:00','Kotha Amarnadh',1,'o','l','kothaam',NULL,'yes',NULL,NULL,NULL),(140,'Amarnadh Reddy','','Gangireddy','gangireddya','M','140','name140gmail.com','IN','140','140','',1,'T Technical','B210','GO IN Professional Services','U1224','PS - Telecomms','OGIN','GO India Operation','3','1900-01-01 00:00:00',1,'null,null,null',1,'emp','','contract',NULL,'1234567890','0987654321',1,'2012-11-20 19:35:00','Gangireddy Amarnadh Reddy',1,'o','l','gangireddya',NULL,'yes',NULL,NULL,NULL),(141,'Amarnath','','Paduchuri','paduchuria','M','141','name141gmail.com','IN','141','141','',1,'PD Project Delivery','B210','GO IN Professional Services','U1227','PS - India Domestic','OGIN','GO India Operation','1','1900-01-01 00:00:00',1,'null,null,null',1,'emp','','contract',NULL,'1234567890','0987654321',1,'2012-11-20 19:35:00','Paduchuri Amarnath',1,'o','l','paduchuria',NULL,'yes',NULL,NULL,NULL),(142,'Amarnath','','Pydimarri','pydimarria','M','142','name142gmail.com','IN','142','142','',2,'T Technical','B210','GO IN Professional Services','U1223','PS - Financial Srvcs','OGIN','GO India Operation','3','1900-01-01 00:00:00',1,'null,null,null',1,'emp','','contract',NULL,'1234567890','0987654321',1,'2012-11-20 19:35:00','Pydimarri Amarnath',1,'o','l','pydimarria',NULL,'yes',NULL,NULL,NULL),(143,'Ambanna','','Hembha','hembhaa','M','143','name143gmail.com','IN','143','143','',2,'PD Project Delivery','B120','GO IN Application Management','U1281','ATM - Test Management','OGIN','GO India Operation','1','1900-01-01 00:00:00',1,'null,null,null',1,'emp','','contract',NULL,'1234567890','0987654321',1,'2012-11-20 19:35:00','Hembha Ambanna',1,'o','l','hembhaa',NULL,'yes',NULL,NULL,NULL),(144,'Ambanna','','Yatnal','yatnala','M','144','name144gmail.com','IN','144','144','',1,'T Technical','B210','GO IN Professional Services','U1225','PS - IDT Products','OGIN','GO India Operation','3','1900-01-01 00:00:00',1,'null,null,null',1,'emp','','contract',NULL,'1234567890','0987654321',1,'2012-11-20 19:35:00','Yatnal Ambanna',1,'o','l','yatnala',NULL,'yes',NULL,NULL,NULL),(145,'Ambesh','','Bharadwaj','bharadwaja','M','145','name145gmail.com','IN','145','145','',1,'SD Service Delivery','B120','GO IN Application Management','U1279','AIM -  Incident Management','OGIN','GO India Operation','2','1900-01-01 00:00:00',1,'null,null,null',1,'emp','','contract',NULL,'1234567890','0987654321',1,'2012-11-20 19:35:00','Bharadwaj Ambesh',1,'o','l','bharadwaja',NULL,'yes',NULL,NULL,NULL),(146,'Ambikadevi','','Ethirajan','ethirajana','F','146','name146gmail.com','IN','146','146','',1,'F Finance','B140','GO IN Business Process Outsourcing','U1402','BPO - F&A (OGIN B140 U1402)','OGIN','GO India Operation','10','1900-01-01 00:00:00',1,'null,null,null',1,'emp','','contract',NULL,'1234567890','0987654321',1,'2012-11-20 19:35:00','Ethirajan Ambikadevi',1,'o','l','ethirajana',NULL,'yes',NULL,NULL,NULL),(147,'Amboocken Pauly','','Shera','sheraa','M','147','name147gmail.com','IN','147','147','',2,'SD Service Delivery','B210','GO IN Professional Services','U1228','PS - SIP Delivery Centre','OGIN','GO India Operation','2','1900-01-01 00:00:00',1,'null,null,null',1,'emp','','contract',NULL,'1234567890','0987654321',1,'2012-11-20 19:35:00','Shera Amboocken Pauly',1,'o','l','sheraa',NULL,'yes',NULL,NULL,NULL),(148,'Ameensha','','Abdul','shaa','M','148','name148gmail.com','IN','148','148','',1,'F Finance','B140','GO IN Business Process Outsourcing','U1402','BPO - F&A (OGIN B140 U1402)','OGIN','GO India Operation','10','1900-01-01 00:00:00',1,'null,null,null',1,'emp','','contract',NULL,'1234567890','0987654321',1,'2012-11-20 19:35:00','Abdul Ameensha',1,'o','l','shaa',NULL,'yes',NULL,NULL,NULL),(149,'Ameerali Shaik','','Patel','shaikhpatela','M','149','name149gmail.com','IN','149','149','',1,'T Technical','B210','GO IN Professional Services','U1227','PS - India Domestic','OGIN','GO India Operation','3','1900-01-01 00:00:00',1,'null,null,null',1,'emp','','contract',NULL,'1234567890','0987654321',1,'2012-11-20 19:35:00','Patel Ameerali Shaik',1,'o','l','shaikhpatela',NULL,'yes',NULL,NULL,NULL),(150,'Ameya Vijay','','Potdar','potdara','M','150','name150gmail.com','IN','150','150','',2,'BC Business Consultancy','B210','GO IN Professional Services','U1222','PS - E&U','OGIN','GO India Operation','4','1900-01-01 00:00:00',1,'null,null,null',1,'emp','','contract',NULL,'1234567890','0987654321',1,'2012-11-20 19:35:00','Potdar Ameya Vijay',1,'o','l','potdara',NULL,'yes',NULL,NULL,NULL),(151,'Amili','','Pattanaik','pattanaikam','F','151','name151gmail.com','IN','151','151','',2,'T Technical','B210','GO IN Professional Services','U1227','PS - India Domestic','OGIN','GO India Operation','3','1900-01-01 00:00:00',1,'null,null,null',1,'emp','','contract',NULL,'1234567890','0987654321',1,'2012-11-20 19:35:00','Pattanaik Amili',1,'o','l','pattanaikam',NULL,'yes',NULL,NULL,NULL),(152,'Amirtha','','Rajendran','rajendranai','F','152','name152gmail.com','IN','152','152','',0,'','B110','GO IN Overheads','U1153','BSF - HR','OGIN','GO India Operation','','1900-01-01 00:00:00',1,'null,null,null',1,'emp','','contract',NULL,'1234567890','0987654321',1,'2012-11-20 19:35:00','Rajendran Amirtha',1,'o','l','rajendranai',NULL,'yes',NULL,NULL,NULL),(153,'Amit','','Alamsety','alamsetya','M','153','name153gmail.com','IN','153','153','',2,'T Technical','B210','GO IN Professional Services','U1224','PS - Telecomms','OGIN','GO India Operation','3','1900-01-01 00:00:00',1,'null,null,null',1,'emp','','contract',NULL,'1234567890','0987654321',1,'2012-11-20 19:35:00','Alamsety Amit',1,'o','l','alamsetya',NULL,'yes',NULL,NULL,NULL),(154,'Amit','','Butail','butaila','M','154','name154gmail.com','IN','154','154','',2,'SD Service Delivery','B110','GO IN Overheads','U1157','BSF - QA / process','OGIN','GO India Operation','2','1900-01-01 00:00:00',1,'null,null,null',1,'emp','','contract',NULL,'1234567890','0987654321',1,'2012-11-20 19:35:00','Butail Amit',1,'o','l','butaila',NULL,'yes',NULL,NULL,NULL),(155,'Amit','','Dokania','dokaniaa','M','155','name155gmail.com','IN','155','155','',2,'F Finance','B160','GO IN Infrastructure Management','U1601','IM - Ops Overheads','OGIN','GO India Operation','10','1900-01-01 00:00:00',1,'null,null,null',1,'emp','','contract',NULL,'1234567890','0987654321',1,'2012-11-20 19:35:00','Dokania Amit',1,'o','l','dokaniaa',NULL,'yes',NULL,NULL,NULL),(156,'Amit','','Jain','jainai','M','156','name156gmail.com','IN','156','156','',1,'PD Project Delivery','B210','GO IN Professional Services','U1223','PS - Financial Srvcs','OGIN','GO India Operation','1','1900-01-01 00:00:00',1,'null,null,null',1,'emp','','contract',NULL,'1234567890','0987654321',1,'2012-11-20 19:35:00','Jain Amit',1,'o','l','jainai',NULL,'yes',NULL,NULL,NULL),(157,'Amit','','Jaiswal','jaiswala','M','157','name157gmail.com','IN','157','157','',1,'T Technical','B170','GO IN Country Programme Value Facture','U1734','VF - Wave','OGIN','GO India Operation','3','1900-01-01 00:00:00',1,'null,null,null',1,'emp','','contract',NULL,'1234567890','0987654321',1,'2012-11-20 19:35:00','Jaiswal Amit',1,'o','l','jaiswala',NULL,'yes',NULL,NULL,NULL),(158,'Amit','','Kumar','kumara25','M','158','name158gmail.com','IN','158','158','',2,'PD Project Delivery','B210','GO IN Professional Services','U1222','PS - E&U','OGIN','GO India Operation','1','1900-01-01 00:00:00',1,'null,null,null',1,'emp','','contract',NULL,'1234567890','0987654321',1,'2012-11-20 19:35:00','Kumar Amit',1,'o','l','kumara25',NULL,'yes',NULL,NULL,NULL),(159,'Amit','','Mehra','mehraa','M','159','name159gmail.com','IN','159','159','',2,'SD Service Delivery','B120','GO IN Application Management','U1282','APSO - Production Overheads/SM','OGIN','GO India Operation','2','1900-01-01 00:00:00',1,'null,null,null',1,'emp','','contract',NULL,'1234567890','0987654321',1,'2012-11-20 19:35:00','Mehra Amit',1,'o','l','mehraa',NULL,'yes',NULL,NULL,NULL),(160,'Amit','','Mitra','mitraa','M','160','name160gmail.com','IN','160','160','',2,'T Technical','B120','GO IN Application Management','U1279','AIM -  Incident Management','OGIN','GO India Operation','3','1900-01-01 00:00:00',1,'null,null,null',1,'emp','','contract',NULL,'1234567890','0987654321',1,'2012-11-20 19:35:00','Mitra Amit',1,'o','l','mitraa',NULL,'yes',NULL,NULL,NULL),(161,'Amit','','Rawat','rawatr','M','161','name161gmail.com','IN','161','161','',0,'','B210','GO IN Professional Services','U1225','PS - IDT Products','OGIN','GO India Operation','','1900-01-01 00:00:00',1,'null,null,null',1,'emp','','contract',NULL,'1234567890','0987654321',1,'2012-11-20 19:35:00','Rawat Amit',1,'o','l','rawatr',NULL,'yes',NULL,NULL,NULL),(162,'Amit','','Sukumaran','sukumaranam','M','162','name162gmail.com','IN','162','162','',2,'MC Marketing and Comm','B115','GO IN Sales and Marketing','U1163','Marcomm Shared Service Centre','OGIN','GO India Operation','11','1900-01-01 00:00:00',1,'null,null,null',1,'emp','','contract',NULL,'1234567890','0987654321',1,'2012-11-20 19:35:00','Sukumaran Amit',1,'o','l','sukumaranam',NULL,'yes',NULL,NULL,NULL),(163,'Amit','','Tyagi','tyagiam','M','163','name163gmail.com','IN','163','163','',2,'PD Project Delivery','B210','GO IN Professional Services','U1222','PS - E&U','OGIN','GO India Operation','1','1900-01-01 00:00:00',1,'null,null,null',1,'emp','','contract',NULL,'1234567890','0987654321',1,'2012-11-20 19:35:00','Tyagi Amit',1,'o','l','tyagiam',NULL,'yes',NULL,NULL,NULL),(164,'Amit','','Upadhyay','upadhyayai','M','164','name164gmail.com','IN','164','164','',1,'SD Service Delivery','B160','GO IN Infrastructure Management','U1616','IM - Toolsets','OGIN','GO India Operation','2','1900-01-01 00:00:00',1,'null,null,null',1,'emp','','contract',NULL,'1234567890','0987654321',1,'2012-11-20 19:35:00','Upadhyay Amit',1,'o','l','upadhyayai',NULL,'yes',NULL,NULL,NULL),(165,'Amit Kumar','','Singh','singha4','M','165','name165gmail.com','IN','165','165','',1,'T Technical','B120','GO IN Application Management','U1252','TS - Test mgt and cons (OGIN B120 U1252)','OGIN','GO India Operation','3','1900-01-01 00:00:00',1,'null,null,null',1,'emp','','contract',NULL,'1234567890','0987654321',1,'2012-11-20 19:35:00','Singh Amit Kumar',1,'o','l','singha4',NULL,'yes',NULL,NULL,NULL),(166,'Amit Premsagar','','Sharma','sharmaap','M','166','name166gmail.com','IN','166','166','',1,'SD Service Delivery','B210','GO IN Professional Services','U1222','PS - E&U','OGIN','GO India Operation','2','1900-01-01 00:00:00',1,'null,null,null',1,'emp','','contract',NULL,'1234567890','0987654321',1,'2012-11-20 19:35:00','Sharma Amit Premsagar',1,'o','l','sharmaap',NULL,'yes',NULL,NULL,NULL),(167,'Amitabh','','Kar','karam','M','167','name167gmail.com','IN','167','167','',1,'T Technical','B210','GO IN Professional Services','U1223','PS - Financial Srvcs','OGIN','GO India Operation','3','1900-01-01 00:00:00',1,'null,null,null',1,'emp','','contract',NULL,'1234567890','0987654321',1,'2012-11-20 19:35:00','Kar Amitabh',1,'o','l','karam',NULL,'yes',NULL,NULL,NULL),(168,'Amith','','Jain A','jainaam','M','168','name168gmail.com','IN','168','168','',0,'','B140','GO IN Business Process Outsourcing','U1402','BPO - F&A (OGIN B140 U1402)','OGIN','GO India Operation','','1900-01-01 00:00:00',1,'null,null,null',1,'emp','','contract',NULL,'1234567890','0987654321',1,'2012-11-20 19:35:00','Jain A Amith',1,'o','l','jainaam',NULL,'yes',NULL,NULL,NULL),(169,'Amith','','Kumar','kumaram','M','169','name169gmail.com','IN','169','169','',1,'SD Service Delivery','B160','GO IN Infrastructure Management','U1503','IM - Control Bridge','OGIN','GO India Operation','2','1900-01-01 00:00:00',1,'null,null,null',1,'emp','','contract',NULL,'1234567890','0987654321',1,'2012-11-20 19:35:00','Kumar Amith',1,'o','l','kumaram',NULL,'yes',NULL,NULL,NULL),(170,'Amitha','','Shetty','shettyam','F','170','name170gmail.com','IN','170','170','',2,'PD Project Delivery','B120','GO IN Application Management','U1281','ATM - Test Management','OGIN','GO India Operation','1','1900-01-01 00:00:00',1,'null,null,null',1,'emp','','contract',NULL,'1234567890','0987654321',1,'2012-11-20 19:35:00','Shetty Amitha',1,'o','l','shettyam',NULL,'yes',NULL,NULL,NULL),(171,'Amoga','','Varsha','varshaa','M','171','name171gmail.com','IN','171','171','',1,'F Finance','B140','GO IN Business Process Outsourcing','U1402','BPO - F&A (OGIN B140 U1402)','OGIN','GO India Operation','10','1900-01-01 00:00:00',1,'null,null,null',1,'emp','','contract',NULL,'1234567890','0987654321',1,'2012-11-20 19:35:00','Varsha Amoga',1,'o','l','varshaa',NULL,'yes',NULL,NULL,NULL),(172,'Amol Anant','','Shastri','shastria','M','172','name172gmail.com','IN','172','172','',2,'SD Service Delivery','B120','GO IN Application Management','U1281','ATM - Test Management','OGIN','GO India Operation','2','1900-01-01 00:00:00',1,'null,null,null',1,'emp','','contract',NULL,'1234567890','0987654321',1,'2012-11-20 19:35:00','Shastri Amol Anant',1,'o','l','shastria',NULL,'yes',NULL,NULL,NULL),(173,'Amol Arvind','','Ektare','ektarea','M','173','name173gmail.com','IN','173','173','',1,'F Finance','B210','GO IN Professional Services','U1227','PS - India Domestic','OGIN','GO India Operation','10','1900-01-01 00:00:00',1,'null,null,null',1,'emp','','contract',NULL,'1234567890','0987654321',1,'2012-11-20 19:35:00','Ektare Amol Arvind',1,'o','l','ektarea',NULL,'yes',NULL,NULL,NULL),(174,'Amrita','','Das','dasai','F','174','name174gmail.com','IN','174','174','',1,'T Technical','B120','GO IN Application Management','U1280','AEM -  Enhancement Management','OGIN','GO India Operation','3','1900-01-01 00:00:00',1,'null,null,null',1,'emp','','contract',NULL,'1234567890','0987654321',1,'2012-11-20 19:35:00','Das Amrita',1,'o','l','dasai',NULL,'yes',NULL,NULL,NULL),(175,'AmritPal','','Singh','singha8','M','175','name175gmail.com','IN','175','175','',1,'SD Service Delivery','B160','GO IN Infrastructure Management','U1616','IM - Toolsets','OGIN','GO India Operation','2','1900-01-01 00:00:00',1,'null,null,null',1,'emp','','contract',NULL,'1234567890','0987654321',1,'2012-11-20 19:35:00','Singh AmritPal',1,'o','l','singha8',NULL,'yes',NULL,NULL,NULL),(176,'Amrutha','','Akula','akulaa','F','176','name176gmail.com','IN','176','176','',1,'SD Service Delivery','B120','GO IN Application Management','U1281','ATM - Test Management','OGIN','GO India Operation','2','1900-01-01 00:00:00',1,'null,null,null',1,'emp','','contract',NULL,'1234567890','0987654321',1,'2012-11-20 19:35:00','Akula Amrutha',1,'o','l','akulaa',NULL,'yes',NULL,NULL,NULL),(177,'Amzad','','Moghul','moghula','M','177','name177gmail.com','IN','177','177','',1,'PD Project Delivery','B210','GO IN Professional Services','U1225','PS - IDT Products','OGIN','GO India Operation','1','1900-01-01 00:00:00',1,'null,null,null',1,'emp','','contract',NULL,'1234567890','0987654321',1,'2012-11-20 19:35:00','Moghul Amzad',1,'o','l','moghula',NULL,'yes',NULL,NULL,NULL),(178,'Anand','','Chandra Murugan','chandramurugana','M','178','name178gmail.com','IN','178','178','',1,'F Finance','B140','GO IN Business Process Outsourcing','U1402','BPO - F&A (OGIN B140 U1402)','OGIN','GO India Operation','10','1900-01-01 00:00:00',1,'null,null,null',1,'emp','','contract',NULL,'1234567890','0987654321',1,'2012-11-20 19:35:00','Chandra Murugan Anand',1,'o','l','chandramurugana',NULL,'yes',NULL,NULL,NULL),(179,'Anand','','Ganesan','ganesana','M','179','name179gmail.com','IN','179','179','',2,'SD Service Delivery','B120','GO IN Application Management','U1280','AEM -  Enhancement Management','OGIN','GO India Operation','2','1900-01-01 00:00:00',1,'null,null,null',1,'emp','','contract',NULL,'1234567890','0987654321',1,'2012-11-20 19:35:00','Ganesan Anand',1,'o','l','ganesana',NULL,'yes',NULL,NULL,NULL),(180,'Anand','','Gokaram','gokarama','M','180','name180gmail.com','IN','180','180','',2,'PD Project Delivery','B120','GO IN Application Management','U1279','AIM -  Incident Management','OGIN','GO India Operation','1','1900-01-01 00:00:00',1,'null,null,null',1,'emp','','contract',NULL,'1234567890','0987654321',1,'2012-11-20 19:35:00','Gokaram Anand',1,'o','l','gokarama',NULL,'yes',NULL,NULL,NULL),(181,'Anand','','Gurjalwar','gurjalwara','M','181','name181gmail.com','IN','181','181','',2,'SD Service Delivery','B210','GO IN Professional Services','U1224','PS - Telecomms','OGIN','GO India Operation','2','1900-01-01 00:00:00',1,'null,null,null',1,'emp','','contract',NULL,'1234567890','0987654321',1,'2012-11-20 19:35:00','Gurjalwar Anand',1,'o','l','gurjalwara',NULL,'yes',NULL,NULL,NULL),(182,'Anand','','Jwalant','jwalanta','M','182','name182gmail.com','IN','182','182','',2,'SD Service Delivery','B120','GO IN Application Management','U1279','AIM -  Incident Management','OGIN','GO India Operation','2','1900-01-01 00:00:00',1,'null,null,null',1,'emp','','contract',NULL,'1234567890','0987654321',1,'2012-11-20 19:35:00','Jwalant Anand',1,'o','l','jwalanta',NULL,'yes',NULL,NULL,NULL),(183,'Anand','','Kannan','kannanan','M','183','name183gmail.com','IN','183','183','',2,'T Technical','B210','GO IN Professional Services','U1227','PS - India Domestic','OGIN','GO India Operation','3','1900-01-01 00:00:00',1,'null,null,null',1,'emp','','contract',NULL,'1234567890','0987654321',1,'2012-11-20 19:35:00','Kannan Anand',1,'o','l','kannanan',NULL,'yes',NULL,NULL,NULL),(184,'Anand','','Kumar','kumara32','M','184','name184gmail.com','IN','184','184','',0,'','B140','GO IN Business Process Outsourcing','U1402','BPO - F&A (OGIN B140 U1402)','OGIN','GO India Operation','','1900-01-01 00:00:00',1,'null,null,null',1,'emp','','contract',NULL,'1234567890','0987654321',1,'2012-11-20 19:35:00','Kumar Anand',1,'o','l','kumara32',NULL,'yes',NULL,NULL,NULL),(185,'Anand','','Ramasamy','empk','M','185','name185gmail.com','IN','185','185','',3,'SD Service Delivery','B120','GO IN Application Management','U1280','AEM -  Enhancement Management','OGIN','GO India Operation','2','1900-01-01 00:00:00',1,'null,null,null',1,'emp','','contract',NULL,'1234567890','0987654321',1,'2012-11-20 19:35:00','Ramasamy Anand',1,'o','l','empk',NULL,'yes',NULL,NULL,NULL),(186,'Anand','','S R','sra','M','186','name186gmail.com','IN','186','186','',2,'SD Service Delivery','B110','GO IN Overheads','U1160','BSF - One IS Service Delivery','OGIN','GO India Operation','2','1900-01-01 00:00:00',1,'null,null,null',1,'emp','','contract',NULL,'1234567890','0987654321',1,'2012-11-20 19:35:00','S R Anand',1,'o','l','sra',NULL,'yes',NULL,NULL,NULL),(187,'Anand','','Srivastava','srivastavaaa','M','187','name187gmail.com','IN','187','187','',1,'SD Service Delivery','B170','GO IN Country Programme Value Facture','U1734','VF - Wave','OGIN','GO India Operation','2','1900-01-01 00:00:00',1,'null,null,null',1,'emp','','contract',NULL,'1234567890','0987654321',1,'2012-11-20 19:35:00','Srivastava Anand',1,'o','l','srivastavaaa',NULL,'yes',NULL,NULL,NULL),(188,'Anand','','Sundararaj','sundararaja','M','188','name188gmail.com','IN','188','188','',3,'T Technical','B210','GO IN Professional Services','U1224','PS - Telecomms','OGIN','GO India Operation','3','1900-01-01 00:00:00',1,'null,null,null',1,'emp','','contract',NULL,'1234567890','0987654321',1,'2012-11-20 19:35:00','Sundararaj Anand',1,'o','l','sundararaja',NULL,'yes',NULL,NULL,NULL),(189,'Anand','','Tauro','tauroa','M','189','name189gmail.com','IN','189','189','',2,'SD Service Delivery','B160','GO IN Infrastructure Management','U1502','IM - Service Desk (OGIN B160 U1502)','OGIN','GO India Operation','2','1900-01-01 00:00:00',1,'null,null,null',1,'emp','','contract',NULL,'1234567890','0987654321',1,'2012-11-20 19:35:00','Tauro Anand',1,'o','l','tauroa',NULL,'yes',NULL,NULL,NULL),(190,'Anand Angappan','','Kumar','kumarag','M','190','name190gmail.com','IN','190','190','',1,'PD Project Delivery','B210','GO IN Professional Services','U1225','PS - IDT Products','OGIN','GO India Operation','1','1900-01-01 00:00:00',1,'null,null,null',1,'emp','','contract',NULL,'1234567890','0987654321',1,'2012-11-20 19:35:00','Kumar Anand Angappan',1,'o','l','kumarag',NULL,'yes',NULL,NULL,NULL),(191,'Anand Britto','','Packiam','packiama','M','191','name191gmail.com','IN','191','191','',2,'T Technical','B210','GO IN Professional Services','U1225','PS - IDT Products','OGIN','GO India Operation','3','1900-01-01 00:00:00',1,'null,null,null',1,'emp','','contract',NULL,'1234567890','0987654321',1,'2012-11-20 19:35:00','Packiam Anand Britto',1,'o','l','packiama',NULL,'yes',NULL,NULL,NULL),(192,'Anand Kumar','','Reddy','reddyak','M','192','name192gmail.com','IN','192','192','',2,'PD Project Delivery','B120','GO IN Application Management','U1280','AEM -  Enhancement Management','OGIN','GO India Operation','1','1900-01-01 00:00:00',1,'null,null,null',1,'emp','','contract',NULL,'1234567890','0987654321',1,'2012-11-20 19:35:00','Reddy Anand Kumar',1,'o','l','reddyak',NULL,'yes',NULL,NULL,NULL),(193,'Anand Raj Rao','','Doulat','doulata','M','193','name193gmail.com','IN','193','193','',2,'T Technical','B210','GO IN Professional Services','U1225','PS - IDT Products','OGIN','GO India Operation','3','1900-01-01 00:00:00',1,'null,null,null',1,'emp','','contract',NULL,'1234567890','0987654321',1,'2012-11-20 19:35:00','Doulat Anand Raj Rao',1,'o','l','doulata',NULL,'yes',NULL,NULL,NULL),(194,'Ananda','','Kolakar','kolakara','M','194','name194gmail.com','IN','194','194','',1,'SD Service Delivery','B120','GO IN Application Management','U1281','ATM - Test Management','OGIN','GO India Operation','2','1900-01-01 00:00:00',1,'null,null,null',1,'emp','','contract',NULL,'1234567890','0987654321',1,'2012-11-20 19:35:00','Kolakar Ananda',1,'o','l','kolakara',NULL,'yes',NULL,NULL,NULL),(195,'Ananda','','Pramanik','pramanika','M','195','name195gmail.com','IN','195','195','',2,'SD Service Delivery','B130','GO IN Staff Supply Business','U1303','STS - GO Staff Supply','OGIN','GO India Operation','2','1900-01-01 00:00:00',1,'null,null,null',1,'emp','','contract',NULL,'1234567890','0987654321',1,'2012-11-20 19:35:00','Pramanik Ananda',1,'o','l','pramanika',NULL,'yes',NULL,NULL,NULL),(196,'Ananda Raju','','KM','kallubalumuniyappaa','M','196','name196gmail.com','IN','196','196','',1,'SD Service Delivery','B210','GO IN Professional Services','U1224','PS - Telecomms','OGIN','GO India Operation','2','1900-01-01 00:00:00',1,'null,null,null',1,'emp','','contract',NULL,'1234567890','0987654321',1,'2012-11-20 19:35:00','KM Ananda Raju',1,'o','l','kallubalumuniyappaa',NULL,'yes',NULL,NULL,NULL),(197,'Ananda Rao','','Mula','mulaa','M','197','name197gmail.com','IN','197','197','',1,'T Technical','B210','GO IN Professional Services','U1225','PS - IDT Products','OGIN','GO India Operation','3','1900-01-01 00:00:00',1,'null,null,null',1,'emp','','contract',NULL,'1234567890','0987654321',1,'2012-11-20 19:35:00','Mula Ananda Rao',1,'o','l','mulaa',NULL,'yes',NULL,NULL,NULL),(198,'Ananda Subramanian','','Surya Narayanan','suryanarayanana','M','198','name198gmail.com','IN','198','198','',2,'T Technical','B110','GO IN Overheads','U1168','BSF - Emerging Technology Practice','OGIN','GO India Operation','3','1900-01-01 00:00:00',1,'null,null,null',1,'emp','','contract',NULL,'1234567890','0987654321',1,'2012-11-20 19:35:00','Surya Narayanan Ananda Subramanian',1,'o','l','suryanarayanana',NULL,'yes',NULL,NULL,NULL),(199,'Ananda Thirumurugan','','Veerasimman','veerasimmanat','M','199','name199gmail.com','IN','199','199','',2,'T Technical','B210','GO IN Professional Services','U1222','PS - E&U','OGIN','GO India Operation','3','1900-01-01 00:00:00',1,'null,null,null',1,'emp','','contract',NULL,'1234567890','0987654321',1,'2012-11-20 19:35:00','Veerasimman Ananda Thirumurugan',1,'o','l','veerasimmanat',NULL,'yes',NULL,NULL,NULL),(200,'Anandabrata','','Chakraborty','chakrabortya','M','200','name200gmail.com','IN','200','200','',3,'PD Project Delivery','B120','GO IN Application Management','U1280','AEM -  Enhancement Management','OGIN','GO India Operation','1','1900-01-01 00:00:00',1,'null,null,null',1,'emp','','contract',NULL,'1234567890','0987654321',1,'2012-11-20 19:35:00','Chakraborty Anandabrata',1,'o','l','chakrabortya',NULL,'yes',NULL,NULL,NULL),(201,'Anandan Mylapore','','Bhupathy','bhupathya','M','201','name201gmail.com','IN','201','201','',1,'F Finance','B140','GO IN Business Process Outsourcing','U1402','BPO - F&A (OGIN B140 U1402)','OGIN','GO India Operation','10','1900-01-01 00:00:00',1,'null,null,null',1,'emp','','contract',NULL,'1234567890','0987654321',1,'2012-11-20 19:35:00','Bhupathy Anandan Mylapore',1,'o','l','bhupathya',NULL,'yes',NULL,NULL,NULL),(202,'Anandapandian','','Durai Pandian','duraipandiana','M','202','name202gmail.com','IN','202','202','',1,'SD Service Delivery','B120','GO IN Application Management','U1280','AEM -  Enhancement Management','OGIN','GO India Operation','2','1900-01-01 00:00:00',1,'null,null,null',1,'emp','','contract',NULL,'1234567890','0987654321',1,'2012-11-20 19:35:00','Durai Pandian Anandapandian',1,'o','l','duraipandiana',NULL,'yes',NULL,NULL,NULL),(203,'Anandaraj','','Pandian','pandiana','M','203','name203gmail.com','IN','203','203','',1,'T Technical','B210','GO IN Professional Services','U1222','PS - E&U','OGIN','GO India Operation','3','1900-01-01 00:00:00',1,'null,null,null',1,'emp','','contract',NULL,'1234567890','0987654321',1,'2012-11-20 19:35:00','Pandian Anandaraj',1,'o','l','pandiana',NULL,'yes',NULL,NULL,NULL),(204,'Anandha Krishnan','','Mohanarangan','mohanarangana','M','204','name204gmail.com','IN','204','204','',1,'SD Service Delivery','B160','GO IN Infrastructure Management','U1616','IM - Toolsets','OGIN','GO India Operation','2','1900-01-01 00:00:00',1,'null,null,null',1,'emp','','contract',NULL,'1234567890','0987654321',1,'2012-11-20 19:35:00','Mohanarangan Anandha Krishnan',1,'o','l','mohanarangana',NULL,'yes',NULL,NULL,NULL),(205,'Anandkumar','','Pillai','pillaia','M','205','name205gmail.com','IN','205','205','',2,'SD Service Delivery','B170','GO IN Country Programme Value Facture','U1734','VF - Wave','OGIN','GO India Operation','2','1900-01-01 00:00:00',1,'null,null,null',1,'emp','','contract',NULL,'1234567890','0987654321',1,'2012-11-20 19:35:00','Pillai Anandkumar',1,'o','l','pillaia',NULL,'yes',NULL,NULL,NULL),(206,'Anandkumar','','Ranganathan','ranganathana','M','206','name206gmail.com','IN','206','206','',1,'SD Service Delivery','B120','GO IN Application Management','U1280','AEM -  Enhancement Management','OGIN','GO India Operation','2','1900-01-01 00:00:00',1,'null,null,null',1,'emp','','contract',NULL,'1234567890','0987654321',1,'2012-11-20 19:35:00','Ranganathan Anandkumar',1,'o','l','ranganathana',NULL,'yes',NULL,NULL,NULL),(207,'Anantha','','Lakshmi K V','ramanana','F','207','name207gmail.com','IN','207','207','',3,'F Finance','B160','GO IN Infrastructure Management','U1601','IM - Ops Overheads','OGIN','GO India Operation','10','1900-01-01 00:00:00',1,'null,null,null',1,'emp','','contract',NULL,'1234567890','0987654321',1,'2012-11-20 19:35:00','Lakshmi K V Anantha',1,'o','l','ramanana',NULL,'yes',NULL,NULL,NULL),(208,'Ananthasubramani Peringulam','','Chidambaram','chidambarama','M','208','name208gmail.com','IN','208','208','',3,'SD Service Delivery','B120','GO IN Application Management','U1273','AMES - Microsoft (OGIN B120 U1273)','OGIN','GO India Operation','2','1900-01-01 00:00:00',1,'null,null,null',1,'emp','','contract',NULL,'1234567890','0987654321',1,'2012-11-20 19:35:00','Chidambaram Ananthasubramani Peringulam',1,'o','l','chidambarama',NULL,'yes',NULL,NULL,NULL),(209,'Anbalagan','','Manogaran','manogarana','M','209','name209gmail.com','IN','209','209','',1,'F Finance','B140','GO IN Business Process Outsourcing','U1402','BPO - F&A (OGIN B140 U1402)','OGIN','GO India Operation','10','1900-01-01 00:00:00',1,'null,null,null',1,'emp','','contract',NULL,'1234567890','0987654321',1,'2012-11-20 19:35:00','Manogaran Anbalagan',1,'o','l','manogarana',NULL,'yes',NULL,NULL,NULL),(210,'Anbarasan','','Thangaraju','thangarajuan','M','210','name210gmail.com','IN','210','210','',0,'','B120','GO IN Application Management','U1279','AIM -  Incident Management','OGIN','GO India Operation','','1900-01-01 00:00:00',1,'null,null,null',1,'emp','','contract',NULL,'1234567890','0987654321',1,'2012-11-20 19:35:00','Thangaraju Anbarasan',1,'o','l','thangarajuan',NULL,'yes',NULL,NULL,NULL),(211,'Anbu','','Thangaraj','thangarajan','M','211','name211gmail.com','IN','211','211','',2,'T Technical','B210','GO IN Professional Services','U1222','PS - E&U','OGIN','GO India Operation','3','1900-01-01 00:00:00',1,'null,null,null',1,'emp','','contract',NULL,'1234567890','0987654321',1,'2012-11-20 19:35:00','Thangaraj Anbu',1,'o','l','thangarajan',NULL,'yes',NULL,NULL,NULL),(212,'Anburaja','','Kaliyaperumal','kaliyaperumala','M','212','name212gmail.com','IN','212','212','',2,'PD Project Delivery','B120','GO IN Application Management','U1279','AIM -  Incident Management','OGIN','GO India Operation','1','1900-01-01 00:00:00',1,'null,null,null',1,'emp','','contract',NULL,'1234567890','0987654321',1,'2012-11-20 19:35:00','Kaliyaperumal Anburaja',1,'o','l','kaliyaperumala',NULL,'yes',NULL,NULL,NULL),(213,'Andrews','','Paulraj','paulraja','M','213','name213gmail.com','IN','213','213','',2,'T Technical','B210','GO IN Professional Services','U1222','PS - E&U','OGIN','GO India Operation','3','1900-01-01 00:00:00',1,'null,null,null',1,'emp','','contract',NULL,'1234567890','0987654321',1,'2012-11-20 19:35:00','Paulraj Andrews',1,'o','l','paulraja',NULL,'yes',NULL,NULL,NULL),(214,'Anee','','Daniel','daniela','F','214','name214gmail.com','IN','214','214','',2,'GM General Mgmt and Admin','B120','GO IN Application Management','U1280','AEM -  Enhancement Management','OGIN','GO India Operation','7','1900-01-01 00:00:00',1,'null,null,null',1,'emp','','contract',NULL,'1234567890','0987654321',1,'2012-11-20 19:35:00','Daniel Anee',1,'o','l','daniela',NULL,'yes',NULL,NULL,NULL),(215,'Anesh','','Vincent Brahmakulam','vincentbrahmakulama','M','215','name215gmail.com','IN','215','215','',2,'PD Project Delivery','B160','GO IN Infrastructure Management','U1607','IM - Project Management','OGIN','GO India Operation','1','1900-01-01 00:00:00',1,'null,null,null',1,'emp','','contract',NULL,'1234567890','0987654321',1,'2012-11-20 19:35:00','Vincent Brahmakulam Anesh',1,'o','l','vincentbrahmakulama',NULL,'yes',NULL,NULL,NULL),(216,'Angel','','Gracious','stephenrajinia','F','216','name216gmail.com','IN','216','216','',1,'SD Service Delivery','B210','GO IN Professional Services','U1222','PS - E&U','OGIN','GO India Operation','2','1900-01-01 00:00:00',1,'null,null,null',1,'emp','','contract',NULL,'1234567890','0987654321',1,'2012-11-20 19:35:00','Gracious Angel',1,'o','l','stephenrajinia',NULL,'yes',NULL,NULL,NULL),(217,'Angitha S','','Kanatt','kanatta','F','217','name217gmail.com','IN','217','217','',1,'PD Project Delivery','B210','GO IN Professional Services','U1222','PS - E&U','OGIN','GO India Operation','1','1900-01-01 00:00:00',1,'null,null,null',1,'emp','','contract',NULL,'1234567890','0987654321',1,'2012-11-20 19:35:00','Kanatt Angitha S',1,'o','l','kanatta',NULL,'yes',NULL,NULL,NULL),(218,'Anil','','Gangadharan','gangadharana','M','218','name218gmail.com','IN','218','218','',2,'T Technical','B210','GO IN Professional Services','U1224','PS - Telecomms','OGIN','GO India Operation','3','1900-01-01 00:00:00',1,'null,null,null',1,'emp','','contract',NULL,'1234567890','0987654321',1,'2012-11-20 19:35:00','Gangadharan Anil',1,'o','l','gangadharana',NULL,'yes',NULL,NULL,NULL),(219,'Anil','','Kamaraju','kamarajua','M','219','name219gmail.com','IN','219','219','',1,'T Technical','B210','GO IN Professional Services','U1223','PS - Financial Srvcs','OGIN','GO India Operation','3','1900-01-01 00:00:00',1,'null,null,null',1,'emp','','contract',NULL,'1234567890','0987654321',1,'2012-11-20 19:35:00','Kamaraju Anil',1,'o','l','kamarajua',NULL,'yes',NULL,NULL,NULL),(220,'Anil','','Krishna','krishnaa','M','220','name220gmail.com','IN','220','220','',3,'PD Project Delivery','B210','GO IN Professional Services','U1223','PS - Financial Srvcs','OGIN','GO India Operation','1','1900-01-01 00:00:00',1,'null,null,null',1,'emp','','contract',NULL,'1234567890','0987654321',1,'2012-11-20 19:35:00','Krishna Anil',1,'o','l','krishnaa',NULL,'yes',NULL,NULL,NULL),(221,'Anil','','Kumar','kumara35','M','221','name221gmail.com','IN','221','221','',0,'','B110','GO IN Overheads','U1103','BSF - Administration','OGIN','GO India Operation','','1900-01-01 00:00:00',1,'null,null,null',1,'emp','','contract',NULL,'1234567890','0987654321',1,'2012-11-20 19:35:00','Kumar Anil',1,'o','l','kumara35',NULL,'yes',NULL,NULL,NULL),(222,'Anil','','Kumar J','kumarja','M','222','name222gmail.com','IN','222','222','',1,'SD Service Delivery','B160','GO IN Infrastructure Management','U1603','IM - Wintel (OGIN B160 U1603)','OGIN','GO India Operation','2','1900-01-01 00:00:00',1,'null,null,null',1,'emp','','contract',NULL,'1234567890','0987654321',1,'2012-11-20 19:35:00','Kumar J Anil',1,'o','l','kumarja',NULL,'yes',NULL,NULL,NULL),(223,'Anil','','Kumar VP','kumarvpa','M','223','name223gmail.com','IN','223','223','',2,'T Technical','B210','GO IN Professional Services','U1223','PS - Financial Srvcs','OGIN','GO India Operation','3','1900-01-01 00:00:00',1,'null,null,null',1,'emp','','contract',NULL,'1234567890','0987654321',1,'2012-11-20 19:35:00','Kumar VP Anil',1,'o','l','kumarvpa',NULL,'yes',NULL,NULL,NULL),(224,'Anil','','KumarHG','kumarhga','M','224','name224gmail.com','IN','224','224','',2,'SD Service Delivery','B120','GO IN Application Management','U1281','ATM - Test Management','OGIN','GO India Operation','2','1900-01-01 00:00:00',1,'null,null,null',1,'emp','','contract',NULL,'1234567890','0987654321',1,'2012-11-20 19:35:00','KumarHG Anil',1,'o','l','kumarhga',NULL,'yes',NULL,NULL,NULL),(225,'Anil','','Mandava','mandavaa','M','225','name225gmail.com','IN','225','225','',1,'T Technical','B210','GO IN Professional Services','U1222','PS - E&U','OGIN','GO India Operation','3','1900-01-01 00:00:00',1,'null,null,null',1,'emp','','contract',NULL,'1234567890','0987654321',1,'2012-11-20 19:35:00','Mandava Anil',1,'o','l','mandavaa',NULL,'yes',NULL,NULL,NULL),(226,'Anil','','Ravi','ravial','M','226','name226gmail.com','IN','226','226','',1,'T Technical','B210','GO IN Professional Services','U1227','PS - India Domestic','OGIN','GO India Operation','3','1900-01-01 00:00:00',1,'null,null,null',1,'emp','','contract',NULL,'1234567890','0987654321',1,'2012-11-20 19:35:00','Ravi Anil',1,'o','l','ravial',NULL,'yes',NULL,NULL,NULL),(227,'Anil','','Rayapudi','rayapudia','M','227','name227gmail.com','IN','227','227','',1,'SD Service Delivery','B120','GO IN Application Management','U1281','ATM - Test Management','OGIN','GO India Operation','2','1900-01-01 00:00:00',1,'null,null,null',1,'emp','','contract',NULL,'1234567890','0987654321',1,'2012-11-20 19:35:00','Rayapudi Anil',1,'o','l','rayapudia',NULL,'yes',NULL,NULL,NULL),(228,'Anil Kumar','','Chandran','chandrana','M','228','name228gmail.com','IN','228','228','',1,'MC Marketing and Comm','B210','GO IN Professional Services','U1222','PS - E&U','OGIN','GO India Operation','11','1900-01-01 00:00:00',1,'null,null,null',1,'emp','','contract',NULL,'1234567890','0987654321',1,'2012-11-20 19:35:00','Chandran Anil Kumar',1,'o','l','chandrana',NULL,'yes',NULL,NULL,NULL),(229,'Anil Kumar','','Chintapalli','chintapallia','M','229','name229gmail.com','IN','229','229','',0,'','B120','GO IN Application Management','U1281','ATM - Test Management','OGIN','GO India Operation','','1900-01-01 00:00:00',1,'null,null,null',1,'emp','','contract',NULL,'1234567890','0987654321',1,'2012-11-20 19:35:00','Chintapalli Anil Kumar',1,'o','l','chintapallia',NULL,'yes',NULL,NULL,NULL),(230,'Anil Kumar','','Chitta','chittaa','','230','name230gmail.com','IN','230','230','',0,'','B170','GO IN Country Programme Value Facture','U1735','VF - Graduate and Junior Prog','OGIN','GO India Operation','','1900-01-01 00:00:00',1,'null,null,null',1,'emp','','contract',NULL,'1234567890','0987654321',1,'2012-11-20 19:35:00','Chitta Anil Kumar',1,'o','l','chittaa',NULL,'yes',NULL,NULL,NULL),(231,'Anil Kumar','','Krishna Murthy','krishnamurthyak','M','231','name231gmail.com','IN','231','231','',1,'SD Service Delivery','B160','GO IN Infrastructure Management','U1504','IM - Client Services','OGIN','GO India Operation','2','1900-01-01 00:00:00',1,'null,null,null',1,'emp','','contract',NULL,'1234567890','0987654321',1,'2012-11-20 19:35:00','Krishna Murthy Anil Kumar',1,'o','l','krishnamurthyak',NULL,'yes',NULL,NULL,NULL),(232,'Anil Kumar','','Pusuluri','pusuluria','M','232','name232gmail.com','IN','232','232','',2,'T Technical','B210','GO IN Professional Services','U1223','PS - Financial Srvcs','OGIN','GO India Operation','3','1900-01-01 00:00:00',1,'null,null,null',1,'emp','','contract',NULL,'1234567890','0987654321',1,'2012-11-20 19:35:00','Pusuluri Anil Kumar',1,'o','l','pusuluria',NULL,'yes',NULL,NULL,NULL),(233,'Anil Padmaraj','','Rokhade','rokhadea','M','233','name233gmail.com','IN','233','233','',3,'SD Service Delivery','B120','GO IN Application Management','U1281','ATM - Test Management','OGIN','GO India Operation','2','1900-01-01 00:00:00',1,'null,null,null',1,'emp','','contract',NULL,'1234567890','0987654321',1,'2012-11-20 19:35:00','Rokhade Anil Padmaraj',1,'o','l','rokhadea',NULL,'yes',NULL,NULL,NULL),(234,'Anila','','Vempati','vempatia','F','234','name234gmail.com','IN','234','234','',1,'SD Service Delivery','B210','GO IN Professional Services','U1228','PS - SIP Delivery Centre','OGIN','GO India Operation','2','1900-01-01 00:00:00',1,'null,null,null',1,'emp','','contract',NULL,'1234567890','0987654321',1,'2012-11-20 19:35:00','Vempati Anila',1,'o','l','vempatia',NULL,'yes',NULL,NULL,NULL),(235,'Anilkumar','','Choudhary','choudharya','M','235','name235gmail.com','IN','235','235','',3,'SD Service Delivery','B120','GO IN Application Management','U1279','AIM -  Incident Management','OGIN','GO India Operation','2','1900-01-01 00:00:00',1,'null,null,null',1,'emp','','contract',NULL,'1234567890','0987654321',1,'2012-11-20 19:35:00','Choudhary Anilkumar',1,'o','l','choudharya',NULL,'yes',NULL,NULL,NULL),(236,'AnilKumar','','Kannalli','kannallia','M','236','name236gmail.com','IN','236','236','',2,'SD Service Delivery','B120','GO IN Application Management','U1281','ATM - Test Management','OGIN','GO India Operation','2','1900-01-01 00:00:00',1,'null,null,null',1,'emp','','contract',NULL,'1234567890','0987654321',1,'2012-11-20 19:35:00','Kannalli AnilKumar',1,'o','l','kannallia',NULL,'yes',NULL,NULL,NULL),(237,'Anilkumar','','Krishnamurthy','krishnamurthya','M','237','name237gmail.com','IN','237','237','',2,'T Technical','B120','GO IN Application Management','U1279','AIM -  Incident Management','OGIN','GO India Operation','3','1900-01-01 00:00:00',1,'null,null,null',1,'emp','','contract',NULL,'1234567890','0987654321',1,'2012-11-20 19:35:00','Krishnamurthy Anilkumar',1,'o','l','krishnamurthya',NULL,'yes',NULL,NULL,NULL),(238,'AnilKumar','','NarayanaReddy','narayanareddya','M','238','name238gmail.com','IN','238','238','',2,'PD Project Delivery','B210','GO IN Professional Services','U1224','PS - Telecomms','OGIN','GO India Operation','1','1900-01-01 00:00:00',1,'null,null,null',1,'emp','','contract',NULL,'1234567890','0987654321',1,'2012-11-20 19:35:00','NarayanaReddy AnilKumar',1,'o','l','narayanareddya',NULL,'yes',NULL,NULL,NULL),(239,'AnilKumar','','Ravi','raviai','M','239','name239gmail.com','IN','239','239','',1,'T Technical','B210','GO IN Professional Services','U1224','PS - Telecomms','OGIN','GO India Operation','3','1900-01-01 00:00:00',1,'null,null,null',1,'emp','','contract',NULL,'1234567890','0987654321',1,'2012-11-20 19:35:00','Ravi AnilKumar',1,'o','l','raviai',NULL,'yes',NULL,NULL,NULL),(240,'AnilKumar','','Yeddula','yeddulaa','M','240','name240gmail.com','IN','240','240','',2,'SD Service Delivery','B210','GO IN Professional Services','U1224','PS - Telecomms','OGIN','GO India Operation','2','1900-01-01 00:00:00',1,'null,null,null',1,'emp','','contract',NULL,'1234567890','0987654321',1,'2012-11-20 19:35:00','Yeddula AnilKumar',1,'o','l','yeddulaa',NULL,'yes',NULL,NULL,NULL),(241,'Animesh','','Mishra','mishraai','M','241','name241gmail.com','IN','241','241','',1,'PD Project Delivery','B120','GO IN Application Management','U1280','AEM -  Enhancement Management','OGIN','GO India Operation','1','1900-01-01 00:00:00',1,'null,null,null',1,'emp','','contract',NULL,'1234567890','0987654321',1,'2012-11-20 19:35:00','Mishra Animesh',1,'o','l','mishraai',NULL,'yes',NULL,NULL,NULL),(242,'Aninda Kumar','','Mitra','mitraak','M','242','name242gmail.com','IN','242','242','',2,'T Technical','B160','GO IN Infrastructure Management','U1615','IM - Mainframe','OGIN','GO India Operation','3','1900-01-01 00:00:00',1,'null,null,null',1,'emp','','contract',NULL,'1234567890','0987654321',1,'2012-11-20 19:35:00','Mitra Aninda Kumar',1,'o','l','mitraak',NULL,'yes',NULL,NULL,NULL),(243,'Anindya','','Ghosh','ghoshan','M','243','name243gmail.com','IN','243','243','',3,'PD Project Delivery','B210','GO IN Professional Services','U1222','PS - E&U','OGIN','GO India Operation','1','1900-01-01 00:00:00',1,'null,null,null',1,'emp','','contract',NULL,'1234567890','0987654321',1,'2012-11-20 19:35:00','Ghosh Anindya',1,'o','l','ghoshan',NULL,'yes',NULL,NULL,NULL),(244,'Aniruddha','','Nath','nathan','M','244','name244gmail.com','IN','244','244','',2,'PD Project Delivery','B120','GO IN Application Management','U1279','AIM -  Incident Management','OGIN','GO India Operation','1','1900-01-01 00:00:00',1,'null,null,null',1,'emp','','contract',NULL,'1234567890','0987654321',1,'2012-11-20 19:35:00','Nath Aniruddha',1,'o','l','nathan',NULL,'yes',NULL,NULL,NULL),(245,'Anish','','Babu','babuan','M','245','name245gmail.com','IN','245','245','',1,'SD Service Delivery','B160','GO IN Infrastructure Management','U1502','IM - Service Desk (OGIN B160 U1502)','OGIN','GO India Operation','2','1900-01-01 00:00:00',1,'null,null,null',1,'emp','','contract',NULL,'1234567890','0987654321',1,'2012-11-20 19:35:00','Babu Anish',1,'o','l','babuan',NULL,'yes',NULL,NULL,NULL),(246,'Anish','','Chandran','chandranan','M','246','name246gmail.com','IN','246','246','',2,'T Technical','B210','GO IN Professional Services','U1223','PS - Financial Srvcs','OGIN','GO India Operation','3','1900-01-01 00:00:00',1,'null,null,null',1,'emp','','contract',NULL,'1234567890','0987654321',1,'2012-11-20 19:35:00','Chandran Anish',1,'o','l','chandranan',NULL,'yes',NULL,NULL,NULL),(247,'Anish','','Gupta','guptaan','M','247','name247gmail.com','IN','247','247','',3,'T Technical','B120','GO IN Application Management','U1280','AEM -  Enhancement Management','OGIN','GO India Operation','3','1900-01-01 00:00:00',1,'null,null,null',1,'emp','','contract',NULL,'1234567890','0987654321',1,'2012-11-20 19:35:00','Gupta Anish',1,'o','l','guptaan',NULL,'yes',NULL,NULL,NULL),(248,'Anish','','Joseph','josepha','M','248','name248gmail.com','IN','248','248','',2,'T Technical','B210','GO IN Professional Services','U1224','PS - Telecomms','OGIN','GO India Operation','3','1900-01-01 00:00:00',1,'null,null,null',1,'emp','','contract',NULL,'1234567890','0987654321',1,'2012-11-20 19:35:00','Joseph Anish',1,'o','l','josepha',NULL,'yes',NULL,NULL,NULL),(249,'Anish Kumar','','Rai','raiai','M','249','name249gmail.com','IN','249','249','',1,'T Technical','B210','GO IN Professional Services','U1222','PS - E&U','OGIN','GO India Operation','3','1900-01-01 00:00:00',1,'null,null,null',1,'emp','','contract',NULL,'1234567890','0987654321',1,'2012-11-20 19:35:00','Rai Anish Kumar',1,'o','l','raiai',NULL,'yes',NULL,NULL,NULL),(250,'Anish Madappattu','','Joseph','josepham','M','250','name250gmail.com','IN','250','250','',2,'T Technical','B120','GO IN Application Management','U1280','AEM -  Enhancement Management','OGIN','GO India Operation','3','1900-01-01 00:00:00',1,'null,null,null',1,'emp','','contract',NULL,'1234567890','0987654321',1,'2012-11-20 19:35:00','Joseph Anish Madappattu',1,'o','l','josepham',NULL,'yes',NULL,NULL,NULL),(251,'AnishKumar','','GopalakrishnanNair','gopalakrishnannaira','M','251','name251gmail.com','IN','251','251','',2,'PD Project Delivery','B130','GO IN Staff Supply Business','U1303','STS - GO Staff Supply','OGIN','GO India Operation','1','1900-01-01 00:00:00',1,'null,null,null',1,'emp','','contract',NULL,'1234567890','0987654321',1,'2012-11-20 19:35:00','GopalakrishnanNair AnishKumar',1,'o','l','gopalakrishnannaira',NULL,'yes',NULL,NULL,NULL),(252,'Anita','','Giri','giria','F','252','name252gmail.com','IN','252','252','',1,'T Technical','B170','GO IN Country Programme Value Facture','U1735','VF - Graduate and Junior Prog','OGIN','GO India Operation','3','1900-01-01 00:00:00',1,'null,null,null',1,'emp','','contract',NULL,'1234567890','0987654321',1,'2012-11-20 19:35:00','Giri Anita',1,'o','l','giria',NULL,'yes',NULL,NULL,NULL),(253,'Anita','','Gupta','guptaac','F','253','name253gmail.com','IN','253','253','',2,'T Technical','B170','GO IN Country Programme Value Facture','U1734','VF - Wave','OGIN','GO India Operation','3','1900-01-01 00:00:00',1,'null,null,null',1,'emp','','contract',NULL,'1234567890','0987654321',1,'2012-11-20 19:35:00','Gupta Anita',1,'o','l','guptaac',NULL,'yes',NULL,NULL,NULL),(254,'Anitha','','Adhichakkravarthy','adhichakkravarthya','F','254','name254gmail.com','IN','254','254','',1,'SD Service Delivery','B160','GO IN Infrastructure Management','U1606','IM - DBA (DAT)','OGIN','GO India Operation','2','1900-01-01 00:00:00',1,'null,null,null',1,'emp','','contract',NULL,'1234567890','0987654321',1,'2012-11-20 19:35:00','Adhichakkravarthy Anitha',1,'o','l','adhichakkravarthya',NULL,'yes',NULL,NULL,NULL),(255,'Anitha','','Arjunan','arjunana','F','255','name255gmail.com','IN','255','255','',2,'SD Service Delivery','B170','GO IN Country Programme Value Facture','U1734','VF - Wave','OGIN','GO India Operation','2','1900-01-01 00:00:00',1,'null,null,null',1,'emp','','contract',NULL,'1234567890','0987654321',1,'2012-11-20 19:35:00','Arjunan Anitha',1,'o','l','arjunana',NULL,'yes',NULL,NULL,NULL),(256,'Anitha','','Boopal','boopala','F','256','name256gmail.com','IN','256','256','',1,'T Technical','B170','GO IN Country Programme Value Facture','U1735','VF - Graduate and Junior Prog','OGIN','GO India Operation','3','1900-01-01 00:00:00',1,'null,null,null',1,'emp','','contract',NULL,'1234567890','0987654321',1,'2012-11-20 19:35:00','Boopal Anitha',1,'o','l','boopala',NULL,'yes',NULL,NULL,NULL),(257,'Anitha','','Elangovan','elangovana','F','257','name257gmail.com','IN','257','257','',1,'SD Service Delivery','B120','GO IN Application Management','U1279','AIM -  Incident Management','OGIN','GO India Operation','2','1900-01-01 00:00:00',1,'null,null,null',1,'emp','','contract',NULL,'1234567890','0987654321',1,'2012-11-20 19:35:00','Elangovan Anitha',1,'o','l','elangovana',NULL,'yes',NULL,NULL,NULL),(258,'Anitha','','Manjappaiah','manjappaiaha','F','258','name258gmail.com','IN','258','258','',2,'SD Service Delivery','B120','GO IN Application Management','U1280','AEM -  Enhancement Management','OGIN','GO India Operation','2','1900-01-01 00:00:00',1,'null,null,null',1,'emp','','contract',NULL,'1234567890','0987654321',1,'2012-11-20 19:35:00','Manjappaiah Anitha',1,'o','l','manjappaiaha',NULL,'yes',NULL,NULL,NULL),(259,'Anitha','','Mohan','mohanan','F','259','name259gmail.com','IN','259','259','',1,'SD Service Delivery','B120','GO IN Application Management','U1279','AIM -  Incident Management','OGIN','GO India Operation','2','1900-01-01 00:00:00',1,'null,null,null',1,'emp','','contract',NULL,'1234567890','0987654321',1,'2012-11-20 19:35:00','Mohan Anitha',1,'o','l','mohanan',NULL,'yes',NULL,NULL,NULL),(260,'Anitha','','Nagaraj','nagarajai','F','260','name260gmail.com','IN','260','260','',1,'SD Service Delivery','B210','GO IN Professional Services','U1225','PS - IDT Products','OGIN','GO India Operation','2','1900-01-01 00:00:00',1,'null,null,null',1,'emp','','contract',NULL,'1234567890','0987654321',1,'2012-11-20 19:35:00','Nagaraj Anitha',1,'o','l','nagarajai',NULL,'yes',NULL,NULL,NULL),(261,'Anitha','','Sundaramoorthy','sundaramoorthya','F','261','name261gmail.com','IN','261','261','',1,'SD Service Delivery','B160','GO IN Infrastructure Management','U1504','IM - Client Services','OGIN','GO India Operation','2','1900-01-01 00:00:00',1,'null,null,null',1,'emp','','contract',NULL,'1234567890','0987654321',1,'2012-11-20 19:35:00','Sundaramoorthy Anitha',1,'o','l','sundaramoorthya',NULL,'yes',NULL,NULL,NULL),(262,'Anjali','','Saroea','saroeaa','F','262','name262gmail.com','IN','262','262','',1,'SAM Sales and Account Mgmt','B110','GO IN Overheads','U1101','BSF - Internal Communications','OGIN','GO India Operation','6','1900-01-01 00:00:00',1,'null,null,null',1,'emp','','contract',NULL,'1234567890','0987654321',1,'2012-11-20 19:35:00','Saroea Anjali',1,'o','l','saroeaa',NULL,'yes',NULL,NULL,NULL),(263,'Anjali','','Singh','singha1','F','263','name263gmail.com','IN','263','263','',1,'F Finance','B140','GO IN Business Process Outsourcing','U1402','BPO - F&A (OGIN B140 U1402)','OGIN','GO India Operation','10','1900-01-01 00:00:00',1,'null,null,null',1,'emp','','contract',NULL,'1234567890','0987654321',1,'2012-11-20 19:35:00','Singh Anjali',1,'o','l','singha1',NULL,'yes',NULL,NULL,NULL),(264,'Anjaly','','Raveendran','raveendrana','F','264','name264gmail.com','IN','264','264','',1,'T Technical','B120','GO IN Application Management','U1279','AIM -  Incident Management','OGIN','GO India Operation','3','1900-01-01 00:00:00',1,'null,null,null',1,'emp','','contract',NULL,'1234567890','0987654321',1,'2012-11-20 19:35:00','Raveendran Anjaly',1,'o','l','raveendrana',NULL,'yes',NULL,NULL,NULL),(265,'Anjan','','Panda','pandaan','M','265','name265gmail.com','IN','265','265','',1,'SD Service Delivery','B210','GO IN Professional Services','U1222','PS - E&U','OGIN','GO India Operation','2','1900-01-01 00:00:00',1,'null,null,null',1,'emp','','contract',NULL,'1234567890','0987654321',1,'2012-11-20 19:35:00','Panda Anjan',1,'o','l','pandaan',NULL,'yes',NULL,NULL,NULL),(266,'Anjaneyulu','','Gandikota','gandikotaa','M','266','name266gmail.com','IN','266','266','',1,'T Technical','B160','GO IN Infrastructure Management','U1603','IM - Wintel (OGIN B160 U1603)','OGIN','GO India Operation','3','1900-01-01 00:00:00',1,'null,null,null',1,'emp','','contract',NULL,'1234567890','0987654321',1,'2012-11-20 19:35:00','Gandikota Anjaneyulu',1,'o','l','gandikotaa',NULL,'yes',NULL,NULL,NULL),(267,'Anjani','','Choubey','choubeya','M','267','name267gmail.com','IN','267','267','',1,'SD Service Delivery','B210','GO IN Professional Services','U1224','PS - Telecomms','OGIN','GO India Operation','2','1900-01-01 00:00:00',1,'null,null,null',1,'emp','','contract',NULL,'1234567890','0987654321',1,'2012-11-20 19:35:00','Choubey Anjani',1,'o','l','choubeya',NULL,'yes',NULL,NULL,NULL),(268,'Anjireddy','','Challa','challaan','M','268','name268gmail.com','IN','268','268','',1,'T Technical','B120','GO IN Application Management','U1280','AEM -  Enhancement Management','OGIN','GO India Operation','3','1900-01-01 00:00:00',1,'null,null,null',1,'emp','','contract',NULL,'1234567890','0987654321',1,'2012-11-20 19:35:00','Challa Anjireddy',1,'o','l','challaan',NULL,'yes',NULL,NULL,NULL),(269,'Anju','','Kumari','kumaria','F','269','name269gmail.com','IN','269','269','',1,'PD Project Delivery','B170','GO IN Country Programme Value Facture','U1734','VF - Wave','OGIN','GO India Operation','1','1900-01-01 00:00:00',1,'null,null,null',1,'emp','','contract',NULL,'1234567890','0987654321',1,'2012-11-20 19:35:00','Kumari Anju',1,'o','l','kumaria',NULL,'yes',NULL,NULL,NULL),(270,'Anju','','Prabhu','prabhua','F','270','name270gmail.com','IN','270','270','',1,'F Finance','B140','GO IN Business Process Outsourcing','U1403','BPO - Procurement','OGIN','GO India Operation','10','1900-01-01 00:00:00',1,'null,null,null',1,'emp','','contract',NULL,'1234567890','0987654321',1,'2012-11-20 19:35:00','Prabhu Anju',1,'o','l','prabhua',NULL,'yes',NULL,NULL,NULL),(271,'Anju','','Syamala','syamalaa','F','271','name271gmail.com','IN','271','271','',2,'T Technical','B120','GO IN Application Management','U1280','AEM -  Enhancement Management','OGIN','GO India Operation','3','1900-01-01 00:00:00',1,'null,null,null',1,'emp','','contract',NULL,'1234567890','0987654321',1,'2012-11-20 19:35:00','Syamala Anju',1,'o','l','syamalaa',NULL,'yes',NULL,NULL,NULL),(272,'Ankit','','Gupta','guptaad','M','272','name272gmail.com','IN','272','272','',1,'T Technical','B210','GO IN Professional Services','U1224','PS - Telecomms','OGIN','GO India Operation','3','1900-01-01 00:00:00',1,'null,null,null',1,'emp','','contract',NULL,'1234567890','0987654321',1,'2012-11-20 19:35:00','Gupta Ankit',1,'o','l','guptaad',NULL,'yes',NULL,NULL,NULL),(273,'Ankit','','Maheshwari','maheshwarian','M','273','name273gmail.com','IN','273','273','',4,'F Finance','B110','GO IN Overheads','U1152','BSF - Finance','OGIN','GO India Operation','10','1900-01-01 00:00:00',1,'null,null,null',1,'emp','','contract',NULL,'1234567890','0987654321',1,'2012-11-20 19:35:00','Maheshwari Ankit',1,'o','l','maheshwarian',NULL,'yes',NULL,NULL,NULL),(274,'Ankit','','Sharma','sharmaak','M','274','name274gmail.com','IN','274','274','',1,'T Technical','B120','GO IN Application Management','U1279','AIM -  Incident Management','OGIN','GO India Operation','3','1900-01-01 00:00:00',1,'null,null,null',1,'emp','','contract',NULL,'1234567890','0987654321',1,'2012-11-20 19:35:00','Sharma Ankit',1,'o','l','sharmaak',NULL,'yes',NULL,NULL,NULL),(275,'Ankit','','Tayal','tayala','M','275','name275gmail.com','IN','275','275','',1,'PD Project Delivery','B210','GO IN Professional Services','U1222','PS - E&U','OGIN','GO India Operation','1','1900-01-01 00:00:00',1,'null,null,null',1,'emp','','contract',NULL,'1234567890','0987654321',1,'2012-11-20 19:35:00','Tayal Ankit',1,'o','l','tayala',NULL,'yes',NULL,NULL,NULL),(276,'Ankur','','Yadav','yadavan','M','276','name276gmail.com','IN','276','276','',1,'T Technical','B120','GO IN Application Management','U1279','AIM -  Incident Management','OGIN','GO India Operation','3','1900-01-01 00:00:00',1,'null,null,null',1,'emp','','contract',NULL,'1234567890','0987654321',1,'2012-11-20 19:35:00','Yadav Ankur',1,'o','l','yadavan',NULL,'yes',NULL,NULL,NULL),(277,'Anmol','','Gulati','gulatia','M','277','name277gmail.com','IN','277','277','',1,'T Technical','B210','GO IN Professional Services','U1225','PS - IDT Products','OGIN','GO India Operation','3','1900-01-01 00:00:00',1,'null,null,null',1,'emp','','contract',NULL,'1234567890','0987654321',1,'2012-11-20 19:35:00','Gulati Anmol',1,'o','l','gulatia',NULL,'yes',NULL,NULL,NULL),(278,'Annapooraneswari','','Venkatesh','venkateshaa','F','278','name278gmail.com','IN','278','278','',1,'PD Project Delivery','B210','GO IN Professional Services','U1224','PS - Telecomms','OGIN','GO India Operation','1','1900-01-01 00:00:00',1,'null,null,null',1,'emp','','contract',NULL,'1234567890','0987654321',1,'2012-11-20 19:35:00','Venkatesh Annapooraneswari',1,'o','l','venkateshaa',NULL,'yes',NULL,NULL,NULL),(279,'Annapoorna','','Shankar','shankaran','F','279','name279gmail.com','IN','279','279','',0,'','B160','GO IN Infrastructure Management','U1502','IM - Service Desk (OGIN B160 U1502)','OGIN','GO India Operation','','1900-01-01 00:00:00',1,'null,null,null',1,'emp','','contract',NULL,'1234567890','0987654321',1,'2012-11-20 19:35:00','Shankar Annapoorna',1,'o','l','shankaran',NULL,'yes',NULL,NULL,NULL),(280,'Annapurna','','Adamalakota','adamalakotaa','M','280','name280gmail.com','IN','280','280','',2,'PD Project Delivery','B210','GO IN Professional Services','U1225','PS - IDT Products','OGIN','GO India Operation','1','1900-01-01 00:00:00',1,'null,null,null',1,'emp','','contract',NULL,'1234567890','0987654321',1,'2012-11-20 19:35:00','Adamalakota Annapurna',1,'o','l','adamalakotaa',NULL,'yes',NULL,NULL,NULL),(281,'Annapurna','','Govindraju','govindrajua','M','281','name281gmail.com','IN','281','281','',0,'','B110','GO IN Overheads','U1103','BSF - Administration','OGIN','GO India Operation','','1900-01-01 00:00:00',1,'null,null,null',1,'emp','','contract',NULL,'1234567890','0987654321',1,'2012-11-20 19:35:00','Govindraju Annapurna',1,'o','l','govindrajua',NULL,'yes',NULL,NULL,NULL),(282,'Anok','','Abraham','abrahamao','M','282','name282gmail.com','IN','282','282','',1,'SD Service Delivery','B160','GO IN Infrastructure Management','U1503','IM - Control Bridge','OGIN','GO India Operation','2','1900-01-01 00:00:00',1,'null,null,null',1,'hrm','','contract',NULL,'1234567890','0987654321',1,'2012-11-20 19:35:00','Abraham Anok',4,'o','l','abrahamao',NULL,'yes',NULL,NULL,NULL),(283,'Anoop','','Mangalassery','mangalasserya','M','283','name283gmail.com','IN','283','283','',2,'T Technical','B210','GO IN Professional Services','U1223','PS - Financial Srvcs','OGIN','GO India Operation','3','1900-01-01 00:00:00',1,'null,null,null',1,'hrm','','contract',NULL,'1234567890','0987654321',1,'2012-11-20 19:35:00','Mangalassery Anoop',4,'o','l','mangalasserya',NULL,'yes',NULL,NULL,NULL),(284,'Anoop','','Padmanabhan','padmanabhana','M','284','name284gmail.com','IN','284','284','',2,'PD Project Delivery','B210','GO IN Professional Services','U1222','PS - E&U','OGIN','GO India Operation','1','1900-01-01 00:00:00',1,'null,null,null',1,'hrm','','contract',NULL,'1234567890','0987654321',1,'2012-11-20 19:35:00','Padmanabhan Anoop',4,'o','l','padmanabhana',NULL,'yes',NULL,NULL,NULL),(285,'Anoop Nagathinkal','','Thenamankalam','thenamankalama','M','285','name285gmail.com','IN','285','285','',2,'T Technical','B210','GO IN Professional Services','U1223','PS - Financial Srvcs','OGIN','GO India Operation','3','1900-01-01 00:00:00',1,'null,null,null',1,'emp','','contract',NULL,'1234567890','0987654321',1,'2012-11-20 19:35:00','Thenamankalam Anoop Nagathinkal',1,'o','l','thenamankalama',NULL,'yes',NULL,NULL,NULL),(286,'Anthony','','Mahimaidoss','mahimaidossa','M','286','name286gmail.com','IN','286','286','',2,'PD Project Delivery','B210','GO IN Professional Services','U1222','PS - E&U','OGIN','GO India Operation','1','1900-01-01 00:00:00',1,'null,null,null',1,'emp','','contract',NULL,'1234567890','0987654321',1,'2012-11-20 19:35:00','Mahimaidoss Anthony',1,'o','l','mahimaidossa',NULL,'yes',NULL,NULL,NULL),(287,'Anthony','','Sebastin','sebastina','M','287','name287gmail.com','IN','287','287','',0,'','B110','GO IN Overheads','U1103','BSF - Administration','OGIN','GO India Operation','','1900-01-01 00:00:00',1,'null,null,null',1,'emp','','contract',NULL,'1234567890','0987654321',1,'2012-11-20 19:35:00','Sebastin Anthony',1,'o','l','sebastina',NULL,'yes',NULL,NULL,NULL),(288,'Anthony Charles','','Alphonse','alphonseac','M','288','name288gmail.com','IN','288','288','',1,'F Finance','B140','GO IN Business Process Outsourcing','U1402','BPO - F&A (OGIN B140 U1402)','OGIN','GO India Operation','10','1900-01-01 00:00:00',1,'null,null,null',1,'emp','','contract',NULL,'1234567890','0987654321',1,'2012-11-20 19:35:00','Alphonse Anthony Charles',1,'o','l','alphonseac',NULL,'yes',NULL,NULL,NULL),(289,'Anthony Raj','','Amala Kulandai Raj','amalakulandairaja','M','289','name289gmail.com','IN','289','289','',1,'SD Service Delivery','B120','GO IN Application Management','U1280','AEM -  Enhancement Management','OGIN','GO India Operation','2','1900-01-01 00:00:00',1,'null,null,null',1,'emp','','contract',NULL,'1234567890','0987654321',1,'2012-11-20 19:35:00','Amala Kulandai Raj Anthony Raj',1,'o','l','amalakulandairaja',NULL,'yes',NULL,NULL,NULL),(290,'Anto','','Paul','paulan','M','290','name290gmail.com','IN','290','290','',2,'F Finance','B140','GO IN Business Process Outsourcing','U1402','BPO - F&A (OGIN B140 U1402)','OGIN','GO India Operation','10','1900-01-01 00:00:00',1,'null,null,null',1,'emp','','contract',NULL,'1234567890','0987654321',1,'2012-11-20 19:35:00','Paul Anto',1,'o','l','paulan',NULL,'yes',NULL,NULL,NULL),(291,'Anto Geonivas','','Xavier','xavierag','M','291','name291gmail.com','IN','291','291','',2,'T Technical','B160','GO IN Infrastructure Management','U1609','IM - UNIX','OGIN','GO India Operation','3','1900-01-01 00:00:00',1,'null,null,null',1,'emp','','contract',NULL,'1234567890','0987654321',1,'2012-11-20 19:35:00','Xavier Anto Geonivas',1,'o','l','xavierag',NULL,'yes',NULL,NULL,NULL),(292,'Antony Immanuvel','','Louis','louisa','M','292','name292gmail.com','IN','292','292','',2,'T Technical','B160','GO IN Infrastructure Management','U1603','IM - Wintel (OGIN B160 U1603)','OGIN','GO India Operation','3','1900-01-01 00:00:00',1,'null,null,null',1,'emp','','contract',NULL,'1234567890','0987654321',1,'2012-11-20 19:35:00','Louis Antony Immanuvel',1,'o','l','louisa',NULL,'yes',NULL,NULL,NULL),(293,'Antony Raj','','Micheal Selvaraj','michealselvaraja','M','293','name293gmail.com','IN','293','293','',1,'T Technical','B210','GO IN Professional Services','U1225','PS - IDT Products','OGIN','GO India Operation','3','1900-01-01 00:00:00',1,'null,null,null',1,'emp','','contract',NULL,'1234567890','0987654321',1,'2012-11-20 19:35:00','Micheal Selvaraj Antony Raj',1,'o','l','michealselvaraja',NULL,'yes',NULL,NULL,NULL),(294,'Anu','','Kamparakkal Vijayalekshmi Soman','kamparakkala','F','294','name294gmail.com','IN','294','294','',1,'SD Service Delivery','B160','GO IN Infrastructure Management','U1605','IM - Distributed Srvcs (OGIN B160 U1605)','OGIN','GO India Operation','2','1900-01-01 00:00:00',1,'null,null,null',1,'emp','','contract',NULL,'1234567890','0987654321',1,'2012-11-20 19:35:00','Kamparakkal Vijayalekshmi Soman Anu',1,'o','l','kamparakkala',NULL,'yes',NULL,NULL,NULL),(295,'Anu','','Naidu','naiduan','F','295','name295gmail.com','IN','295','295','',1,'SD Service Delivery','B160','GO IN Infrastructure Management','U1504','IM - Client Services','OGIN','GO India Operation','2','1900-01-01 00:00:00',1,'null,null,null',1,'emp','','contract',NULL,'1234567890','0987654321',1,'2012-11-20 19:35:00','Naidu Anu',1,'o','l','naiduan',NULL,'yes',NULL,NULL,NULL),(296,'Anu','','Tandon','tandona','F','296','name296gmail.com','IN','296','296','',1,'T Technical','B170','GO IN Country Programme Value Facture','U1735','VF - Graduate and Junior Prog','OGIN','GO India Operation','3','1900-01-01 00:00:00',1,'null,null,null',1,'emp','','contract',NULL,'1234567890','0987654321',1,'2012-11-20 19:35:00','Tandon Anu',1,'o','l','tandona',NULL,'yes',NULL,NULL,NULL),(297,'Anuj','','Arya','aryaa','M','297','name297gmail.com','IN','297','297','',2,'PD Project Delivery','B120','GO IN Application Management','U1280','AEM -  Enhancement Management','OGIN','GO India Operation','1','1900-01-01 00:00:00',1,'null,null,null',1,'emp','','contract',NULL,'1234567890','0987654321',1,'2012-11-20 19:35:00','Arya Anuj',1,'o','l','aryaa',NULL,'yes',NULL,NULL,NULL),(298,'Anuj','','Rastogi','rastogia','M','298','name298gmail.com','IN','298','298','',1,'SD Service Delivery','B120','GO IN Application Management','U1280','AEM -  Enhancement Management','OGIN','GO India Operation','2','1900-01-01 00:00:00',1,'null,null,null',1,'emp','','contract',NULL,'1234567890','0987654321',1,'2012-11-20 19:35:00','Rastogi Anuj',1,'o','l','rastogia',NULL,'yes',NULL,NULL,NULL),(299,'Anup','','Rao','raoan','M','299','name299gmail.com','IN','299','299','',2,'SD Service Delivery','B120','GO IN Application Management','U1279','AIM -  Incident Management','OGIN','GO India Operation','2','1900-01-01 00:00:00',1,'null,null,null',1,'emp','','contract',NULL,'1234567890','0987654321',1,'2012-11-20 19:35:00','Rao Anup',1,'o','l','raoan',NULL,'yes',NULL,NULL,NULL),(300,'Anup','','Swaminath','swaminatha','M','300','name300gmail.com','IN','300','300','',2,'SD Service Delivery','B160','GO IN Infrastructure Management','U1603','IM - Wintel (OGIN B160 U1603)','OGIN','GO India Operation','2','1900-01-01 00:00:00',1,'null,null,null',1,'emp','','contract',NULL,'1234567890','0987654321',1,'2012-11-20 19:35:00','Swaminath Anup',1,'o','l','swaminatha',NULL,'yes',NULL,NULL,NULL),(301,'Anup Koshy','','Jacob','jacobak','M','301','name301gmail.com','IN','301','301','',2,'T Technical','B120','GO IN Application Management','U1279','AIM -  Incident Management','OGIN','GO India Operation','3','1900-01-01 00:00:00',1,'null,null,null',1,'hrm','','contract',NULL,'1234567890','0987654321',1,'2012-11-20 19:35:00','Jacob Anup Koshy',4,'o','l','jacobak',NULL,'yes',NULL,NULL,NULL),(302,'Anupam','','Gupta','guptaap','F','302','name302gmail.com','IN','302','302','',1,'T Technical','B120','GO IN Application Management','U1279','AIM -  Incident Management','OGIN','GO India Operation','3','1900-01-01 00:00:00',1,'null,null,null',1,'emp','','contract',NULL,'1234567890','0987654321',1,'2012-11-20 19:35:00','Gupta Anupam',1,'o','l','guptaap',NULL,'yes',NULL,NULL,NULL),(303,'Anupam','','Kumar','kumarap','M','303','name303gmail.com','IN','303','303','',3,'PD Project Delivery','B120','GO IN Application Management','U1281','ATM - Test Management','OGIN','GO India Operation','1','1900-01-01 00:00:00',1,'null,null,null',1,'emp','','contract',NULL,'1234567890','0987654321',1,'2012-11-20 19:35:00','Kumar Anupam',1,'o','l','kumarap',NULL,'yes',NULL,NULL,NULL),(304,'Anupama','','Kapikad','kapikada','F','304','name304gmail.com','IN','304','304','',2,'PD Project Delivery','B170','GO IN Country Programme Value Facture','U1734','VF - Wave','OGIN','GO India Operation','1','1900-01-01 00:00:00',1,'null,null,null',1,'emp','','contract',NULL,'1234567890','0987654321',1,'2012-11-20 19:35:00','Kapikad Anupama',1,'o','l','kapikada',NULL,'yes',NULL,NULL,NULL),(305,'Anupama','','Kori','koria','F','305','name305gmail.com','IN','305','305','',1,'T Technical','B210','GO IN Professional Services','U1225','PS - IDT Products','OGIN','GO India Operation','3','1900-01-01 00:00:00',1,'null,null,null',1,'emp','','contract',NULL,'1234567890','0987654321',1,'2012-11-20 19:35:00','Kori Anupama',1,'o','l','koria',NULL,'yes',NULL,NULL,NULL),(306,'Anupama','','Srivastava','srivastavaan','F','306','name306gmail.com','IN','306','306','',1,'SD Service Delivery','B800','OS IN Global Overheads','U8001','OS - Central cost','OOIN','OS India Operation','2','1900-01-01 00:00:00',1,'null,null,null',1,'emp','','contract',NULL,'1234567890','0987654321',1,'2012-11-20 19:35:00','Srivastava Anupama',1,'o','l','srivastavaan',NULL,'yes',NULL,NULL,NULL),(307,'Anupriya','','Padhy','padhya','F','307','name307gmail.com','IN','307','307','',1,'T Technical','B210','GO IN Professional Services','U1225','PS - IDT Products','OGIN','GO India Operation','3','1900-01-01 00:00:00',1,'null,null,null',1,'emp','','contract',NULL,'1234567890','0987654321',1,'2012-11-20 19:35:00','Padhy Anupriya',1,'o','l','padhya',NULL,'yes',NULL,NULL,NULL),(308,'Anuradha','','Arumugam','arumugama','F','308','name308gmail.com','IN','308','308','',2,'T Technical','B120','GO IN Application Management','U1280','AEM -  Enhancement Management','OGIN','GO India Operation','3','1900-01-01 00:00:00',1,'null,null,null',1,'emp','','contract',NULL,'1234567890','0987654321',1,'2012-11-20 19:35:00','Arumugam Anuradha',1,'o','l','arumugama',NULL,'yes',NULL,NULL,NULL),(309,'Anuradha','','G','gan','F','309','name309gmail.com','IN','309','309','',2,'SD Service Delivery','B120','GO IN Application Management','U1272','AMES - Java (OGIN B120 U1272)','OGIN','GO India Operation','2','1900-01-01 00:00:00',1,'null,null,null',1,'emp','','contract',NULL,'1234567890','0987654321',1,'2012-11-20 19:35:00','G Anuradha',1,'o','l','gan',NULL,'yes',NULL,NULL,NULL),(310,'Anurag','','Agrawal','agrawala','M','310','name310gmail.com','IN','310','310','',3,'SD Service Delivery','B210','GO IN Professional Services','U1227','PS - India Domestic','OGIN','GO India Operation','2','1900-01-01 00:00:00',1,'null,null,null',1,'emp','','contract',NULL,'1234567890','0987654321',1,'2012-11-20 19:35:00','Agrawal Anurag',1,'o','l','agrawala',NULL,'yes',NULL,NULL,NULL),(311,'Anurag','','Kachhwaha','kachhwahaa','M','311','name311gmail.com','IN','311','311','',0,'','B210','GO IN Professional Services','U1224','PS - Telecomms','OGIN','GO India Operation','','1900-01-01 00:00:00',1,'null,null,null',1,'emp','','contract',NULL,'1234567890','0987654321',1,'2012-11-20 19:35:00','Kachhwaha Anurag',1,'o','l','kachhwahaa',NULL,'yes',NULL,NULL,NULL),(312,'Anurag','','Mohanty','mohantyan','M','312','name312gmail.com','IN','312','312','',2,'T Technical','B210','GO IN Professional Services','U1224','PS - Telecomms','OGIN','GO India Operation','3','1900-01-01 00:00:00',1,'null,null,null',1,'emp','','contract',NULL,'1234567890','0987654321',1,'2012-11-20 19:35:00','Mohanty Anurag',1,'o','l','mohantyan',NULL,'yes',NULL,NULL,NULL),(313,'Anuresh Mooyarikandy','','Puthukudy','puthukudya','M','313','name313gmail.com','IN','313','313','',1,'T Technical','B120','GO IN Application Management','U1280','AEM -  Enhancement Management','OGIN','GO India Operation','3','1900-01-01 00:00:00',1,'null,null,null',1,'emp','','contract',NULL,'1234567890','0987654321',1,'2012-11-20 19:35:00','Puthukudy Anuresh Mooyarikandy',1,'o','l','puthukudya',NULL,'yes',NULL,NULL,NULL),(314,'Anurita','','Naladiga','naladigaa','F','314','name314gmail.com','IN','314','314','',1,'SD Service Delivery','B120','GO IN Application Management','U1280','AEM -  Enhancement Management','OGIN','GO India Operation','2','1900-01-01 00:00:00',1,'null,null,null',1,'emp','','contract',NULL,'1234567890','0987654321',1,'2012-11-20 19:35:00','Naladiga Anurita',1,'o','l','naladigaa',NULL,'yes',NULL,NULL,NULL),(315,'Anush Joel','','Lawrence','lawrenceaj','M','315','name315gmail.com','IN','315','315','',1,'T Technical','B120','GO IN Application Management','U1279','AIM -  Incident Management','OGIN','GO India Operation','3','1900-01-01 00:00:00',1,'null,null,null',1,'emp','','contract',NULL,'1234567890','0987654321',1,'2012-11-20 19:35:00','Lawrence Anush Joel',1,'o','l','lawrenceaj',NULL,'yes',NULL,NULL,NULL),(316,'Anusha','','Gonuguntla','gonuguntlaa','F','316','name316gmail.com','IN','316','316','',0,'','B120','GO IN Application Management','U1280','AEM -  Enhancement Management','OGIN','GO India Operation','','1900-01-01 00:00:00',1,'null,null,null',1,'emp','','contract',NULL,'1234567890','0987654321',1,'2012-11-20 19:35:00','Gonuguntla Anusha',1,'o','l','gonuguntlaa',NULL,'yes',NULL,NULL,NULL),(317,'Anusha','','Gowrisankar','gowrisankara','F','317','name317gmail.com','IN','317','317','',2,'PD Project Delivery','B120','GO IN Application Management','U1279','AIM -  Incident Management','OGIN','GO India Operation','1','1900-01-01 00:00:00',1,'null,null,null',1,'emp','','contract',NULL,'1234567890','0987654321',1,'2012-11-20 19:35:00','Gowrisankar Anusha',1,'o','l','gowrisankara',NULL,'yes',NULL,NULL,NULL),(318,'Anusha','','Shanbhag','shanbhaga','F','318','name318gmail.com','IN','318','318','',1,'T Technical','B170','GO IN Country Programme Value Facture','U1735','VF - Graduate and Junior Prog','OGIN','GO India Operation','3','1900-01-01 00:00:00',1,'null,null,null',1,'emp','','contract',NULL,'1234567890','0987654321',1,'2012-11-20 19:35:00','Shanbhag Anusha',1,'o','l','shanbhaga',NULL,'yes',NULL,NULL,NULL),(319,'Anusuya','','Hariharan','hariharanan','F','319','name319gmail.com','IN','319','319','',1,'T Technical','B120','GO IN Application Management','U1279','AIM -  Incident Management','OGIN','GO India Operation','3','1900-01-01 00:00:00',1,'null,null,null',1,'emp','','contract',NULL,'1234567890','0987654321',1,'2012-11-20 19:35:00','Hariharan Anusuya',1,'o','l','hariharanan',NULL,'yes',NULL,NULL,NULL),(320,'Anzee','','Daniel','danielan','F','320','name320gmail.com','IN','320','320','',1,'GM General Mgmt and Admin','B120','GO IN Application Management','U1254','TS - Functional testing','OGIN','GO India Operation','7','1900-01-01 00:00:00',1,'null,null,null',1,'emp','','contract',NULL,'1234567890','0987654321',1,'2012-11-20 19:35:00','Daniel Anzee',1,'o','l','danielan',NULL,'yes',NULL,NULL,NULL),(321,'Aparna','','Balaji','balajia','F','321','name321gmail.com','IN','321','321','',1,'SD Service Delivery','B170','GO IN Country Programme Value Facture','U1734','VF - Wave','OGIN','GO India Operation','2','1900-01-01 00:00:00',1,'null,null,null',1,'emp','','contract',NULL,'1234567890','0987654321',1,'2012-11-20 19:35:00','Balaji Aparna',1,'o','l','balajia',NULL,'yes',NULL,NULL,NULL),(322,'Aparna','','Chaugule','chaugulea','F','322','name322gmail.com','IN','322','322','',1,'SD Service Delivery','B170','GO IN Country Programme Value Facture','U1734','VF - Wave','OGIN','GO India Operation','2','1900-01-01 00:00:00',1,'null,null,null',1,'emp','','contract',NULL,'1234567890','0987654321',1,'2012-11-20 19:35:00','Chaugule Aparna',1,'o','l','chaugulea',NULL,'yes',NULL,NULL,NULL),(323,'Aparna','','Choudhury','choudhuryap','F','323','name323gmail.com','IN','323','323','',1,'SD Service Delivery','B210','GO IN Professional Services','U1225','PS - IDT Products','OGIN','GO India Operation','2','1900-01-01 00:00:00',1,'null,null,null',1,'emp','','contract',NULL,'1234567890','0987654321',1,'2012-11-20 19:35:00','Choudhury Aparna',1,'o','l','choudhuryap',NULL,'yes',NULL,NULL,NULL),(324,'Aparna','','Joshi','joshiap','F','324','name324gmail.com','IN','324','324','',1,'SD Service Delivery','B120','GO IN Application Management','U1280','AEM -  Enhancement Management','OGIN','GO India Operation','2','1900-01-01 00:00:00',1,'null,null,null',1,'emp','','contract',NULL,'1234567890','0987654321',1,'2012-11-20 19:35:00','Joshi Aparna',1,'o','l','joshiap',NULL,'yes',NULL,NULL,NULL),(325,'Aparna','','Manjunath','manjunathap','F','325','name325gmail.com','IN','325','325','',1,'SD Service Delivery','B120','GO IN Application Management','U1281','ATM - Test Management','OGIN','GO India Operation','2','1900-01-01 00:00:00',1,'null,null,null',1,'emp','','contract',NULL,'1234567890','0987654321',1,'2012-11-20 19:35:00','Manjunath Aparna',1,'o','l','manjunathap',NULL,'yes',NULL,NULL,NULL),(326,'Appala Naidu','','Bankuru','bankurua','M','326','name326gmail.com','IN','326','326','',1,'T Technical','B210','GO IN Professional Services','U1224','PS - Telecomms','OGIN','GO India Operation','3','1900-01-01 00:00:00',1,'null,null,null',1,'emp','','contract',NULL,'1234567890','0987654321',1,'2012-11-20 19:35:00','Bankuru Appala Naidu',1,'o','l','bankurua',NULL,'yes',NULL,NULL,NULL),(327,'Appandarajan','','Poornachandran','poornachandrana','M','327','name327gmail.com','IN','327','327','',2,'SD Service Delivery','B120','GO IN Application Management','U1279','AIM -  Incident Management','OGIN','GO India Operation','2','1900-01-01 00:00:00',1,'null,null,null',1,'emp','','contract',NULL,'1234567890','0987654321',1,'2012-11-20 19:35:00','Poornachandran Appandarajan',1,'o','l','poornachandrana',NULL,'yes',NULL,NULL,NULL),(328,'Aranganathan','','Jayabalan','jayabalana','M','328','name328gmail.com','IN','328','328','',0,'','B160','GO IN Infrastructure Management','U1503','IM - Control Bridge','OGIN','GO India Operation','','1900-01-01 00:00:00',1,'null,null,null',1,'emp','','contract',NULL,'1234567890','0987654321',1,'2012-11-20 19:35:00','Jayabalan Aranganathan',1,'o','l','jayabalana',NULL,'yes',NULL,NULL,NULL),(329,'Arathi','','Unnikrishnan','unnikrishnana','F','329','name329gmail.com','IN','329','329','',1,'T Technical','B210','GO IN Professional Services','U1225','PS - IDT Products','OGIN','GO India Operation','3','1900-01-01 00:00:00',1,'null,null,null',1,'emp','','contract',NULL,'1234567890','0987654321',1,'2012-11-20 19:35:00','Unnikrishnan Arathi',1,'o','l','unnikrishnana',NULL,'yes',NULL,NULL,NULL),(330,'Arati','','Deshpande','deshpandear','F','330','name330gmail.com','IN','330','330','',1,'T Technical','B170','GO IN Country Programme Value Facture','U1734','VF - Wave','OGIN','GO India Operation','3','1900-01-01 00:00:00',1,'null,null,null',1,'emp','','contract',NULL,'1234567890','0987654321',1,'2012-11-20 19:35:00','Deshpande Arati',1,'o','l','deshpandear',NULL,'yes',NULL,NULL,NULL),(331,'Araveti Krishna','','Sumanth','sumanatha','M','331','name331gmail.com','IN','331','331','',1,'SD Service Delivery','B120','GO IN Application Management','U1281','ATM - Test Management','OGIN','GO India Operation','2','1900-01-01 00:00:00',1,'null,null,null',1,'emp','','contract',NULL,'1234567890','0987654321',1,'2012-11-20 19:35:00','Sumanth Araveti Krishna',1,'o','l','sumanatha',NULL,'yes',NULL,NULL,NULL),(332,'Aravind','','Madichetty','madichettyar','M','332','name332gmail.com','IN','332','332','',2,'T Technical','B120','GO IN Application Management','U1279','AIM -  Incident Management','OGIN','GO India Operation','3','1900-01-01 00:00:00',1,'null,null,null',1,'emp','','contract',NULL,'1234567890','0987654321',1,'2012-11-20 19:35:00','Madichetty Aravind',1,'o','l','madichettyar',NULL,'yes',NULL,NULL,NULL),(333,'Aravind','','Mani','maniar','M','333','name333gmail.com','IN','333','333','',1,'SD Service Delivery','B120','GO IN Application Management','U1282','APSO - Production Overheads/SM','OGIN','GO India Operation','2','1900-01-01 00:00:00',1,'null,null,null',1,'emp','','contract',NULL,'1234567890','0987654321',1,'2012-11-20 19:35:00','Mani Aravind',1,'o','l','maniar',NULL,'yes',NULL,NULL,NULL),(334,'Aravind','','Naladiga Venkat','naladigavenkata','M','334','name334gmail.com','IN','334','334','',1,'SD Service Delivery','B120','GO IN Application Management','U1279','AIM -  Incident Management','OGIN','GO India Operation','2','1900-01-01 00:00:00',1,'null,null,null',1,'emp','','contract',NULL,'1234567890','0987654321',1,'2012-11-20 19:35:00','Naladiga Venkat Aravind',1,'o','l','naladigavenkata',NULL,'yes',NULL,NULL,NULL),(335,'Aravind','','Preshant','preshanta','M','335','name335gmail.com','IN','335','335','',1,'T Technical','B210','GO IN Professional Services','U1225','PS - IDT Products','OGIN','GO India Operation','3','1900-01-01 00:00:00',1,'null,null,null',1,'emp','','contract',NULL,'1234567890','0987654321',1,'2012-11-20 19:35:00','Preshant Aravind',1,'o','l','preshanta',NULL,'yes',NULL,NULL,NULL),(336,'Aravind','','Santhanam','santhanamar','M','336','name336gmail.com','IN','336','336','',1,'F Finance','B140','GO IN Business Process Outsourcing','U1402','BPO - F&A (OGIN B140 U1402)','OGIN','GO India Operation','10','1900-01-01 00:00:00',1,'null,null,null',1,'emp','','contract',NULL,'1234567890','0987654321',1,'2012-11-20 19:35:00','Santhanam Aravind',1,'o','l','santhanamar',NULL,'yes',NULL,NULL,NULL),(337,'Aravind','','Selvaraj','selvarajar','M','337','name337gmail.com','IN','337','337','',1,'SD Service Delivery','B120','GO IN Application Management','U1280','AEM -  Enhancement Management','OGIN','GO India Operation','2','1900-01-01 00:00:00',1,'null,null,null',1,'emp','','contract',NULL,'1234567890','0987654321',1,'2012-11-20 19:35:00','Selvaraj Aravind',1,'o','l','selvarajar',NULL,'yes',NULL,NULL,NULL),(338,'Aravind','','Subramanian','subramanianav','M','338','name338gmail.com','IN','338','338','',2,'SD Service Delivery','B110','GO IN Overheads','U1168','BSF - Emerging Technology Practice','OGIN','GO India Operation','2','1900-01-01 00:00:00',1,'null,null,null',1,'emp','','contract',NULL,'1234567890','0987654321',1,'2012-11-20 19:35:00','Subramanian Aravind',1,'o','l','subramanianav',NULL,'yes',NULL,NULL,NULL),(339,'Aravind Balasaheb','','Kolaki','kolakia','M','339','name339gmail.com','IN','339','339','',3,'PD Project Delivery','B170','GO IN Country Programme Value Facture','U1734','VF - Wave','OGIN','GO India Operation','1','1900-01-01 00:00:00',1,'null,null,null',1,'emp','','contract',NULL,'1234567890','0987654321',1,'2012-11-20 19:35:00','Kolaki Aravind Balasaheb',1,'o','l','kolakia',NULL,'yes',NULL,NULL,NULL),(340,'Aravind HS','','Kumar','kumara28','M','340','name340gmail.com','IN','340','340','',1,'SD Service Delivery','B160','GO IN Infrastructure Management','U1605','IM - Distributed Srvcs (OGIN B160 U1605)','OGIN','GO India Operation','2','1900-01-01 00:00:00',1,'null,null,null',1,'emp','','contract',NULL,'1234567890','0987654321',1,'2012-11-20 19:35:00','Kumar Aravind HS',1,'o','l','kumara28',NULL,'yes',NULL,NULL,NULL),(341,'Aravind Puliangudi','','Subramanian','subramanianap','M','341','name341gmail.com','IN','341','341','',2,'T Technical','B120','GO IN Application Management','U1280','AEM -  Enhancement Management','OGIN','GO India Operation','3','1900-01-01 00:00:00',1,'null,null,null',1,'emp','','contract',NULL,'1234567890','0987654321',1,'2012-11-20 19:35:00','Subramanian Aravind Puliangudi',1,'o','l','subramanianap',NULL,'yes',NULL,NULL,NULL),(342,'Aravinda','','Kajampady','kajampadya','M','342','name342gmail.com','IN','342','342','',2,'PD Project Delivery','B210','GO IN Professional Services','U1222','PS - E&U','OGIN','GO India Operation','1','1900-01-01 00:00:00',1,'null,null,null',1,'emp','','contract',NULL,'1234567890','0987654321',1,'2012-11-20 19:35:00','Kajampady Aravinda',1,'o','l','kajampadya',NULL,'yes',NULL,NULL,NULL),(343,'Aravinda','','Mohanty','mohantya','M','343','name343gmail.com','IN','343','343','',2,'PD Project Delivery','B210','GO IN Professional Services','U1224','PS - Telecomms','OGIN','GO India Operation','1','1900-01-01 00:00:00',1,'null,null,null',1,'emp','','contract',NULL,'1234567890','0987654321',1,'2012-11-20 19:35:00','Mohanty Aravinda',1,'o','l','mohantya',NULL,'yes',NULL,NULL,NULL),(344,'Aravindhan','','Karuppamudaliar Nagarajan','karuppamudaliara','M','344','name344gmail.com','IN','344','344','',1,'SD Service Delivery','B120','GO IN Application Management','U1279','AIM -  Incident Management','OGIN','GO India Operation','2','1900-01-01 00:00:00',1,'null,null,null',1,'emp','','contract',NULL,'1234567890','0987654321',1,'2012-11-20 19:35:00','Karuppamudaliar Nagarajan Aravindhan',1,'o','l','karuppamudaliara',NULL,'yes',NULL,NULL,NULL),(345,'Aravindharaj','','Rangaraj','rangaraja','M','345','name345gmail.com','IN','345','345','',1,'SD Service Delivery','B120','GO IN Application Management','U1279','AIM -  Incident Management','OGIN','GO India Operation','2','1900-01-01 00:00:00',1,'null,null,null',1,'emp','','contract',NULL,'1234567890','0987654321',1,'2012-11-20 19:35:00','Rangaraj Aravindharaj',1,'o','l','rangaraja',NULL,'yes',NULL,NULL,NULL),(346,'Archana','','Agarwal','agarwalar','F','346','name346gmail.com','IN','346','346','',1,'T Technical','B170','GO IN Country Programme Value Facture','U1735','VF - Graduate and Junior Prog','OGIN','GO India Operation','3','1900-01-01 00:00:00',1,'null,null,null',1,'emp','','contract',NULL,'1234567890','0987654321',1,'2012-11-20 19:35:00','Agarwal Archana',1,'o','l','agarwalar',NULL,'yes',NULL,NULL,NULL),(347,'Archana','','Govind','govindar','F','347','name347gmail.com','IN','347','347','',1,'SD Service Delivery','B160','GO IN Infrastructure Management','U1503','IM - Control Bridge','OGIN','GO India Operation','2','1900-01-01 00:00:00',1,'null,null,null',1,'emp','','contract',NULL,'1234567890','0987654321',1,'2012-11-20 19:35:00','Govind Archana',1,'o','l','govindar',NULL,'yes',NULL,NULL,NULL),(348,'Archana','','Kathiresan','kathiresana','F','348','name348gmail.com','IN','348','348','',1,'T Technical','B170','GO IN Country Programme Value Facture','U1735','VF - Graduate and Junior Prog','OGIN','GO India Operation','3','1900-01-01 00:00:00',1,'null,null,null',1,'emp','','contract',NULL,'1234567890','0987654321',1,'2012-11-20 19:35:00','Kathiresan Archana',1,'o','l','kathiresana',NULL,'yes',NULL,NULL,NULL),(349,'Archana','','Kiran','kirana','F','349','name349gmail.com','IN','349','349','',1,'T Technical','B120','GO IN Application Management','U1280','AEM -  Enhancement Management','OGIN','GO India Operation','3','1900-01-01 00:00:00',1,'null,null,null',1,'emp','','contract',NULL,'1234567890','0987654321',1,'2012-11-20 19:35:00','Kiran Archana',1,'o','l','kirana',NULL,'yes',NULL,NULL,NULL),(350,'Archana','','Nagula','nagulaa','F','350','name350gmail.com','IN','350','350','',0,'','B120','GO IN Application Management','U1281','ATM - Test Management','OGIN','GO India Operation','','1900-01-01 00:00:00',1,'null,null,null',1,'emp','','contract',NULL,'1234567890','0987654321',1,'2013-01-01 02:03:18','Nagula Archana',1,'o','l','nagulaa',NULL,'yes',NULL,NULL,NULL),(351,'Archana','','Narayanaswamy','narayanaswamya','F','351','name351gmail.com','IN','351','351','',1,'T Technical','B210','GO IN Professional Services','U1224','PS - Telecomms','OGIN','GO India Operation','3','1900-01-01 00:00:00',1,'null,null,null',1,'emp','','contract',NULL,'1234567890','0987654321',1,'2012-11-20 19:35:00','Narayanaswamy Archana',1,'o','l','narayanaswamya',NULL,'yes',NULL,NULL,NULL),(352,'Archana','','Shankar','shankarar','F','352','name352gmail.com','IN','352','352','',1,'SD Service Delivery','B120','GO IN Application Management','U1279','AIM -  Incident Management','OGIN','GO India Operation','2','1900-01-01 00:00:00',1,'null,null,null',1,'emp','','contract',NULL,'1234567890','0987654321',1,'2012-11-20 19:35:00','Shankar Archana',1,'o','l','shankarar',NULL,'yes',NULL,NULL,NULL),(353,'Archana','','Sivakumar','sivakumara','F','353','name353gmail.com','IN','353','353','',1,'SD Service Delivery','B120','GO IN Application Management','U1279','AIM -  Incident Management','OGIN','GO India Operation','2','1900-01-01 00:00:00',1,'null,null,null',1,'emp','','contract',NULL,'1234567890','0987654321',1,'2012-11-20 19:35:00','Sivakumar Archana',1,'o','l','sivakumara',NULL,'yes',NULL,NULL,NULL),(354,'Archana','','Yuvaraj','yuvarajar','F','354','name354gmail.com','IN','354','354','',1,'SD Service Delivery','B160','GO IN Infrastructure Management','U1605','IM - Distributed Srvcs (OGIN B160 U1605)','OGIN','GO India Operation','2','1900-01-01 00:00:00',1,'null,null,null',1,'emp','','contract',NULL,'1234567890','0987654321',1,'2012-11-20 19:35:00','Yuvaraj Archana',1,'o','l','yuvarajar',NULL,'yes',NULL,NULL,NULL),(355,'Archana Chandini','','Udaya Kumar','udayakumara','F','355','name355gmail.com','IN','355','355','',1,'T Technical','B120','GO IN Application Management','U1280','AEM -  Enhancement Management','OGIN','GO India Operation','3','1900-01-01 00:00:00',1,'null,null,null',1,'emp','','contract',NULL,'1234567890','0987654321',1,'2012-11-20 19:35:00','Udaya Kumar Archana Chandini',1,'o','l','udayakumara',NULL,'yes',NULL,NULL,NULL),(356,'Archit','','Sadani','sadania','M','356','name356gmail.com','IN','356','356','',0,'','B110','GO IN Overheads','U1153','BSF - HR','OGIN','GO India Operation','','1900-01-01 00:00:00',1,'null,null,null',1,'emp','','contract',NULL,'1234567890','0987654321',1,'2012-11-20 19:35:00','Sadani Archit',1,'o','l','sadania',NULL,'yes',NULL,NULL,NULL),(357,'Arijeet','','Banerjee','banerjeea','M','357','name357gmail.com','IN','357','357','',1,'SD Service Delivery','B120','GO IN Application Management','U1281','ATM - Test Management','OGIN','GO India Operation','2','1900-01-01 00:00:00',1,'null,null,null',1,'emp','','contract',NULL,'1234567890','0987654321',1,'2012-11-20 19:35:00','Banerjee Arijeet',1,'o','l','banerjeea',NULL,'yes',NULL,NULL,NULL),(358,'Arijeet','','Roychoudhury','roychoudhurya','M','358','name358gmail.com','IN','358','358','',1,'T Technical','B120','GO IN Application Management','U1254','TS - Functional testing','OGIN','GO India Operation','3','1900-01-01 00:00:00',1,'null,null,null',1,'emp','','contract',NULL,'1234567890','0987654321',1,'2012-11-20 19:35:00','Roychoudhury Arijeet',1,'o','l','roychoudhurya',NULL,'yes',NULL,NULL,NULL),(359,'Arijit','','Nandy','nandya','M','359','name359gmail.com','IN','359','359','',1,'T Technical','B210','GO IN Professional Services','U1225','PS - IDT Products','OGIN','GO India Operation','3','1900-01-01 00:00:00',1,'null,null,null',1,'emp','','contract',NULL,'1234567890','0987654321',1,'2012-11-20 19:35:00','Nandy Arijit',1,'o','l','nandya',NULL,'yes',NULL,NULL,NULL),(360,'Arindam','','Aluni','alunia','M','360','name360gmail.com','IN','360','360','',2,'PD Project Delivery','B210','GO IN Professional Services','U1224','PS - Telecomms','OGIN','GO India Operation','1','1900-01-01 00:00:00',1,'null,null,null',1,'emp','','contract',NULL,'1234567890','0987654321',1,'2012-11-20 19:35:00','Aluni Arindam',1,'o','l','alunia',NULL,'yes',NULL,NULL,NULL),(361,'Arindam','','Chakraborty','chakrabortyar','M','361','name361gmail.com','IN','361','361','',1,'T Technical','B210','GO IN Professional Services','U1224','PS - Telecomms','OGIN','GO India Operation','3','1900-01-01 00:00:00',1,'null,null,null',1,'emp','','contract',NULL,'1234567890','0987654321',1,'2012-11-20 19:35:00','Chakraborty Arindam',1,'o','l','chakrabortyar',NULL,'yes',NULL,NULL,NULL),(362,'Arindam','','Chattopadhyay','chattopadhyayar','M','362','name362gmail.com','IN','362','362','',2,'PD Project Delivery','B210','GO IN Professional Services','U1228','PS - SIP Delivery Centre','OGIN','GO India Operation','1','1900-01-01 00:00:00',1,'null,null,null',1,'emp','','contract',NULL,'1234567890','0987654321',1,'2012-11-20 19:35:00','Chattopadhyay Arindam',1,'o','l','chattopadhyayar',NULL,'yes',NULL,NULL,NULL),(363,'Arjun','','Bhattacharyya','bhattacharyyaa','M','363','name363gmail.com','IN','363','363','',3,'T Technical','B120','GO IN Application Management','U1280','AEM -  Enhancement Management','OGIN','GO India Operation','3','1900-01-01 00:00:00',1,'null,null,null',1,'emp','','contract',NULL,'1234567890','0987654321',1,'2012-11-20 19:35:00','Bhattacharyya Arjun',1,'o','l','bhattacharyyaa',NULL,'yes',NULL,NULL,NULL),(364,'Arjun','','Bisht','bishta','M','364','name364gmail.com','IN','364','364','',0,'','B210','GO IN Professional Services','U1225','PS - IDT Products','OGIN','GO India Operation','','1900-01-01 00:00:00',1,'null,null,null',1,'emp','','contract',NULL,'1234567890','0987654321',1,'2012-11-20 19:35:00','Bisht Arjun',1,'o','l','bishta',NULL,'yes',NULL,NULL,NULL),(365,'Arjun','','Girija Padman','girijapadmana','M','365','name365gmail.com','IN','365','365','',1,'T Technical','B120','GO IN Application Management','U1279','AIM -  Incident Management','OGIN','GO India Operation','3','1900-01-01 00:00:00',1,'null,null,null',1,'emp','','contract',NULL,'1234567890','0987654321',1,'2012-11-20 19:35:00','Girija Padman Arjun',1,'o','l','girijapadmana',NULL,'yes',NULL,NULL,NULL),(366,'Arjun','','Koteshwara Gangadhara','koteshwaraa','M','366','name366gmail.com','IN','366','366','',1,'T Technical','B210','GO IN Professional Services','U1225','PS - IDT Products','OGIN','GO India Operation','3','1900-01-01 00:00:00',1,'null,null,null',1,'emp','','contract',NULL,'1234567890','0987654321',1,'2012-11-20 19:35:00','Koteshwara Gangadhara Arjun',1,'o','l','koteshwaraa',NULL,'yes',NULL,NULL,NULL),(367,'Arjun','','Vidyashankar','vidyashankara','M','367','name367gmail.com','IN','367','367','',1,'T Technical','B120','GO IN Application Management','U1279','AIM -  Incident Management','OGIN','GO India Operation','3','1900-01-01 00:00:00',1,'null,null,null',1,'emp','','contract',NULL,'1234567890','0987654321',1,'2012-11-20 19:35:00','Vidyashankar Arjun',1,'o','l','vidyashankara',NULL,'yes',NULL,NULL,NULL),(368,'Arjun Kumar','','Singh','singhau','M','368','name368gmail.com','IN','368','368','',1,'T Technical','B210','GO IN Professional Services','U1223','PS - Financial Srvcs','OGIN','GO India Operation','3','1900-01-01 00:00:00',1,'null,null,null',1,'emp','','contract',NULL,'1234567890','0987654321',1,'2012-11-20 19:35:00','Singh Arjun Kumar',1,'o','l','singhau',NULL,'yes',NULL,NULL,NULL),(369,'Arnab','','Biswas','biswasar','M','369','name369gmail.com','IN','369','369','',1,'T Technical','B210','GO IN Professional Services','U1224','PS - Telecomms','OGIN','GO India Operation','3','1900-01-01 00:00:00',1,'null,null,null',1,'emp','','contract',NULL,'1234567890','0987654321',1,'2012-11-20 19:35:00','Biswas Arnab',1,'o','l','biswasar',NULL,'yes',NULL,NULL,NULL),(370,'Arock','','Roy','royao','M','370','name370gmail.com','IN','370','370','',1,'SD Service Delivery','B120','GO IN Application Management','U1279','AIM -  Incident Management','OGIN','GO India Operation','2','1900-01-01 00:00:00',1,'null,null,null',1,'emp','','contract',NULL,'1234567890','0987654321',1,'2012-11-20 19:35:00','Roy Arock',1,'o','l','royao',NULL,'yes',NULL,NULL,NULL),(371,'Arokia','','Raj','rajga','M','371','name371gmail.com','IN','371','371','',2,'SD Service Delivery','B160','GO IN Infrastructure Management','U1503','IM - Control Bridge','OGIN','GO India Operation','2','1900-01-01 00:00:00',1,'null,null,null',1,'emp','','contract',NULL,'1234567890','0987654321',1,'2012-11-20 19:35:00','Raj Arokia',1,'o','l','rajga',NULL,'yes',NULL,NULL,NULL),(372,'Arpana','','Ramachandra Rao','ramachandraraoa','F','372','name372gmail.com','IN','372','372','',2,'F Finance','B120','GO IN Application Management','U1279','AIM -  Incident Management','OGIN','GO India Operation','10','1900-01-01 00:00:00',1,'null,null,null',1,'emp','','contract',NULL,'1234567890','0987654321',1,'2012-11-20 19:35:00','Ramachandra Rao Arpana',1,'o','l','ramachandraraoa',NULL,'yes',NULL,NULL,NULL),(373,'Arpit','','Bhatnagar','bhatnagara','M','373','name373gmail.com','IN','373','373','',1,'SD Service Delivery','B160','GO IN Infrastructure Management','U1504','IM - Client Services','OGIN','GO India Operation','2','1900-01-01 00:00:00',1,'null,null,null',1,'emp','','contract',NULL,'1234567890','0987654321',1,'2012-11-20 19:35:00','Bhatnagar Arpit',1,'o','l','bhatnagara',NULL,'yes',NULL,NULL,NULL),(374,'Arpita','','Dutta','duttaar','F','374','name374gmail.com','IN','374','374','',1,'T Technical','B170','GO IN Country Programme Value Facture','U1735','VF - Graduate and Junior Prog','OGIN','GO India Operation','3','1900-01-01 00:00:00',1,'null,null,null',1,'emp','','contract',NULL,'1234567890','0987654321',1,'2012-11-20 19:35:00','Dutta Arpita',1,'o','l','duttaar',NULL,'yes',NULL,NULL,NULL),(375,'Arpitha','','Shivakumar','gangadhikara','F','375','name375gmail.com','IN','375','375','',1,'SD Service Delivery','B120','GO IN Application Management','U1281','ATM - Test Management','OGIN','GO India Operation','2','1900-01-01 00:00:00',1,'null,null,null',1,'emp','','contract',NULL,'1234567890','0987654321',1,'2012-11-20 19:35:00','Shivakumar Arpitha',1,'o','l','gangadhikara',NULL,'yes',NULL,NULL,NULL),(376,'Arpuda','','Theerka Das','theerkadasa','F','376','name376gmail.com','IN','376','376','',2,'PD Project Delivery','B210','GO IN Professional Services','U1225','PS - IDT Products','OGIN','GO India Operation','1','1900-01-01 00:00:00',1,'null,null,null',1,'emp','','contract',NULL,'1234567890','0987654321',1,'2012-11-20 19:35:00','Theerka Das Arpuda',1,'o','l','theerkadasa',NULL,'yes',NULL,NULL,NULL),(377,'Arshika','','Daamodaran','daamodarana','F','377','name377gmail.com','IN','377','377','',1,'F Finance','B140','GO IN Business Process Outsourcing','U1402','BPO - F&A (OGIN B140 U1402)','OGIN','GO India Operation','10','1900-01-01 00:00:00',1,'null,null,null',1,'emp','','contract',NULL,'1234567890','0987654321',1,'2012-11-20 19:35:00','Daamodaran Arshika',1,'o','l','daamodarana',NULL,'yes',NULL,NULL,NULL),(378,'Arshiya','','Tabassum','tabassuma','F','378','name378gmail.com','IN','378','378','',1,'T Technical','B210','GO IN Professional Services','U1225','PS - IDT Products','OGIN','GO India Operation','3','1900-01-01 00:00:00',1,'null,null,null',1,'emp','','contract',NULL,'1234567890','0987654321',1,'2012-11-20 19:35:00','Tabassum Arshiya',1,'o','l','tabassuma',NULL,'yes',NULL,NULL,NULL),(379,'Arthi','','Rajendiran','rajendirana','F','379','name379gmail.com','IN','379','379','',1,'T Technical','B210','GO IN Professional Services','U1223','PS - Financial Srvcs','OGIN','GO India Operation','3','1900-01-01 00:00:00',1,'null,null,null',1,'emp','','contract',NULL,'1234567890','0987654321',1,'2012-11-20 19:35:00','Rajendiran Arthi',1,'o','l','rajendirana',NULL,'yes',NULL,NULL,NULL),(380,'Arthi Grace','','Martin','martinah','F','380','name380gmail.com','IN','380','380','',1,'T Technical','B170','GO IN Country Programme Value Facture','U1735','VF - Graduate and Junior Prog','OGIN','GO India Operation','3','1900-01-01 00:00:00',1,'null,null,null',1,'emp','','contract',NULL,'1234567890','0987654321',1,'2012-11-20 19:35:00','Martin Arthi Grace',1,'o','l','martinah',NULL,'yes',NULL,NULL,NULL),(381,'Arul','','Kadirvel','kadirvela','M','381','name381gmail.com','IN','381','381','',2,'PD Project Delivery','B120','GO IN Application Management','U1281','ATM - Test Management','OGIN','GO India Operation','1','1900-01-01 00:00:00',1,'null,null,null',1,'emp','','contract',NULL,'1234567890','0987654321',1,'2012-11-20 19:35:00','Kadirvel Arul',1,'o','l','kadirvela',NULL,'yes',NULL,NULL,NULL),(382,'Arul Jauncee Rani','','Arokiasamy','arokiasamya','F','382','name382gmail.com','IN','382','382','',2,'T Technical','B210','GO IN Professional Services','U1222','PS - E&U','OGIN','GO India Operation','3','1900-01-01 00:00:00',1,'null,null,null',1,'emp','','contract',NULL,'1234567890','0987654321',1,'2012-11-20 19:35:00','Arokiasamy Arul Jauncee Rani',1,'o','l','arokiasamya',NULL,'yes',NULL,NULL,NULL),(383,'Arul Prakash','','Ganapathy','ganapathya','M','383','name383gmail.com','IN','383','383','',3,'PD Project Delivery','B160','GO IN Infrastructure Management','U1607','IM - Project Management','OGIN','GO India Operation','1','1900-01-01 00:00:00',1,'null,null,null',1,'emp','','contract',NULL,'1234567890','0987654321',1,'2012-11-20 19:35:00','Ganapathy Arul Prakash',1,'o','l','ganapathya',NULL,'yes',NULL,NULL,NULL),(384,'Arul Raj','','Easuraj','easuraja','M','384','name384gmail.com','IN','384','384','',1,'F Finance','B140','GO IN Business Process Outsourcing','U1402','BPO - F&A (OGIN B140 U1402)','OGIN','GO India Operation','10','1900-01-01 00:00:00',1,'null,null,null',1,'emp','','contract',NULL,'1234567890','0987654321',1,'2012-11-20 19:35:00','Easuraj Arul Raj',1,'o','l','easuraja',NULL,'yes',NULL,NULL,NULL),(385,'Arularasu','','Thangavelu','thangavelua','M','385','name385gmail.com','IN','385','385','',2,'T Technical','B160','GO IN Infrastructure Management','U1602','IM - Telecomms','OGIN','GO India Operation','3','1900-01-01 00:00:00',1,'null,null,null',1,'emp','','contract',NULL,'1234567890','0987654321',1,'2012-11-20 19:35:00','Thangavelu Arularasu',1,'o','l','thangavelua',NULL,'yes',NULL,NULL,NULL),(386,'Arulmurugan','','Thirumalaisamy','thirumalaisamya','M','386','name386gmail.com','IN','386','386','',2,'PD Project Delivery','B120','GO IN Application Management','U1279','AIM -  Incident Management','OGIN','GO India Operation','1','1900-01-01 00:00:00',1,'null,null,null',1,'emp','','contract',NULL,'1234567890','0987654321',1,'2012-11-20 19:35:00','Thirumalaisamy Arulmurugan',1,'o','l','thirumalaisamya',NULL,'yes',NULL,NULL,NULL),(387,'Arumuga Priya','','Senthilkumar','senthilkumara','F','387','name387gmail.com','IN','387','387','',1,'T Technical','B160','GO IN Infrastructure Management','U1606','IM - DBA (DAT)','OGIN','GO India Operation','3','1900-01-01 00:00:00',1,'null,null,null',1,'emp','','contract',NULL,'1234567890','0987654321',1,'2012-11-20 19:35:00','Senthilkumar Arumuga Priya',1,'o','l','senthilkumara',NULL,'yes',NULL,NULL,NULL),(388,'Arumuga Vel','','Mari Muthu','marimuthua','M','388','name388gmail.com','IN','388','388','',1,'SD Service Delivery','B120','GO IN Application Management','U1280','AEM -  Enhancement Management','OGIN','GO India Operation','2','1900-01-01 00:00:00',1,'null,null,null',1,'emp','','contract',NULL,'1234567890','0987654321',1,'2012-11-20 19:35:00','Mari Muthu Arumuga Vel',1,'o','l','marimuthua',NULL,'yes',NULL,NULL,NULL),(389,'Arumugam','','Nagalingam','nagalingama','M','389','name389gmail.com','IN','389','389','',1,'SD Service Delivery','B160','GO IN Infrastructure Management','U1603','IM - Wintel (OGIN B160 U1603)','OGIN','GO India Operation','2','1900-01-01 00:00:00',1,'null,null,null',1,'emp','','contract',NULL,'1234567890','0987654321',1,'2012-11-20 19:35:00','Nagalingam Arumugam',1,'o','l','nagalingama',NULL,'yes',NULL,NULL,NULL),(390,'Arumugam','','Natesan','natesana','M','390','name390gmail.com','IN','390','390','',3,'SD Service Delivery','B160','GO IN Infrastructure Management','U1608','IM - Service provision management','OGIN','GO India Operation','2','1900-01-01 00:00:00',1,'null,null,null',1,'emp','','contract',NULL,'1234567890','0987654321',1,'2012-11-20 19:35:00','Natesan Arumugam',1,'o','l','natesana',NULL,'yes',NULL,NULL,NULL),(391,'Arumugam','','Sankarathanu','sankarathanua','M','391','name391gmail.com','IN','391','391','',2,'PD Project Delivery','B210','GO IN Professional Services','U1228','PS - SIP Delivery Centre','OGIN','GO India Operation','1','1900-01-01 00:00:00',1,'null,null,null',1,'emp','','contract',NULL,'1234567890','0987654321',1,'2012-11-20 19:35:00','Sankarathanu Arumugam',1,'o','l','sankarathanua',NULL,'yes',NULL,NULL,NULL),(392,'Arun','','Anbu','anbua','M','392','name392gmail.com','IN','392','392','',1,'F Finance','B140','GO IN Business Process Outsourcing','U1402','BPO - F&A (OGIN B140 U1402)','OGIN','GO India Operation','10','1900-01-01 00:00:00',1,'null,null,null',1,'emp','','contract',NULL,'1234567890','0987654321',1,'2012-11-20 19:35:00','Anbu Arun',1,'o','l','anbua',NULL,'yes',NULL,NULL,NULL),(393,'Arun','','Arigela','arigelaa','M','393','name393gmail.com','IN','393','393','',1,'T Technical','B120','GO IN Application Management','U1280','AEM -  Enhancement Management','OGIN','GO India Operation','3','1900-01-01 00:00:00',1,'null,null,null',1,'emp','','contract',NULL,'1234567890','0987654321',1,'2012-11-20 19:35:00','Arigela Arun',1,'o','l','arigelaa',NULL,'yes',NULL,NULL,NULL),(394,'Arun','','Balakrishnan','balakrishnanar','M','394','name394gmail.com','IN','394','394','',1,'T Technical','B120','GO IN Application Management','U1280','AEM -  Enhancement Management','OGIN','GO India Operation','3','1900-01-01 00:00:00',1,'null,null,null',1,'emp','','contract',NULL,'1234567890','0987654321',1,'2012-11-20 19:35:00','Balakrishnan Arun',1,'o','l','balakrishnanar',NULL,'yes',NULL,NULL,NULL),(395,'Arun','','Bharath','bharatha','M','395','name395gmail.com','IN','395','395','',0,'','B110','GO IN Overheads','U1103','BSF - Administration','OGIN','GO India Operation','','1900-01-01 00:00:00',1,'null,null,null',1,'emp','','contract',NULL,'1234567890','0987654321',1,'2012-11-20 19:35:00','Bharath Arun',1,'o','l','bharatha',NULL,'yes',NULL,NULL,NULL),(396,'Arun','','Dadhich','dadhicha','M','396','name396gmail.com','IN','396','396','',1,'T Technical','B160','GO IN Infrastructure Management','U1615','IM - Mainframe','OGIN','GO India Operation','3','1900-01-01 00:00:00',1,'null,null,null',1,'emp','','contract',NULL,'1234567890','0987654321',1,'2012-11-20 19:35:00','Dadhich Arun',1,'o','l','dadhicha',NULL,'yes',NULL,NULL,NULL),(397,'Arun','','Gaurav','gaurava','M','397','name397gmail.com','IN','397','397','',1,'PD Project Delivery','B210','GO IN Professional Services','U1227','PS - India Domestic','OGIN','GO India Operation','1','1900-01-01 00:00:00',1,'null,null,null',1,'emp','','contract',NULL,'1234567890','0987654321',1,'2012-11-20 19:35:00','Gaurav Arun',1,'o','l','gaurava',NULL,'yes',NULL,NULL,NULL),(398,'Arun','','Hegde','hegdear','M','398','name398gmail.com','IN','398','398','',2,'GM General Mgmt and Admin','B120','GO IN Application Management','U1276','AMES - C++ and Other (OGIN B120 U1276)','OGIN','GO India Operation','7','1900-01-01 00:00:00',1,'null,null,null',1,'emp','','contract',NULL,'1234567890','0987654321',1,'2012-11-20 19:35:00','Hegde Arun',1,'o','l','hegdear',NULL,'yes',NULL,NULL,NULL),(399,'Arun','','Jayakumar','jayakumarar','M','399','name399gmail.com','IN','399','399','',0,'','B160','GO IN Infrastructure Management','U1605','IM - Distributed Srvcs (OGIN B160 U1605)','OGIN','GO India Operation','','1900-01-01 00:00:00',1,'null,null,null',1,'emp','','contract',NULL,'1234567890','0987654321',1,'2012-11-20 19:35:00','Jayakumar Arun',1,'o','l','jayakumarar',NULL,'yes',NULL,NULL,NULL),(400,'Arun','','Korasane','korasanea','M','400','name400gmail.com','IN','400','400','',1,'T Technical','B210','GO IN Professional Services','U1223','PS - Financial Srvcs','OGIN','GO India Operation','3','1900-01-01 00:00:00',1,'null,null,null',1,'emp','','contract',NULL,'1234567890','0987654321',1,'2012-11-20 19:35:00','Korasane Arun',1,'o','l','korasanea',NULL,'yes',NULL,NULL,NULL),(401,'Arun','','Kumar','kumara14','M','401','name401gmail.com','IN','401','401','',1,'T Technical','B160','GO IN Infrastructure Management','U1616','IM - Toolsets','OGIN','GO India Operation','3','1900-01-01 00:00:00',1,'null,null,null',1,'emp','','contract',NULL,'1234567890','0987654321',1,'2012-11-20 19:35:00','Kumar Arun',1,'o','l','kumara14',NULL,'yes',NULL,NULL,NULL),(402,'Arun','','Kumar','kumara34','M','402','name402gmail.com','IN','402','402','',0,'','B110','GO IN Overheads','U1103','BSF - Administration','OGIN','GO India Operation','','1900-01-01 00:00:00',1,'null,null,null',1,'emp','','contract',NULL,'1234567890','0987654321',1,'2012-11-20 19:35:00','Kumar Arun',1,'o','l','kumara34',NULL,'yes',NULL,NULL,NULL),(403,'Arun','','M','ma','M','403','name403gmail.com','IN','403','403','',0,'','B160','GO IN Infrastructure Management','U1605','IM - Distributed Srvcs (OGIN B160 U1605)','OGIN','GO India Operation','','1900-01-01 00:00:00',1,'null,null,null',1,'emp','','contract',NULL,'1234567890','0987654321',1,'2012-11-20 19:35:00','M Arun',1,'o','l','ma',NULL,'yes',NULL,NULL,NULL),(404,'Arun','','Maddheri Gnanasekaran','maddheria','M','404','name404gmail.com','IN','404','404','',1,'T Technical','B160','GO IN Infrastructure Management','U1503','IM - Control Bridge','OGIN','GO India Operation','3','1900-01-01 00:00:00',1,'null,null,null',1,'emp','','contract',NULL,'1234567890','0987654321',1,'2012-11-20 19:35:00','Maddheri Gnanasekaran Arun',1,'o','l','maddheria',NULL,'yes',NULL,NULL,NULL),(405,'Arun','','Mathias','mathiasa','M','405','name405gmail.com','IN','405','405','',3,'PD Project Delivery','B210','GO IN Professional Services','U1225','PS - IDT Products','OGIN','GO India Operation','1','1900-01-01 00:00:00',1,'null,null,null',1,'emp','','contract',NULL,'1234567890','0987654321',1,'2012-11-20 19:35:00','Mathias Arun',1,'o','l','mathiasa',NULL,'yes',NULL,NULL,NULL),(406,'Arun','','Nadigar','nadigara','M','406','name406gmail.com','IN','406','406','',2,'SD Service Delivery','B160','GO IN Infrastructure Management','U1603','IM - Wintel (OGIN B160 U1603)','OGIN','GO India Operation','2','1900-01-01 00:00:00',1,'null,null,null',1,'emp','','contract',NULL,'1234567890','0987654321',1,'2012-11-20 19:35:00','Nadigar Arun',1,'o','l','nadigara',NULL,'yes',NULL,NULL,NULL),(407,'Arun','','Prakash','prakasha','M','407','name407gmail.com','IN','407','407','',2,'SD Service Delivery','B120','GO IN Application Management','U1279','AIM -  Incident Management','OGIN','GO India Operation','2','1900-01-01 00:00:00',1,'null,null,null',1,'emp','','contract',NULL,'1234567890','0987654321',1,'2012-11-20 19:35:00','Prakash Arun',1,'o','l','prakasha',NULL,'yes',NULL,NULL,NULL),(408,'Arun','','R','rau','M','408','name408gmail.com','IN','408','408','',1,'SD Service Delivery','B120','GO IN Application Management','U1279','AIM -  Incident Management','OGIN','GO India Operation','2','1900-01-01 00:00:00',1,'null,null,null',1,'emp','','contract',NULL,'1234567890','0987654321',1,'2012-11-20 19:35:00','R Arun',1,'o','l','rau',NULL,'yes',NULL,NULL,NULL),(409,'Arun','','Rajendra','rajendraa','M','409','name409gmail.com','IN','409','409','',2,'PD Project Delivery','B210','GO IN Professional Services','U1225','PS - IDT Products','OGIN','GO India Operation','1','1900-01-01 00:00:00',1,'null,null,null',1,'emp','','contract',NULL,'1234567890','0987654321',1,'2012-11-20 19:35:00','Rajendra Arun',1,'o','l','rajendraa',NULL,'yes',NULL,NULL,NULL),(410,'Arun','','Sane','sanea','M','410','name410gmail.com','IN','410','410','',3,'T Technical','B120','GO IN Application Management','U1280','AEM -  Enhancement Management','OGIN','GO India Operation','3','1900-01-01 00:00:00',1,'null,null,null',1,'emp','','contract',NULL,'1234567890','0987654321',1,'2012-11-20 19:35:00','Sane Arun',1,'o','l','sanea',NULL,'yes',NULL,NULL,NULL),(411,'Arun','','UmaKumar','umakumara','M','411','name411gmail.com','IN','411','411','',3,'HR Human Resources','B110','GO IN Overheads','U1153','BSF - HR','OGIN','GO India Operation','8','1900-01-01 00:00:00',1,'null,null,null',1,'emp','','contract',NULL,'1234567890','0987654321',1,'2012-11-20 19:35:00','UmaKumar Arun',1,'o','l','umakumara',NULL,'yes',NULL,NULL,NULL),(412,'Arun Chakravarthi','','Devaraj','devaraja','M','412','name412gmail.com','IN','412','412','',1,'SD Service Delivery','B160','GO IN Infrastructure Management','U1504','IM - Client Services','OGIN','GO India Operation','2','1900-01-01 00:00:00',1,'null,null,null',1,'emp','','contract',NULL,'1234567890','0987654321',1,'2012-11-20 19:35:00','Devaraj Arun Chakravarthi',1,'o','l','devaraja',NULL,'yes',NULL,NULL,NULL),(413,'Arun Kumar','','Durai','duraia','M','413','name413gmail.com','IN','413','413','',1,'SD Service Delivery','B120','GO IN Application Management','U1280','AEM -  Enhancement Management','OGIN','GO India Operation','2','1900-01-01 00:00:00',1,'null,null,null',1,'emp','','contract',NULL,'1234567890','0987654321',1,'2012-11-20 19:35:00','Durai Arun Kumar',1,'o','l','duraia',NULL,'yes',NULL,NULL,NULL),(414,'Arun Kumar','','Guruswamy','guruswamya','M','414','name414gmail.com','IN','414','414','',1,'T Technical','B120','GO IN Application Management','U1273','AMES - Microsoft (OGIN B120 U1273)','OGIN','GO India Operation','3','1900-01-01 00:00:00',1,'null,null,null',1,'emp','','contract',NULL,'1234567890','0987654321',1,'2012-11-20 19:35:00','Guruswamy Arun Kumar',1,'o','l','guruswamya',NULL,'yes',NULL,NULL,NULL),(415,'Arun Kumar','','Kandoth','kandotha','M','415','name415gmail.com','IN','415','415','',3,'SD Service Delivery','B160','GO IN Infrastructure Management','U1608','IM - Service provision management','OGIN','GO India Operation','2','1900-01-01 00:00:00',1,'null,null,null',1,'emp','','contract',NULL,'1234567890','0987654321',1,'2012-11-20 19:35:00','Kandoth Arun Kumar',1,'o','l','kandotha',NULL,'yes',NULL,NULL,NULL),(416,'Arun Kumar','','Kesava','kesavaa','M','416','name416gmail.com','IN','416','416','',2,'SD Service Delivery','B160','GO IN Infrastructure Management','U1608','IM - Service provision management','OGIN','GO India Operation','2','1900-01-01 00:00:00',1,'null,null,null',1,'emp','','contract',NULL,'1234567890','0987654321',1,'2012-11-20 19:35:00','Kesava Arun Kumar',1,'o','l','kesavaa',NULL,'yes',NULL,NULL,NULL),(417,'Arun Kumar','','Manali Rathnasabapathy','manalia','M','417','name417gmail.com','IN','417','417','',1,'T Technical','B110','GO IN Overheads','U1161','BSF- Resourcing','OGIN','GO India Operation','3','1900-01-01 00:00:00',1,'null,null,null',1,'emp','','contract',NULL,'1234567890','0987654321',1,'2012-11-20 19:35:00','Manali Rathnasabapathy Arun Kumar',1,'o','l','manalia',NULL,'yes',NULL,NULL,NULL),(418,'Arun Kumar','','Ponnambalam','ponnambalama','M','418','name418gmail.com','IN','418','418','',2,'T Technical','B120','GO IN Application Management','U1279','AIM -  Incident Management','OGIN','GO India Operation','3','1900-01-01 00:00:00',1,'null,null,null',1,'emp','','contract',NULL,'1234567890','0987654321',1,'2012-11-20 19:35:00','Ponnambalam Arun Kumar',1,'o','l','ponnambalama',NULL,'yes',NULL,NULL,NULL),(419,'Arun Kumar','','S.J','s.ja','M','419','name419gmail.com','IN','419','419','',1,'SD Service Delivery','B160','GO IN Infrastructure Management','U1502','IM - Service Desk (OGIN B160 U1502)','OGIN','GO India Operation','2','1900-01-01 00:00:00',1,'null,null,null',1,'emp','','contract',NULL,'1234567890','0987654321',1,'2012-11-20 19:35:00','S.J Arun Kumar',1,'o','l','s.ja',NULL,'yes',NULL,NULL,NULL),(420,'Arun Kumar','','Varadan','varadana','M','420','name420gmail.com','IN','420','420','',2,'SD Service Delivery','B160','GO IN Infrastructure Management','U1502','IM - Service Desk (OGIN B160 U1502)','OGIN','GO India Operation','2','1900-01-01 00:00:00',1,'null,null,null',1,'emp','','contract',NULL,'1234567890','0987654321',1,'2012-11-20 19:35:00','Varadan Arun Kumar',1,'o','l','varadana',NULL,'yes',NULL,NULL,NULL),(421,'Arun Prakash','','Nangavaram Rajamani','nangavaramrajamania','M','421','name421gmail.com','IN','421','421','',1,'SD Service Delivery','B120','GO IN Application Management','U1280','AEM -  Enhancement Management','OGIN','GO India Operation','2','1900-01-01 00:00:00',1,'null,null,null',1,'emp','','contract',NULL,'1234567890','0987654321',1,'2012-11-20 19:35:00','Nangavaram Rajamani Arun Prakash',1,'o','l','nangavaramrajamania',NULL,'yes',NULL,NULL,NULL),(422,'Arun Prashanth','','Lobo','loboa','M','422','name422gmail.com','IN','422','422','',1,'PD Project Delivery','B120','GO IN Application Management','U1281','ATM - Test Management','OGIN','GO India Operation','1','1900-01-01 00:00:00',1,'null,null,null',1,'emp','','contract',NULL,'1234567890','0987654321',1,'2012-11-20 19:35:00','Lobo Arun Prashanth',1,'o','l','loboa',NULL,'yes',NULL,NULL,NULL),(423,'Arun Raj','','Keerthi Raj','keerthiraja','M','423','name423gmail.com','IN','423','423','',0,'','B160','GO IN Infrastructure Management','U1605','IM - Distributed Srvcs (OGIN B160 U1605)','OGIN','GO India Operation','','1900-01-01 00:00:00',1,'null,null,null',1,'emp','','contract',NULL,'1234567890','0987654321',1,'2012-11-20 19:35:00','Keerthi Raj Arun Raj',1,'o','l','keerthiraja',NULL,'yes',NULL,NULL,NULL),(424,'Arun Singh','','Rana','ranaas','M','424','name424gmail.com','IN','424','424','',2,'T Technical','B160','GO IN Infrastructure Management','U1615','IM - Mainframe','OGIN','GO India Operation','3','1900-01-01 00:00:00',1,'null,null,null',1,'emp','','contract',NULL,'1234567890','0987654321',1,'2012-11-20 19:35:00','Rana Arun Singh',1,'o','l','ranaas',NULL,'yes',NULL,NULL,NULL),(425,'Arun Sundar','','Sundararajan','sundararajana','M','425','name425gmail.com','IN','425','425','',1,'T Technical','B210','GO IN Professional Services','U1225','PS - IDT Products','OGIN','GO India Operation','3','1900-01-01 00:00:00',1,'null,null,null',1,'emp','','contract',NULL,'1234567890','0987654321',1,'2012-11-20 19:35:00','Sundararajan Arun Sundar',1,'o','l','sundararajana',NULL,'yes',NULL,NULL,NULL),(426,'Aruna','','Sontineni','sontinenia','F','426','name426gmail.com','IN','426','426','',2,'PD Project Delivery','B210','GO IN Professional Services','U1223','PS - Financial Srvcs','OGIN','GO India Operation','1','1900-01-01 00:00:00',1,'null,null,null',1,'emp','','contract',NULL,'1234567890','0987654321',1,'2012-11-20 19:35:00','Sontineni Aruna',1,'o','l','sontinenia',NULL,'yes',NULL,NULL,NULL),(427,'Arunkumaar','','Gunaseelan','gunaseelana','M','427','name427gmail.com','IN','427','427','',1,'SD Service Delivery','B120','GO IN Application Management','U1279','AIM -  Incident Management','OGIN','GO India Operation','2','1900-01-01 00:00:00',1,'null,null,null',1,'emp','','contract',NULL,'1234567890','0987654321',1,'2012-11-20 19:35:00','Gunaseelan Arunkumaar',1,'o','l','gunaseelana',NULL,'yes',NULL,NULL,NULL),(428,'Arunkumar','','Chandrasekaran','chandrasekaranar','M','428','name428gmail.com','IN','428','428','',1,'SD Service Delivery','B120','GO IN Application Management','U1279','AIM -  Incident Management','OGIN','GO India Operation','2','1900-01-01 00:00:00',1,'null,null,null',1,'emp','','contract',NULL,'1234567890','0987654321',1,'2012-11-20 19:35:00','Chandrasekaran Arunkumar',1,'o','l','chandrasekaranar',NULL,'yes',NULL,NULL,NULL),(429,'Arunkumar','','Ganesan','ganesanar','M','429','name429gmail.com','IN','429','429','',2,'PD Project Delivery','B120','GO IN Application Management','U1280','AEM -  Enhancement Management','OGIN','GO India Operation','1','1900-01-01 00:00:00',1,'null,null,null',1,'emp','','contract',NULL,'1234567890','0987654321',1,'2012-11-20 19:35:00','Ganesan Arunkumar',1,'o','l','ganesanar',NULL,'yes',NULL,NULL,NULL),(430,'Arunkumar','','Lakshmanasamy','lakshmanasamya','M','430','name430gmail.com','IN','430','430','',2,'T Technical','B160','GO IN Infrastructure Management','U1615','IM - Mainframe','OGIN','GO India Operation','3','1900-01-01 00:00:00',1,'null,null,null',1,'emp','','contract',NULL,'1234567890','0987654321',1,'2012-11-20 19:35:00','Lakshmanasamy Arunkumar',1,'o','l','lakshmanasamya',NULL,'yes',NULL,NULL,NULL),(431,'ArunKumar','','Muniraju','munirajua','M','431','name431gmail.com','IN','431','431','',2,'F Finance','B140','GO IN Business Process Outsourcing','U1402','BPO - F&A (OGIN B140 U1402)','OGIN','GO India Operation','10','1900-01-01 00:00:00',1,'null,null,null',1,'emp','','contract',NULL,'1234567890','0987654321',1,'2012-11-20 19:35:00','Muniraju ArunKumar',1,'o','l','munirajua',NULL,'yes',NULL,NULL,NULL),(432,'Arunkumar','','Shanmugasundaram','shanmugamar','M','432','name432gmail.com','IN','432','432','',0,'','B110','GO IN Overheads','U1160','BSF - One IS Service Delivery','OGIN','GO India Operation','','1900-01-01 00:00:00',1,'null,null,null',1,'emp','','contract',NULL,'1234567890','0987654321',1,'2012-11-20 19:35:00','Shanmugasundaram Arunkumar',1,'o','l','shanmugamar',NULL,'yes',NULL,NULL,NULL),(433,'Arunkumar','','Somakaimal','somakaimala','M','433','name433gmail.com','IN','433','433','',1,'T Technical','B160','GO IN Infrastructure Management','U1602','IM - Telecomms','OGIN','GO India Operation','3','1900-01-01 00:00:00',1,'null,null,null',1,'emp','','contract',NULL,'1234567890','0987654321',1,'2012-11-20 19:35:00','Somakaimal Arunkumar',1,'o','l','somakaimala',NULL,'yes',NULL,NULL,NULL),(434,'Arunoday','','Gupta','guptaao','M','434','name434gmail.com','IN','434','434','',1,'SD Service Delivery','B210','GO IN Professional Services','U1223','PS - Financial Srvcs','OGIN','GO India Operation','2','1900-01-01 00:00:00',1,'null,null,null',1,'emp','','contract',NULL,'1234567890','0987654321',1,'2012-11-20 19:35:00','Gupta Arunoday',1,'o','l','guptaao',NULL,'yes',NULL,NULL,NULL),(435,'Arunprasad','','Loganathan','loganathana','M','435','name435gmail.com','IN','435','435','',2,'T Technical','B160','GO IN Infrastructure Management','U1602','IM - Telecomms','OGIN','GO India Operation','3','1900-01-01 00:00:00',1,'null,null,null',1,'emp','','contract',NULL,'1234567890','0987654321',1,'2012-11-20 19:35:00','Loganathan Arunprasad',1,'o','l','loganathana',NULL,'yes',NULL,NULL,NULL),(436,'Arunya','','Sivanandam','sivanandama','F','436','name436gmail.com','IN','436','436','',1,'T Technical','B120','GO IN Application Management','U1279','AIM -  Incident Management','OGIN','GO India Operation','3','1900-01-01 00:00:00',1,'null,null,null',1,'emp','','contract',NULL,'1234567890','0987654321',1,'2012-11-20 19:35:00','Sivanandam Arunya',1,'o','l','sivanandama',NULL,'yes',NULL,NULL,NULL),(437,'Arutselve','','Alagukumar','alagukumara','F','437','name437gmail.com','IN','437','437','',0,'','B160','GO IN Infrastructure Management','U1605','IM - Distributed Srvcs (OGIN B160 U1605)','OGIN','GO India Operation','','1900-01-01 00:00:00',1,'null,null,null',1,'emp','','contract',NULL,'1234567890','0987654321',1,'2012-11-20 19:35:00','Alagukumar Arutselve',1,'o','l','alagukumara',NULL,'yes',NULL,NULL,NULL),(438,'Arvind','','Karanth','karantha','M','438','name438gmail.com','IN','438','438','',2,'PD Project Delivery','B120','GO IN Application Management','U1280','AEM -  Enhancement Management','OGIN','GO India Operation','1','1900-01-01 00:00:00',1,'null,null,null',1,'emp','','contract',NULL,'1234567890','0987654321',1,'2012-11-20 19:35:00','Karanth Arvind',1,'o','l','karantha',NULL,'yes',NULL,NULL,NULL),(439,'Arvind','','Radhakrishnan','radhakrishnanar','M','439','name439gmail.com','IN','439','439','',1,'SD Service Delivery','B160','GO IN Infrastructure Management','U1503','IM - Control Bridge','OGIN','GO India Operation','2','1900-01-01 00:00:00',1,'null,null,null',1,'emp','','contract',NULL,'1234567890','0987654321',1,'2012-11-20 19:35:00','Radhakrishnan Arvind',1,'o','l','radhakrishnanar',NULL,'yes',NULL,NULL,NULL),(440,'Arvind','','Ramachandran','ramachandranar','M','440','name440gmail.com','IN','440','440','',1,'T Technical','B120','GO IN Application Management','U1279','AIM -  Incident Management','OGIN','GO India Operation','3','1900-01-01 00:00:00',1,'null,null,null',1,'emp','','contract',NULL,'1234567890','0987654321',1,'2012-11-20 19:35:00','Ramachandran Arvind',1,'o','l','ramachandranar',NULL,'yes',NULL,NULL,NULL),(441,'Arvinth','','Kandasamy','kandasamya','M','441','name441gmail.com','IN','441','441','',1,'SAM Sales and Account Mgmt','B115','GO IN Sales and Marketing','U1163','Marcomm Shared Service Centre','OGIN','GO India Operation','6','1900-01-01 00:00:00',1,'null,null,null',1,'emp','','contract',NULL,'1234567890','0987654321',1,'2012-11-20 19:35:00','Kandasamy Arvinth',1,'o','l','kandasamya',NULL,'yes',NULL,NULL,NULL),(442,'AS','','Jayanthi','jayanthia','F','442','name442gmail.com','IN','442','442','',2,'SAM Sales and Account Mgmt','B800','OS IN Global Overheads','U8004','OS - Mega Deal Hub','OOIN','OS India Operation','6','1900-01-01 00:00:00',1,'null,null,null',1,'emp','','contract',NULL,'1234567890','0987654321',1,'2012-11-20 19:35:00','Jayanthi AS',1,'o','l','jayanthia',NULL,'yes',NULL,NULL,NULL),(443,'Asaithambi','','Balasubramanian','balasubramanianas','M','443','name443gmail.com','IN','443','443','',2,'PD Project Delivery','B210','GO IN Professional Services','U1223','PS - Financial Srvcs','OGIN','GO India Operation','1','1900-01-01 00:00:00',1,'null,null,null',1,'emp','','contract',NULL,'1234567890','0987654321',1,'2012-11-20 19:35:00','Balasubramanian Asaithambi',1,'o','l','balasubramanianas',NULL,'yes',NULL,NULL,NULL),(444,'Asavari','','Chaubal','banea','F','444','name444gmail.com','IN','444','444','',1,'SD Service Delivery','B210','GO IN Professional Services','U1227','PS - India Domestic','OGIN','GO India Operation','2','1900-01-01 00:00:00',1,'null,null,null',1,'emp','','contract',NULL,'1234567890','0987654321',1,'2012-11-20 19:35:00','Chaubal Asavari',1,'o','l','banea',NULL,'yes',NULL,NULL,NULL),(445,'Asha','','Dhanasekar','dhanasekara','F','445','name445gmail.com','IN','445','445','',1,'F Finance','B140','GO IN Business Process Outsourcing','U1402','BPO - F&A (OGIN B140 U1402)','OGIN','GO India Operation','10','1900-01-01 00:00:00',1,'null,null,null',1,'emp','','contract',NULL,'1234567890','0987654321',1,'2012-11-20 19:35:00','Dhanasekar Asha',1,'o','l','dhanasekara',NULL,'yes',NULL,NULL,NULL),(446,'Asha','','Kalugotla','kalugotlaa','F','446','name446gmail.com','IN','446','446','',2,'PD Project Delivery','B210','GO IN Professional Services','U1223','PS - Financial Srvcs','OGIN','GO India Operation','1','1900-01-01 00:00:00',1,'null,null,null',1,'emp','','contract',NULL,'1234567890','0987654321',1,'2012-11-20 19:35:00','Kalugotla Asha',1,'o','l','kalugotlaa',NULL,'yes',NULL,NULL,NULL),(447,'Asha','','Thomas','thomasas','F','447','name447gmail.com','IN','447','447','',1,'SD Service Delivery','B170','GO IN Country Programme Value Facture','U1734','VF - Wave','OGIN','GO India Operation','2','1900-01-01 00:00:00',1,'null,null,null',1,'emp','','contract',NULL,'1234567890','0987654321',1,'2012-11-20 19:35:00','Thomas Asha',1,'o','l','thomasas',NULL,'yes',NULL,NULL,NULL),(448,'Asha Kiran','','Reddappagari','reddappagaria','F','448','name448gmail.com','IN','448','448','',2,'T Technical','B210','GO IN Professional Services','U1223','PS - Financial Srvcs','OGIN','GO India Operation','3','1900-01-01 00:00:00',1,'null,null,null',1,'emp','','contract',NULL,'1234567890','0987654321',1,'2012-11-20 19:35:00','Reddappagari Asha Kiran',1,'o','l','reddappagaria',NULL,'yes',NULL,NULL,NULL),(449,'Asharaff','','Mogal','mogala','M','449','name449gmail.com','IN','449','449','',1,'T Technical','B120','GO IN Application Management','U1279','AIM -  Incident Management','OGIN','GO India Operation','3','1900-01-01 00:00:00',1,'null,null,null',1,'emp','','contract',NULL,'1234567890','0987654321',1,'2012-11-20 19:35:00','Mogal Asharaff',1,'o','l','mogala',NULL,'yes',NULL,NULL,NULL),(450,'Ashfak','','Ahmed','ahmedah','M','450','name450gmail.com','IN','450','450','',2,'PD Project Delivery','B210','GO IN Professional Services','U1225','PS - IDT Products','OGIN','GO India Operation','1','1900-01-01 00:00:00',1,'null,null,null',1,'emp','','contract',NULL,'1234567890','0987654321',1,'2012-11-20 19:35:00','Ahmed Ashfak',1,'o','l','ahmedah',NULL,'yes',NULL,NULL,NULL),(451,'Ashima Priyambada','','Mishra','mishraap','F','451','name451gmail.com','IN','451','451','',1,'SD Service Delivery','B210','GO IN Professional Services','U1224','PS - Telecomms','OGIN','GO India Operation','2','1900-01-01 00:00:00',1,'null,null,null',1,'emp','','contract',NULL,'1234567890','0987654321',1,'2012-11-20 19:35:00','Mishra Ashima Priyambada',1,'o','l','mishraap',NULL,'yes',NULL,NULL,NULL),(452,'Ashiq','','Mohamed','mohamedah','M','452','name452gmail.com','IN','452','452','',1,'SD Service Delivery','B160','GO IN Infrastructure Management','U1503','IM - Control Bridge','OGIN','GO India Operation','2','1900-01-01 00:00:00',1,'null,null,null',1,'emp','','contract',NULL,'1234567890','0987654321',1,'2012-11-20 19:35:00','Mohamed Ashiq',1,'o','l','mohamedah',NULL,'yes',NULL,NULL,NULL),(453,'Ashish','','Rath','ratha','M','453','name453gmail.com','IN','453','453','',1,'T Technical','B210','GO IN Professional Services','U1227','PS - India Domestic','OGIN','GO India Operation','3','1900-01-01 00:00:00',1,'null,null,null',1,'emp','','contract',NULL,'1234567890','0987654321',1,'2012-11-20 19:35:00','Rath Ashish',1,'o','l','ratha',NULL,'yes',NULL,NULL,NULL),(454,'Ashish Kumar','','Raikwar','raikwara','M','454','name454gmail.com','IN','454','454','',0,'','B120','GO IN Application Management','U1279','AIM -  Incident Management','OGIN','GO India Operation','','1900-01-01 00:00:00',1,'null,null,null',1,'emp','','contract',NULL,'1234567890','0987654321',1,'2012-11-20 19:35:00','Raikwar Ashish Kumar',1,'o','l','raikwara',NULL,'yes',NULL,NULL,NULL),(455,'Ashish Narayanrao','','Sabnis','sabnisas','M','455','name455gmail.com','IN','455','455','',2,'SD Service Delivery','B120','GO IN Application Management','U1280','AEM -  Enhancement Management','OGIN','GO India Operation','2','1900-01-01 00:00:00',1,'null,null,null',1,'emp','','contract',NULL,'1234567890','0987654321',1,'2012-11-20 19:35:00','Sabnis Ashish Narayanrao',1,'o','l','sabnisas',NULL,'yes',NULL,NULL,NULL),(456,'Ashit','','Choudhury','choudhuryas','M','456','name456gmail.com','IN','456','456','',4,'T Technical','B120','GO IN Application Management','U1282','APSO - Production Overheads/SM','OGIN','GO India Operation','3','1900-01-01 00:00:00',1,'null,null,null',1,'emp','','contract',NULL,'1234567890','0987654321',1,'2012-11-20 19:35:00','Choudhury Ashit',1,'o','l','choudhuryas',NULL,'yes',NULL,NULL,NULL),(457,'Ashitha','','Saldanha','saldanhaa','F','457','name457gmail.com','IN','457','457','',2,'SD Service Delivery','B120','GO IN Application Management','U1281','ATM - Test Management','OGIN','GO India Operation','2','1900-01-01 00:00:00',1,'null,null,null',1,'emp','','contract',NULL,'1234567890','0987654321',1,'2012-11-20 19:35:00','Saldanha Ashitha',1,'o','l','saldanhaa',NULL,'yes',NULL,NULL,NULL),(458,'Ashitha','','Sanan','sanana','F','458','name458gmail.com','IN','458','458','',1,'T Technical','B210','GO IN Professional Services','U1224','PS - Telecomms','OGIN','GO India Operation','3','1900-01-01 00:00:00',1,'null,null,null',1,'emp','','contract',NULL,'1234567890','0987654321',1,'2012-11-20 19:35:00','Sanan Ashitha',1,'o','l','sanana',NULL,'yes',NULL,NULL,NULL),(459,'Ashok','','Chaturvedula','chaturvedulaa','M','459','name459gmail.com','IN','459','459','',4,'PD Project Delivery','B210','GO IN Professional Services','U1224','PS - Telecomms','OGIN','GO India Operation','1','1900-01-01 00:00:00',1,'null,null,null',1,'emp','','contract',NULL,'1234567890','0987654321',1,'2012-11-20 19:35:00','Chaturvedula Ashok',1,'o','l','chaturvedulaa',NULL,'yes',NULL,NULL,NULL),(460,'Ashok','','Chopparapu','chopparapua','M','460','name460gmail.com','IN','460','460','',1,'T Technical','B120','GO IN Application Management','U1279','AIM -  Incident Management','OGIN','GO India Operation','3','1900-01-01 00:00:00',1,'null,null,null',1,'emp','','contract',NULL,'1234567890','0987654321',1,'2012-11-20 19:35:00','Chopparapu Ashok',1,'o','l','chopparapua',NULL,'yes',NULL,NULL,NULL),(461,'Ashok','','Kumar','kumara31','M','461','name461gmail.com','IN','461','461','',2,'SD Service Delivery','B120','GO IN Application Management','U1281','ATM - Test Management','OGIN','GO India Operation','2','1900-01-01 00:00:00',1,'null,null,null',1,'emp','','contract',NULL,'1234567890','0987654321',1,'2012-11-20 19:35:00','Kumar Ashok',1,'o','l','kumara31',NULL,'yes',NULL,NULL,NULL),(462,'Ashok','','Kumar','kumaras','M','462','name462gmail.com','IN','462','462','',4,'GM General Mgmt and Admin','B110','GO IN Overheads','U1102','BSF - General Management','OGIN','GO India Operation','7','1900-01-01 00:00:00',1,'null,null,null',1,'emp','','contract',NULL,'1234567890','0987654321',1,'2012-11-20 19:35:00','Kumar Ashok',1,'o','l','kumaras',NULL,'yes',NULL,NULL,NULL),(463,'Ashok','','Purushothaman','purushothamana','M','463','name463gmail.com','IN','463','463','',0,'','B110','GO IN Overheads','U1160','BSF - One IS Service Delivery','OGIN','GO India Operation','','1900-01-01 00:00:00',1,'null,null,null',1,'emp','','contract',NULL,'1234567890','0987654321',1,'2012-11-20 19:35:00','Purushothaman Ashok',1,'o','l','purushothamana',NULL,'yes',NULL,NULL,NULL),(464,'Ashok','','Regula','regulaa','M','464','name464gmail.com','IN','464','464','',1,'SD Service Delivery','B120','GO IN Application Management','U1280','AEM -  Enhancement Management','OGIN','GO India Operation','2','1900-01-01 00:00:00',1,'null,null,null',1,'emp','','contract',NULL,'1234567890','0987654321',1,'2012-11-20 19:35:00','Regula Ashok',1,'o','l','regulaa',NULL,'yes',NULL,NULL,NULL),(465,'Ashok','','Sathyanarayan','sathyanarayana','M','465','name465gmail.com','IN','465','465','',2,'BC Business Consultancy','B120','GO IN Application Management','U1280','AEM -  Enhancement Management','OGIN','GO India Operation','4','1900-01-01 00:00:00',1,'null,null,null',1,'emp','','contract',NULL,'1234567890','0987654321',1,'2012-11-20 19:35:00','Sathyanarayan Ashok',1,'o','l','sathyanarayana',NULL,'yes',NULL,NULL,NULL),(466,'Ashok Johnson','','Jayaprakash','jayaprakasha','M','466','name466gmail.com','IN','466','466','',2,'SD Service Delivery','B120','GO IN Application Management','U1280','AEM -  Enhancement Management','OGIN','GO India Operation','2','1900-01-01 00:00:00',1,'null,null,null',1,'emp','','contract',NULL,'1234567890','0987654321',1,'2012-11-20 19:35:00','Jayaprakash Ashok Johnson',1,'o','l','jayaprakasha',NULL,'yes',NULL,NULL,NULL),(467,'Ashok Kumar','','Dhayalan','dhayalana','M','467','name467gmail.com','IN','467','467','',2,'SD Service Delivery','B120','GO IN Application Management','U1280','AEM -  Enhancement Management','OGIN','GO India Operation','2','1900-01-01 00:00:00',1,'null,null,null',1,'emp','','contract',NULL,'1234567890','0987654321',1,'2012-11-20 19:35:00','Dhayalan Ashok Kumar',1,'o','l','dhayalana',NULL,'yes',NULL,NULL,NULL),(468,'Ashok Kumar','','Kuppusamy','kuppusamya','M','468','name468gmail.com','IN','468','468','',2,'T Technical','B120','GO IN Application Management','U1280','AEM -  Enhancement Management','OGIN','GO India Operation','3','1900-01-01 00:00:00',1,'null,null,null',1,'emp','','contract',NULL,'1234567890','0987654321',1,'2012-11-20 19:35:00','Kuppusamy Ashok Kumar',1,'o','l','kuppusamya',NULL,'yes',NULL,NULL,NULL),(469,'Ashok Kumar','','Sanganahalli','sanganahallia','M','469','name469gmail.com','IN','469','469','',1,'T Technical','B120','GO IN Application Management','U1280','AEM -  Enhancement Management','OGIN','GO India Operation','3','1900-01-01 00:00:00',1,'null,null,null',1,'emp','','contract',NULL,'1234567890','0987654321',1,'2012-11-20 19:35:00','Sanganahalli Ashok Kumar',1,'o','l','sanganahallia',NULL,'yes',NULL,NULL,NULL),(470,'Ashok Kumar','','Sougounaradjou','sougonaradjoua','M','470','name470gmail.com','IN','470','470','',1,'T Technical','B120','GO IN Application Management','U1279','AIM -  Incident Management','OGIN','GO India Operation','3','1900-01-01 00:00:00',1,'null,null,null',1,'emp','','contract',NULL,'1234567890','0987654321',1,'2012-11-20 19:35:00','Sougounaradjou Ashok Kumar',1,'o','l','sougonaradjoua',NULL,'yes',NULL,NULL,NULL),(471,'Ashok Kumar','','Thangaraju','thangarajua','M','471','name471gmail.com','IN','471','471','',1,'SD Service Delivery','B120','GO IN Application Management','U1281','ATM - Test Management','OGIN','GO India Operation','2','1900-01-01 00:00:00',1,'null,null,null',1,'emp','','contract',NULL,'1234567890','0987654321',1,'2012-11-20 19:35:00','Thangaraju Ashok Kumar',1,'o','l','thangarajua',NULL,'yes',NULL,NULL,NULL),(472,'Ashok Kumar','','Upadhyay','upadhyayas','M','472','name472gmail.com','IN','472','472','',0,'','B160','GO IN Infrastructure Management','U1502','IM - Service Desk (OGIN B160 U1502)','OGIN','GO India Operation','','1900-01-01 00:00:00',1,'null,null,null',1,'emp','','contract',NULL,'1234567890','0987654321',1,'2012-11-20 19:35:00','Upadhyay Ashok Kumar',1,'o','l','upadhyayas',NULL,'yes',NULL,NULL,NULL),(473,'Ashok Kumarr','','Subramanian','subramanianak','M','473','name473gmail.com','IN','473','473','',2,'T Technical','B120','GO IN Application Management','U1279','AIM -  Incident Management','OGIN','GO India Operation','3','1900-01-01 00:00:00',1,'null,null,null',1,'emp','','contract',NULL,'1234567890','0987654321',1,'2012-11-20 19:35:00','Subramanian Ashok Kumarr',1,'o','l','subramanianak',NULL,'yes',NULL,NULL,NULL),(474,'Ashok Nanda','','Gopichander','gopichandera','M','474','name474gmail.com','IN','474','474','',2,'T Technical','B210','GO IN Professional Services','U1224','PS - Telecomms','OGIN','GO India Operation','3','1900-01-01 00:00:00',1,'null,null,null',1,'emp','','contract',NULL,'1234567890','0987654321',1,'2012-11-20 19:35:00','Gopichander Ashok Nanda',1,'o','l','gopichandera',NULL,'yes',NULL,NULL,NULL),(475,'Ashok Reddy','','Munnangi','munnangiar','M','475','name475gmail.com','IN','475','475','',0,'','B120','GO IN Application Management','U1280','AEM -  Enhancement Management','OGIN','GO India Operation','','1900-01-01 00:00:00',1,'null,null,null',1,'emp','','contract',NULL,'1234567890','0987654321',1,'2012-11-20 19:35:00','Munnangi Ashok Reddy',1,'o','l','munnangiar',NULL,'yes',NULL,NULL,NULL),(476,'Ashoka','','A','aa','M','476','name476gmail.com','IN','476','476','',1,'F Finance','B140','GO IN Business Process Outsourcing','U1402','BPO - F&A (OGIN B140 U1402)','OGIN','GO India Operation','10','1900-01-01 00:00:00',1,'null,null,null',1,'emp','','contract',NULL,'1234567890','0987654321',1,'2012-11-20 19:35:00','A Ashoka',1,'o','l','aa',NULL,'yes',NULL,NULL,NULL),(477,'AshokB','','Kumar','kumarah','M','477','name477gmail.com','IN','477','477','',2,'F Finance','B140','GO IN Business Process Outsourcing','U1402','BPO - F&A (OGIN B140 U1402)','OGIN','GO India Operation','10','1900-01-01 00:00:00',1,'null,null,null',1,'emp','','contract',NULL,'1234567890','0987654321',1,'2012-11-20 19:35:00','Kumar AshokB',1,'o','l','kumarah',NULL,'yes',NULL,NULL,NULL),(478,'Ashokkumar','','Mysore','mysorea','M','478','name478gmail.com','IN','478','478','',3,'PD Project Delivery','B110','GO IN Overheads','U1102','BSF - General Management','OGIN','GO India Operation','1','1900-01-01 00:00:00',1,'null,null,null',1,'emp','','contract',NULL,'1234567890','0987654321',1,'2012-11-20 19:35:00','Mysore Ashokkumar',1,'o','l','mysorea',NULL,'yes',NULL,NULL,NULL),(479,'Ashutosh','','Kumar','kumarau','M','479','name479gmail.com','IN','479','479','',3,'PD Project Delivery','B120','GO IN Application Management','U1282','APSO - Production Overheads/SM','OGIN','GO India Operation','1','1900-01-01 00:00:00',1,'null,null,null',1,'emp','','contract',NULL,'1234567890','0987654321',1,'2012-11-20 19:35:00','Kumar Ashutosh',1,'o','l','kumarau',NULL,'yes',NULL,NULL,NULL),(480,'Ashutosh','','Singh','singhav','M','480','name480gmail.com','IN','480','480','',3,'PD Project Delivery','B210','GO IN Professional Services','U1224','PS - Telecomms','OGIN','GO India Operation','1','1900-01-01 00:00:00',1,'null,null,null',1,'emp','','contract',NULL,'1234567890','0987654321',1,'2012-11-20 19:35:00','Singh Ashutosh',1,'o','l','singhav',NULL,'yes',NULL,NULL,NULL),(481,'Ashutosh','','Tamrakar','tamrakara','M','481','name481gmail.com','IN','481','481','',2,'T Technical','B210','GO IN Professional Services','U1226','PS - DICE','OGIN','GO India Operation','3','1900-01-01 00:00:00',1,'null,null,null',1,'emp','','contract',NULL,'1234567890','0987654321',1,'2012-11-20 19:35:00','Tamrakar Ashutosh',1,'o','l','tamrakara',NULL,'yes',NULL,NULL,NULL),(482,'Ashwath','','Astagi','astagia','M','482','name482gmail.com','IN','482','482','',1,'PD Project Delivery','B120','GO IN Application Management','U1279','AIM -  Incident Management','OGIN','GO India Operation','1','1900-01-01 00:00:00',1,'null,null,null',1,'emp','','contract',NULL,'1234567890','0987654321',1,'2012-11-20 19:35:00','Astagi Ashwath',1,'o','l','astagia',NULL,'yes',NULL,NULL,NULL),(483,'Ashwin','','Venkatesh','venkatesha','M','483','name483gmail.com','IN','483','483','',2,'SD Service Delivery','B210','GO IN Professional Services','U1223','PS - Financial Srvcs','OGIN','GO India Operation','2','1900-01-01 00:00:00',1,'null,null,null',1,'emp','','contract',NULL,'1234567890','0987654321',1,'2012-11-20 19:35:00','Venkatesh Ashwin',1,'o','l','venkatesha',NULL,'yes',NULL,NULL,NULL),(484,'Ashwini','','Ashokan','ashokana','F','484','name484gmail.com','IN','484','484','',0,'','B110','GO IN Overheads','U1153','BSF - HR','OGIN','GO India Operation','','1900-01-01 00:00:00',1,'null,null,null',1,'emp','','contract',NULL,'1234567890','0987654321',1,'2012-11-20 19:35:00','Ashokan Ashwini',1,'o','l','ashokana',NULL,'yes',NULL,NULL,NULL),(485,'Ashwini','','Basavaraju','basavarajua','F','485','name485gmail.com','IN','485','485','',1,'PD Project Delivery','B210','GO IN Professional Services','U1225','PS - IDT Products','OGIN','GO India Operation','1','1900-01-01 00:00:00',1,'null,null,null',1,'emp','','contract',NULL,'1234567890','0987654321',1,'2012-11-20 19:35:00','Basavaraju Ashwini',1,'o','l','basavarajua',NULL,'yes',NULL,NULL,NULL),(486,'Ashwini','','Patil','patila','F','486','name486gmail.com','IN','486','486','',0,'','B210','GO IN Professional Services','U1222','PS - E&U','OGIN','GO India Operation','','1900-01-01 00:00:00',1,'null,null,null',1,'emp','','contract',NULL,'1234567890','0987654321',1,'2012-11-20 19:35:00','Patil Ashwini',1,'o','l','patila',NULL,'yes',NULL,NULL,NULL),(487,'Ashwini','','Siddaramaiah','siddaramaiaha','F','487','name487gmail.com','IN','487','487','',1,'PD Project Delivery','B120','GO IN Application Management','U1279','AIM -  Incident Management','OGIN','GO India Operation','1','1900-01-01 00:00:00',1,'null,null,null',1,'emp','','contract',NULL,'1234567890','0987654321',1,'2012-11-20 19:35:00','Siddaramaiah Ashwini',1,'o','l','siddaramaiaha',NULL,'yes',NULL,NULL,NULL),(488,'Ashwini','','Suresh','suresha','F','488','name488gmail.com','IN','488','488','',1,'SD Service Delivery','B120','GO IN Application Management','U1280','AEM -  Enhancement Management','OGIN','GO India Operation','2','1900-01-01 00:00:00',1,'null,null,null',1,'emp','','contract',NULL,'1234567890','0987654321',1,'2012-11-20 19:35:00','Suresh Ashwini',1,'o','l','suresha',NULL,'yes',NULL,NULL,NULL),(489,'Asim','','Chowdhury','chowdhurya','M','489','name489gmail.com','IN','489','489','',2,'T Technical','B120','GO IN Application Management','U1280','AEM -  Enhancement Management','OGIN','GO India Operation','3','1900-01-01 00:00:00',1,'null,null,null',1,'emp','','contract',NULL,'1234567890','0987654321',1,'2012-11-20 19:35:00','Chowdhury Asim',1,'o','l','chowdhurya',NULL,'yes',NULL,NULL,NULL),(490,'Asish Kumar','','Prusty','prustya','M','490','name490gmail.com','IN','490','490','',2,'PD Project Delivery','B210','GO IN Professional Services','U1223','PS - Financial Srvcs','OGIN','GO India Operation','1','1900-01-01 00:00:00',1,'null,null,null',1,'emp','','contract',NULL,'1234567890','0987654321',1,'2012-11-20 19:35:00','Prusty Asish Kumar',1,'o','l','prustya',NULL,'yes',NULL,NULL,NULL),(491,'Asit Kumar','','Mishra','mishraak','M','491','name491gmail.com','IN','491','491','',4,'PD Project Delivery','B210','GO IN Professional Services','U1224','PS - Telecomms','OGIN','GO India Operation','1','1900-01-01 00:00:00',1,'null,null,null',1,'emp','','contract',NULL,'1234567890','0987654321',1,'2012-11-20 19:35:00','Mishra Asit Kumar',1,'o','l','mishraak',NULL,'yes',NULL,NULL,NULL),(492,'Asmit','','Raj','raja','M','492','name492gmail.com','IN','492','492','',0,'','B120','GO IN Application Management','U1279','AIM -  Incident Management','OGIN','GO India Operation','','1900-01-01 00:00:00',1,'null,null,null',1,'emp','','contract',NULL,'1234567890','0987654321',1,'2012-11-20 19:35:00','Raj Asmit',1,'o','l','raja',NULL,'yes',NULL,NULL,NULL),(493,'Asogar','','Narayanan','narayananas','M','493','name493gmail.com','IN','493','493','',2,'T Technical','B120','GO IN Application Management','U1280','AEM -  Enhancement Management','OGIN','GO India Operation','3','1900-01-01 00:00:00',1,'null,null,null',1,'emp','','contract',NULL,'1234567890','0987654321',1,'2012-11-20 19:35:00','Narayanan Asogar',1,'o','l','narayananas',NULL,'yes',NULL,NULL,NULL),(494,'Asokan','','Balraj','balraja','M','494','name494gmail.com','IN','494','494','',1,'T Technical','B120','GO IN Application Management','U1280','AEM -  Enhancement Management','OGIN','GO India Operation','3','1900-01-01 00:00:00',1,'null,null,null',1,'emp','','contract',NULL,'1234567890','0987654321',1,'2012-11-20 19:35:00','Balraj Asokan',1,'o','l','balraja',NULL,'yes',NULL,NULL,NULL),(495,'Astin','','Jose M.J','josea','M','495','name495gmail.com','IN','495','495','',1,'SD Service Delivery','B140','GO IN Business Process Outsourcing','U1402','BPO - F&A (OGIN B140 U1402)','OGIN','GO India Operation','2','1900-01-01 00:00:00',1,'null,null,null',1,'emp','','contract',NULL,'1234567890','0987654321',1,'2012-11-20 19:35:00','Jose M.J Astin',1,'o','l','josea',NULL,'yes',NULL,NULL,NULL),(496,'Aswin','','Gopalan','gopalanas','M','496','name496gmail.com','IN','496','496','',1,'T Technical','B210','GO IN Professional Services','U1224','PS - Telecomms','OGIN','GO India Operation','3','1900-01-01 00:00:00',1,'null,null,null',1,'emp','','contract',NULL,'1234567890','0987654321',1,'2012-11-20 19:35:00','Gopalan Aswin',1,'o','l','gopalanas',NULL,'yes',NULL,NULL,NULL),(497,'Aswin','','Sukumar','sukumara','M','497','name497gmail.com','IN','497','497','',1,'SD Service Delivery','B160','GO IN Infrastructure Management','U1502','IM - Service Desk (OGIN B160 U1502)','OGIN','GO India Operation','2','1900-01-01 00:00:00',1,'null,null,null',1,'emp','','contract',NULL,'1234567890','0987654321',1,'2012-11-20 19:35:00','Sukumar Aswin',1,'o','l','sukumara',NULL,'yes',NULL,NULL,NULL),(498,'Aswin','','Viswambharan','viswambharana','M','498','name498gmail.com','IN','498','498','',2,'SD Service Delivery','B120','GO IN Application Management','U1279','AIM -  Incident Management','OGIN','GO India Operation','2','1900-01-01 00:00:00',1,'null,null,null',1,'emp','','contract',NULL,'1234567890','0987654321',1,'2012-11-20 19:35:00','Viswambharan Aswin',1,'o','l','viswambharana',NULL,'yes',NULL,NULL,NULL),(499,'Aswini','','Balasundaram','balasundarama','F','499','name499gmail.com','IN','499','499','',1,'SD Service Delivery','B120','GO IN Application Management','U1280','AEM -  Enhancement Management','OGIN','GO India Operation','2','1900-01-01 00:00:00',1,'null,null,null',1,'emp','','contract',NULL,'1234567890','0987654321',1,'2012-11-20 19:35:00','Balasundaram Aswini',1,'o','l','balasundarama',NULL,'yes',NULL,NULL,NULL),(500,'Aswini','','Subramanian','subramanianas','F','500','name500gmail.com','IN','500','500','',1,'PD Project Delivery','B120','GO IN Application Management','U1280','AEM -  Enhancement Management','OGIN','GO India Operation','1','1900-01-01 00:00:00',1,'null,null,null',1,'emp','','contract',NULL,'1234567890','0987654321',1,'2012-11-20 19:35:00','Subramanian Aswini',1,'o','l','subramanianas',NULL,'yes',NULL,NULL,NULL),(501,'Aswini','','Thirumalasetty','thirumalasettya','F','501','name501gmail.com','IN','501','501','',1,'SD Service Delivery','B210','GO IN Professional Services','U1224','PS - Telecomms','OGIN','GO India Operation','2','1900-01-01 00:00:00',1,'null,null,null',1,'emp','','contract',NULL,'1234567890','0987654321',1,'2012-11-20 19:35:00','Thirumalasetty Aswini',1,'o','l','thirumalasettya',NULL,'yes',NULL,NULL,NULL),(502,'Atanu Kanti','','Mohapatra','mohapatraa','M','502','name502gmail.com','IN','502','502','',2,'PD Project Delivery','B210','GO IN Professional Services','U1224','PS - Telecomms','OGIN','GO India Operation','1','1900-01-01 00:00:00',1,'null,null,null',1,'emp','','contract',NULL,'1234567890','0987654321',1,'2012-11-20 19:35:00','Mohapatra Atanu Kanti',1,'o','l','mohapatraa',NULL,'yes',NULL,NULL,NULL),(503,'Athri','','Kashyn','kashyna','M','503','name503gmail.com','IN','503','503','',1,'T Technical','B120','GO IN Application Management','U1279','AIM -  Incident Management','OGIN','GO India Operation','3','1900-01-01 00:00:00',1,'null,null,null',1,'emp','','contract',NULL,'1234567890','0987654321',1,'2012-11-20 19:35:00','Kashyn Athri',1,'o','l','kashyna',NULL,'yes',NULL,NULL,NULL),(504,'Atul','','Agashe','agasheat','M','504','name504gmail.com','IN','504','504','',3,'SAM Sales and Account Mgmt','B210','GO IN Professional Services','U1227','PS - India Domestic','OGIN','GO India Operation','6','1900-01-01 00:00:00',1,'null,null,null',1,'emp','','contract',NULL,'1234567890','0987654321',1,'2012-11-20 19:35:00','Agashe Atul',1,'o','l','agasheat',NULL,'yes',NULL,NULL,NULL),(505,'Atul Balkrishna','','Yevale','yevalea','M','505','name505gmail.com','IN','505','505','',3,'GM General Mgmt and Admin','B110','GO IN Overheads','U1103','BSF - Administration','OGIN','GO India Operation','7','1900-01-01 00:00:00',1,'null,null,null',1,'emp','','contract',NULL,'1234567890','0987654321',1,'2012-11-20 19:35:00','Yevale Atul Balkrishna',1,'o','l','yevalea',NULL,'yes',NULL,NULL,NULL),(506,'Avadhani','','Donepudi','donepudia','M','506','name506gmail.com','IN','506','506','',2,'T Technical','B210','GO IN Professional Services','U1222','PS - E&U','OGIN','GO India Operation','3','1900-01-01 00:00:00',1,'null,null,null',1,'emp','','contract',NULL,'1234567890','0987654321',1,'2012-11-20 19:35:00','Donepudi Avadhani',1,'o','l','donepudia',NULL,'yes',NULL,NULL,NULL),(507,'Avaneesh','','Kumar','kumaraa','M','507','name507gmail.com','IN','507','507','',2,'F Finance','B120','GO IN Application Management','U1279','AIM -  Incident Management','OGIN','GO India Operation','10','1900-01-01 00:00:00',1,'null,null,null',1,'emp','','contract',NULL,'1234567890','0987654321',1,'2012-11-20 19:35:00','Kumar Avaneesh',1,'o','l','kumaraa',NULL,'yes',NULL,NULL,NULL),(508,'Avayambigai','','Jothi','jothia','F','508','name508gmail.com','IN','508','508','',1,'T Technical','B160','GO IN Infrastructure Management','U1503','IM - Control Bridge','OGIN','GO India Operation','3','1900-01-01 00:00:00',1,'null,null,null',1,'emp','','contract',NULL,'1234567890','0987654321',1,'2012-11-20 19:35:00','Jothi Avayambigai',1,'o','l','jothia',NULL,'yes',NULL,NULL,NULL),(509,'Avinash','','A','aav','M','509','name509gmail.com','IN','509','509','',2,'SD Service Delivery','B160','GO IN Infrastructure Management','U1504','IM - Client Services','OGIN','GO India Operation','2','1900-01-01 00:00:00',1,'null,null,null',1,'emp','','contract',NULL,'1234567890','0987654321',1,'2012-11-20 19:35:00','A Avinash',1,'o','l','aav',NULL,'yes',NULL,NULL,NULL),(510,'Avinash','','Kanuga','kanugaa','M','510','name510gmail.com','IN','510','510','',2,'F Finance','B140','GO IN Business Process Outsourcing','U1402','BPO - F&A (OGIN B140 U1402)','OGIN','GO India Operation','10','1900-01-01 00:00:00',1,'null,null,null',1,'emp','','contract',NULL,'1234567890','0987654321',1,'2012-11-20 19:35:00','Kanuga Avinash',1,'o','l','kanugaa',NULL,'yes',NULL,NULL,NULL),(511,'Avinash','','Kashinath','kashinatha','M','511','name511gmail.com','IN','511','511','',0,'','B160','GO IN Infrastructure Management','U1502','IM - Service Desk (OGIN B160 U1502)','OGIN','GO India Operation','','1900-01-01 00:00:00',1,'null,null,null',1,'emp','','contract',NULL,'1234567890','0987654321',1,'2012-11-20 19:35:00','Kashinath Avinash',1,'o','l','kashinatha',NULL,'yes',NULL,NULL,NULL),(512,'Avinash','','Ragupathy','ragupathya','M','512','name512gmail.com','IN','512','512','',2,'SD Service Delivery','B160','GO IN Infrastructure Management','U1607','IM - Project Management','OGIN','GO India Operation','2','1900-01-01 00:00:00',1,'null,null,null',1,'emp','','contract',NULL,'1234567890','0987654321',1,'2012-11-20 19:35:00','Ragupathy Avinash',1,'o','l','ragupathya',NULL,'yes',NULL,NULL,NULL),(513,'Avinash','','Sapuru','sapurua','M','513','name513gmail.com','IN','513','513','',1,'T Technical','B170','GO IN Country Programme Value Facture','U1735','VF - Graduate and Junior Prog','OGIN','GO India Operation','3','1900-01-01 00:00:00',1,'null,null,null',1,'emp','','contract',NULL,'1234567890','0987654321',1,'2012-11-20 19:35:00','Sapuru Avinash',1,'o','l','sapurua',NULL,'yes',NULL,NULL,NULL),(514,'Avinash','','ShankareGowda','shankaregowdaa','M','514','name514gmail.com','IN','514','514','',2,'T Technical','B120','GO IN Application Management','U1281','ATM - Test Management','OGIN','GO India Operation','3','1900-01-01 00:00:00',1,'null,null,null',1,'emp','','contract',NULL,'1234567890','0987654321',1,'2012-11-20 19:35:00','ShankareGowda Avinash',1,'o','l','shankaregowdaa',NULL,'yes',NULL,NULL,NULL),(515,'Avinash','','Singh','singha3','M','515','name515gmail.com','IN','515','515','',1,'T Technical','B160','GO IN Infrastructure Management','U1503','IM - Control Bridge','OGIN','GO India Operation','3','1900-01-01 00:00:00',1,'null,null,null',1,'emp','','contract',NULL,'1234567890','0987654321',1,'2012-11-20 19:35:00','Singh Avinash',1,'o','l','singha3',NULL,'yes',NULL,NULL,NULL),(516,'Avinash Sharadchandra','','Chinchwadkar','chinchwadkara','M','516','name516gmail.com','IN','516','516','',3,'T Technical','B120','GO IN Application Management','U1280','AEM -  Enhancement Management','OGIN','GO India Operation','3','1900-01-01 00:00:00',1,'null,null,null',1,'emp','','contract',NULL,'1234567890','0987654321',1,'2012-11-20 19:35:00','Chinchwadkar Avinash Sharadchandra',1,'o','l','chinchwadkara',NULL,'yes',NULL,NULL,NULL),(517,'Avishek','','Pradhan','pradhana','M','517','name517gmail.com','IN','517','517','',1,'SD Service Delivery','B210','GO IN Professional Services','U1227','PS - India Domestic','OGIN','GO India Operation','2','1900-01-01 00:00:00',1,'null,null,null',1,'emp','','contract',NULL,'1234567890','0987654321',1,'2012-11-20 19:35:00','Pradhan Avishek',1,'o','l','pradhana',NULL,'yes',NULL,NULL,NULL),(518,'Avni','','Jha','jhaa','M','518','name518gmail.com','IN','518','518','',1,'SD Service Delivery','B160','GO IN Infrastructure Management','U1503','IM - Control Bridge','OGIN','GO India Operation','2','1900-01-01 00:00:00',1,'null,null,null',1,'emp','','contract',NULL,'1234567890','0987654321',1,'2012-11-20 19:35:00','Jha Avni',1,'o','l','jhaa',NULL,'yes',NULL,NULL,NULL),(519,'Ayesha','','Mohammad','mohammada','F','519','name519gmail.com','IN','519','519','',0,'','B170','GO IN Country Programme Value Facture','U1735','VF - Graduate and Junior Prog','OGIN','GO India Operation','','1900-01-01 00:00:00',1,'null,null,null',1,'emp','','contract',NULL,'1234567890','0987654321',1,'2012-11-20 19:35:00','Mohammad Ayesha',1,'o','l','mohammada',NULL,'yes',NULL,NULL,NULL),(520,'Ayyapa','','Raju','rajuay','M','520','name520gmail.com','IN','520','520','',2,'T Technical','B210','GO IN Professional Services','U1224','PS - Telecomms','OGIN','GO India Operation','3','1900-01-01 00:00:00',1,'null,null,null',1,'emp','','contract',NULL,'1234567890','0987654321',1,'2012-11-20 19:35:00','Raju Ayyapa',1,'o','l','rajuay',NULL,'yes',NULL,NULL,NULL),(521,'Azharuddin','','Syed','syedaz','M','521','name521gmail.com','IN','521','521','',1,'SD Service Delivery','B210','GO IN Professional Services','U1225','PS - IDT Products','OGIN','GO India Operation','2','1900-01-01 00:00:00',1,'null,null,null',1,'emp','','contract',NULL,'1234567890','0987654321',1,'2012-11-20 19:35:00','Syed Azharuddin',1,'o','l','syedaz',NULL,'yes',NULL,NULL,NULL),(522,'Babu','','Arockia Dass','arockiadassb','M','522','name522gmail.com','IN','522','522','',1,'SD Service Delivery','B120','GO IN Application Management','U1279','AIM -  Incident Management','OGIN','GO India Operation','2','1900-01-01 00:00:00',1,'null,null,null',1,'emp','','contract',NULL,'1234567890','0987654321',1,'2012-11-20 19:35:00','Arockia Dass Babu',1,'o','l','arockiadassb',NULL,'yes',NULL,NULL,NULL),(523,'Babu','','Kumaran','kumaranb','M','523','name523gmail.com','IN','523','523','',2,'PD Project Delivery','B210','GO IN Professional Services','U1225','PS - IDT Products','OGIN','GO India Operation','1','1900-01-01 00:00:00',1,'null,null,null',1,'emp','','contract',NULL,'1234567890','0987654321',1,'2012-11-20 19:35:00','Kumaran Babu',1,'o','l','kumaranb',NULL,'yes',NULL,NULL,NULL),(524,'Babu R Shravan','','Reddy','reddybr','M','524','name524gmail.com','IN','524','524','',1,'HR Human Resources','B110','GO IN Overheads','U1153','BSF - HR','OGIN','GO India Operation','8','1900-01-01 00:00:00',1,'null,null,null',1,'emp','','contract',NULL,'1234567890','0987654321',1,'2012-11-20 19:35:00','Reddy Babu R Shravan',1,'o','l','reddybr',NULL,'yes',NULL,NULL,NULL),(525,'Babu Sankar','','Sellamuthu','sellamuthub','M','525','name525gmail.com','IN','525','525','',2,'SD Service Delivery','B120','GO IN Application Management','U1280','AEM -  Enhancement Management','OGIN','GO India Operation','2','1900-01-01 00:00:00',1,'null,null,null',1,'emp','','contract',NULL,'1234567890','0987654321',1,'2012-11-20 19:35:00','Sellamuthu Babu Sankar',1,'o','l','sellamuthub',NULL,'yes',NULL,NULL,NULL),(526,'Babudurai Rajesh Kumar','','Manoharan','manoharanb','M','526','name526gmail.com','IN','526','526','',3,'T Technical','B210','GO IN Professional Services','U1225','PS - IDT Products','OGIN','GO India Operation','3','1900-01-01 00:00:00',1,'null,null,null',1,'emp','','contract',NULL,'1234567890','0987654321',1,'2012-11-20 19:35:00','Manoharan Babudurai Rajesh Kumar',1,'o','l','manoharanb',NULL,'yes',NULL,NULL,NULL),(527,'Babusankar','','Jayaveera Sankaran','jayaveerab','M','527','name527gmail.com','IN','527','527','',2,'SD Service Delivery','B120','GO IN Application Management','U1279','AIM -  Incident Management','OGIN','GO India Operation','2','1900-01-01 00:00:00',1,'null,null,null',1,'emp','','contract',NULL,'1234567890','0987654321',1,'2012-11-20 19:35:00','Jayaveera Sankaran Babusankar',1,'o','l','jayaveerab',NULL,'yes',NULL,NULL,NULL),(528,'Badrinarayanan','','Mukkur Varadhan','mukkurvaradhanb','M','528','name528gmail.com','IN','528','528','',2,'SD Service Delivery','B120','GO IN Application Management','U1280','AEM -  Enhancement Management','OGIN','GO India Operation','2','1900-01-01 00:00:00',1,'null,null,null',1,'emp','','contract',NULL,'1234567890','0987654321',1,'2012-11-20 19:35:00','Mukkur Varadhan Badrinarayanan',1,'o','l','mukkurvaradhanb',NULL,'yes',NULL,NULL,NULL),(529,'Badusha','','Mohammed','mohammedba','M','529','name529gmail.com','IN','529','529','',2,'T Technical','B210','GO IN Professional Services','U1223','PS - Financial Srvcs','OGIN','GO India Operation','3','1900-01-01 00:00:00',1,'null,null,null',1,'emp','','contract',NULL,'1234567890','0987654321',1,'2012-11-20 19:35:00','Mohammed Badusha',1,'o','l','mohammedba',NULL,'yes',NULL,NULL,NULL),(530,'Bahubali','','Kabbin','kabbinb','M','530','name530gmail.com','IN','530','530','',1,'SD Service Delivery','B160','GO IN Infrastructure Management','U1503','IM - Control Bridge','OGIN','GO India Operation','2','1900-01-01 00:00:00',1,'null,null,null',1,'emp','','contract',NULL,'1234567890','0987654321',1,'2012-11-20 19:35:00','Kabbin Bahubali',1,'o','l','kabbinb',NULL,'yes',NULL,NULL,NULL),(531,'Baiju','','Francis','francisba','M','531','name531gmail.com','IN','531','531','',2,'PD Project Delivery','B210','GO IN Professional Services','U1225','PS - IDT Products','OGIN','GO India Operation','1','1900-01-01 00:00:00',1,'null,null,null',1,'emp','','contract',NULL,'1234567890','0987654321',1,'2012-11-20 19:35:00','Francis Baiju',1,'o','l','francisba',NULL,'yes',NULL,NULL,NULL),(532,'Baiju Thuvakkadan','','Kandy','kandyb','M','532','name532gmail.com','IN','532','532','',1,'PD Project Delivery','B210','GO IN Professional Services','U1223','PS - Financial Srvcs','OGIN','GO India Operation','1','1900-01-01 00:00:00',1,'null,null,null',1,'emp','','contract',NULL,'1234567890','0987654321',1,'2012-11-20 19:35:00','Kandy Baiju Thuvakkadan',1,'o','l','kandyb',NULL,'yes',NULL,NULL,NULL),(533,'Bakrudeen','','AkbarAli','akbaralib','M','533','name533gmail.com','IN','533','533','',1,'T Technical','B160','GO IN Infrastructure Management','U1503','IM - Control Bridge','OGIN','GO India Operation','3','1900-01-01 00:00:00',1,'null,null,null',1,'emp','','contract',NULL,'1234567890','0987654321',1,'2012-11-20 19:35:00','AkbarAli Bakrudeen',1,'o','l','akbaralib',NULL,'yes',NULL,NULL,NULL),(534,'Bala','','Duvvuri','duvvurib','M','534','name534gmail.com','IN','534','534','',2,'SD Service Delivery','B120','GO IN Application Management','U1280','AEM -  Enhancement Management','OGIN','GO India Operation','2','1900-01-01 00:00:00',1,'null,null,null',1,'emp','','contract',NULL,'1234567890','0987654321',1,'2012-11-20 19:35:00','Duvvuri Bala',1,'o','l','duvvurib',NULL,'yes',NULL,NULL,NULL),(535,'Bala','','Narayanan','narayananb','M','535','name535gmail.com','IN','535','535','',2,'SD Service Delivery','B120','GO IN Application Management','U1281','ATM - Test Management','OGIN','GO India Operation','2','1900-01-01 00:00:00',1,'null,null,null',1,'emp','','contract',NULL,'1234567890','0987654321',1,'2012-11-20 19:35:00','Narayanan Bala',1,'o','l','narayananb',NULL,'yes',NULL,NULL,NULL),(536,'Bala','','Pallapothu','pallapothub','F','536','name536gmail.com','IN','536','536','',2,'PD Project Delivery','B170','GO IN Country Programme Value Facture','U1734','VF - Wave','OGIN','GO India Operation','1','1900-01-01 00:00:00',1,'null,null,null',1,'emp','','contract',NULL,'1234567890','0987654321',1,'2012-11-20 19:35:00','Pallapothu Bala',1,'o','l','pallapothub',NULL,'yes',NULL,NULL,NULL),(537,'Bala','','SivaKumar','sivakumarb','M','537','name537gmail.com','IN','537','537','',1,'SD Service Delivery','B210','GO IN Professional Services','U1223','PS - Financial Srvcs','OGIN','GO India Operation','2','1900-01-01 00:00:00',1,'null,null,null',1,'emp','','contract',NULL,'1234567890','0987654321',1,'2012-11-20 19:35:00','SivaKumar Bala',1,'o','l','sivakumarb',NULL,'yes',NULL,NULL,NULL),(538,'Bala','','Subramani','subramanib','M','538','name538gmail.com','IN','538','538','',2,'SD Service Delivery','B210','GO IN Professional Services','U1222','PS - E&U','OGIN','GO India Operation','2','1900-01-01 00:00:00',1,'null,null,null',1,'emp','','contract',NULL,'1234567890','0987654321',1,'2012-11-20 19:35:00','Subramani Bala',1,'o','l','subramanib',NULL,'yes',NULL,NULL,NULL),(539,'Bala Chandra Reddy','','Gone','goneb','M','539','name539gmail.com','IN','539','539','',1,'T Technical','B210','GO IN Professional Services','U1225','PS - IDT Products','OGIN','GO India Operation','3','1900-01-01 00:00:00',1,'null,null,null',1,'emp','','contract',NULL,'1234567890','0987654321',1,'2012-11-20 19:35:00','Gone Bala Chandra Reddy',1,'o','l','goneb',NULL,'yes',NULL,NULL,NULL),(540,'Bala Gangadhar','','Naraharisetty','naraharisettyb','M','540','name540gmail.com','IN','540','540','',0,'','B160','GO IN Infrastructure Management','U1502','IM - Service Desk (OGIN B160 U1502)','OGIN','GO India Operation','','1900-01-01 00:00:00',1,'null,null,null',1,'emp','','contract',NULL,'1234567890','0987654321',1,'2012-11-20 19:35:00','Naraharisetty Bala Gangadhar',1,'o','l','naraharisettyb',NULL,'yes',NULL,NULL,NULL),(541,'Bala Murali','','Chittan Thiruppathy','chittanbm','M','541','name541gmail.com','IN','541','541','',2,'T Technical','B210','GO IN Professional Services','U1224','PS - Telecomms','OGIN','GO India Operation','3','1900-01-01 00:00:00',1,'null,null,null',1,'emp','','contract',NULL,'1234567890','0987654321',1,'2012-11-20 19:35:00','Chittan Thiruppathy Bala Murali',1,'o','l','chittanbm',NULL,'yes',NULL,NULL,NULL),(542,'Bala Srinivas','','Nimmagadda','nimmagaddab','M','542','name542gmail.com','IN','542','542','',2,'T Technical','B210','GO IN Professional Services','U1224','PS - Telecomms','OGIN','GO India Operation','3','1900-01-01 00:00:00',1,'null,null,null',1,'emp','','contract',NULL,'1234567890','0987654321',1,'2012-11-20 19:35:00','Nimmagadda Bala Srinivas',1,'o','l','nimmagaddab',NULL,'yes',NULL,NULL,NULL),(543,'Bala Subrahmanyam','','Boraa','borab','M','543','name543gmail.com','IN','543','543','',2,'SD Service Delivery','B120','GO IN Application Management','U1276','AMES - C++ and Other (OGIN B120 U1276)','OGIN','GO India Operation','2','1900-01-01 00:00:00',1,'null,null,null',1,'emp','','contract',NULL,'1234567890','0987654321',1,'2012-11-20 19:35:00','Boraa Bala Subrahmanyam',1,'o','l','borab',NULL,'yes',NULL,NULL,NULL),(544,'Balaaji','','Devanathan','devanathanb','M','544','name544gmail.com','IN','544','544','',1,'T Technical','B120','GO IN Application Management','U1279','AIM -  Incident Management','OGIN','GO India Operation','3','1900-01-01 00:00:00',1,'null,null,null',1,'emp','','contract',NULL,'1234567890','0987654321',1,'2012-11-20 19:35:00','Devanathan Balaaji',1,'o','l','devanathanb',NULL,'yes',NULL,NULL,NULL),(545,'Balachandar','','Balarajaiah','balarajaiahb','M','545','name545gmail.com','IN','545','545','',3,'PD Project Delivery','B120','GO IN Application Management','U1280','AEM -  Enhancement Management','OGIN','GO India Operation','1','1900-01-01 00:00:00',1,'null,null,null',1,'emp','','contract',NULL,'1234567890','0987654321',1,'2012-11-20 19:35:00','Balarajaiah Balachandar',1,'o','l','balarajaiahb',NULL,'yes',NULL,NULL,NULL),(546,'Balachandiran','','Manimaran','manimaranb','M','546','name546gmail.com','IN','546','546','',1,'PD Project Delivery','B210','GO IN Professional Services','U1224','PS - Telecomms','OGIN','GO India Operation','1','1900-01-01 00:00:00',1,'null,null,null',1,'emp','','contract',NULL,'1234567890','0987654321',1,'2012-11-20 19:35:00','Manimaran Balachandiran',1,'o','l','manimaranb',NULL,'yes',NULL,NULL,NULL),(547,'Balaeswar','','Nookala','nookalab','M','547','name547gmail.com','IN','547','547','',1,'SD Service Delivery','B120','GO IN Application Management','U1280','AEM -  Enhancement Management','OGIN','GO India Operation','2','1900-01-01 00:00:00',1,'null,null,null',1,'emp','','contract',NULL,'1234567890','0987654321',1,'2012-11-20 19:35:00','Nookala Balaeswar',1,'o','l','nookalab',NULL,'yes',NULL,NULL,NULL),(548,'Balaguru','','Chellaiah','chellaiahb','M','548','name548gmail.com','IN','548','548','',2,'T Technical','B210','GO IN Professional Services','U1224','PS - Telecomms','OGIN','GO India Operation','3','1900-01-01 00:00:00',1,'null,null,null',1,'emp','','contract',NULL,'1234567890','0987654321',1,'2012-11-20 19:35:00','Chellaiah Balaguru',1,'o','l','chellaiahb',NULL,'yes',NULL,NULL,NULL),(549,'Balajee','','Vasudevan','vasudevanb','M','549','name549gmail.com','IN','549','549','',2,'SD Service Delivery','B120','GO IN Application Management','U1279','AIM -  Incident Management','OGIN','GO India Operation','2','1900-01-01 00:00:00',1,'null,null,null',1,'emp','','contract',NULL,'1234567890','0987654321',1,'2012-11-20 19:35:00','Vasudevan Balajee',1,'o','l','vasudevanb',NULL,'yes',NULL,NULL,NULL),(550,'Balaji','','Annamalai','annamalaib','M','550','name550gmail.com','IN','550','550','',1,'T Technical','B120','GO IN Application Management','U1279','AIM -  Incident Management','OGIN','GO India Operation','3','1900-01-01 00:00:00',1,'null,null,null',1,'emp','','contract',NULL,'1234567890','0987654321',1,'2012-11-20 19:35:00','Annamalai Balaji',1,'o','l','annamalaib',NULL,'yes',NULL,NULL,NULL),(551,'Balaji','','Devendran','devendranb','M','551','name551gmail.com','IN','551','551','',1,'T Technical','B160','GO IN Infrastructure Management','U1503','IM - Control Bridge','OGIN','GO India Operation','3','1900-01-01 00:00:00',1,'null,null,null',1,'emp','','contract',NULL,'1234567890','0987654321',1,'2012-11-20 19:35:00','Devendran Balaji',1,'o','l','devendranb',NULL,'yes',NULL,NULL,NULL),(552,'Balaji','','GovardhanSingh','govardhansinghb','M','552','name552gmail.com','IN','552','552','',2,'PD Project Delivery','B210','GO IN Professional Services','U1222','PS - E&U','OGIN','GO India Operation','1','1900-01-01 00:00:00',1,'null,null,null',1,'emp','','contract',NULL,'1234567890','0987654321',1,'2012-11-20 19:35:00','GovardhanSingh Balaji',1,'o','l','govardhansinghb',NULL,'yes',NULL,NULL,NULL),(553,'Balaji','','Gunasekeran','gunasekeranb','M','553','name553gmail.com','IN','553','553','',2,'T Technical','B210','GO IN Professional Services','U1225','PS - IDT Products','OGIN','GO India Operation','3','1900-01-01 00:00:00',1,'null,null,null',1,'emp','','contract',NULL,'1234567890','0987654321',1,'2012-11-20 19:35:00','Gunasekeran Balaji',1,'o','l','gunasekeranb',NULL,'yes',NULL,NULL,NULL),(554,'Balaji','','Jagannathan','jagannathanbl','M','554','name554gmail.com','IN','554','554','',1,'T Technical','B160','GO IN Infrastructure Management','U1603','IM - Wintel (OGIN B160 U1603)','OGIN','GO India Operation','3','1900-01-01 00:00:00',1,'null,null,null',1,'emp','','contract',NULL,'1234567890','0987654321',1,'2012-11-20 19:35:00','Jagannathan Balaji',1,'o','l','jagannathanbl',NULL,'yes',NULL,NULL,NULL),(555,'Balaji','','Jeevanathan','jeevanathanb','M','555','name555gmail.com','IN','555','555','',1,'PD Project Delivery','B120','GO IN Application Management','U1279','AIM -  Incident Management','OGIN','GO India Operation','1','1900-01-01 00:00:00',1,'null,null,null',1,'emp','','contract',NULL,'1234567890','0987654321',1,'2013-05-15 18:30:00','Jeevanathan Balaji',1,'o','l','jeevanathanb',NULL,'yes',NULL,NULL,NULL),(556,'Balaji','','Kaisetty','kaisettyb','M','556','name556gmail.com','IN','556','556','',2,'PD Project Delivery','B160','GO IN Infrastructure Management','U1607','IM - Project Management','OGIN','GO India Operation','1','1900-01-01 00:00:00',1,'null,null,null',1,'emp','','contract',NULL,'1234567890','0987654321',1,'2012-11-20 19:35:00','Kaisetty Balaji',1,'o','l','kaisettyb',NULL,'yes',NULL,NULL,NULL),(557,'Balaji','','Logajanarthanam','logajanarthanamb','M','557','name557gmail.com','IN','557','557','',2,'T Technical','B210','GO IN Professional Services','U1222','PS - E&U','OGIN','GO India Operation','3','1900-01-01 00:00:00',1,'null,null,null',1,'emp','','contract',NULL,'1234567890','0987654321',1,'2012-11-20 19:35:00','Logajanarthanam Balaji',1,'o','l','logajanarthanamb',NULL,'yes',NULL,NULL,NULL),(558,'Balaji','','Madhanagurusamy','madhanagurusamyb','M','558','name558gmail.com','IN','558','558','',1,'T Technical','B160','GO IN Infrastructure Management','U1616','IM - Toolsets','OGIN','GO India Operation','3','1900-01-01 00:00:00',1,'null,null,null',1,'emp','','contract',NULL,'1234567890','0987654321',1,'2012-11-20 19:35:00','Madhanagurusamy Balaji',1,'o','l','madhanagurusamyb',NULL,'yes',NULL,NULL,NULL),(559,'Balaji','','Peruru','perurub','M','559','name559gmail.com','IN','559','559','',0,'','B160','GO IN Infrastructure Management','U1502','IM - Service Desk (OGIN B160 U1502)','OGIN','GO India Operation','','1900-01-01 00:00:00',1,'null,null,null',1,'emp','','contract',NULL,'1234567890','0987654321',1,'2012-11-20 19:35:00','Peruru Balaji',1,'o','l','perurub',NULL,'yes',NULL,NULL,NULL),(560,'Balaji','','Prasad','prasadba','M','560','name560gmail.com','IN','560','560','',0,'','B110','GO IN Overheads','U1103','BSF - Administration','OGIN','GO India Operation','','1900-01-01 00:00:00',1,'null,null,null',1,'emp','','contract',NULL,'1234567890','0987654321',1,'2012-11-20 19:35:00','Prasad Balaji',1,'o','l','prasadba',NULL,'yes',NULL,NULL,NULL),(561,'Balaji','','Raghunathan','raghunathanb','M','561','name561gmail.com','IN','561','561','',1,'T Technical','B120','GO IN Application Management','U1279','AIM -  Incident Management','OGIN','GO India Operation','3','1900-01-01 00:00:00',1,'null,null,null',1,'emp','','contract',NULL,'1234567890','0987654321',1,'2012-11-20 19:35:00','Raghunathan Balaji',1,'o','l','raghunathanb',NULL,'yes',NULL,NULL,NULL),(562,'Balaji','','Ramasamy','ramasamyb','M','562','name562gmail.com','IN','562','562','',2,'T Technical','B160','GO IN Infrastructure Management','U1603','IM - Wintel (OGIN B160 U1603)','OGIN','GO India Operation','3','1900-01-01 00:00:00',1,'null,null,null',1,'emp','','contract',NULL,'1234567890','0987654321',1,'2012-11-20 19:35:00','Ramasamy Balaji',1,'o','l','ramasamyb',NULL,'yes',NULL,NULL,NULL),(563,'Balaji','','Seshagiri','seshagirib','M','563','name563gmail.com','IN','563','563','',2,'SD Service Delivery','B160','GO IN Infrastructure Management','U1607','IM - Project Management','OGIN','GO India Operation','2','1900-01-01 00:00:00',1,'null,null,null',1,'emp','','contract',NULL,'1234567890','0987654321',1,'2012-11-20 19:35:00','Seshagiri Balaji',1,'o','l','seshagirib',NULL,'yes',NULL,NULL,NULL),(564,'Balaji','','Shivaji','shivajib','M','564','name564gmail.com','IN','564','564','',1,'T Technical','B120','GO IN Application Management','U1281','ATM - Test Management','OGIN','GO India Operation','3','1900-01-01 00:00:00',1,'null,null,null',1,'emp','','contract',NULL,'1234567890','0987654321',1,'2012-11-20 19:35:00','Shivaji Balaji',1,'o','l','shivajib',NULL,'yes',NULL,NULL,NULL),(565,'Balaji','','Somlar','somlarba','M','565','name565gmail.com','IN','565','565','',2,'SD Service Delivery','B160','GO IN Infrastructure Management','U1504','IM - Client Services','OGIN','GO India Operation','2','1900-01-01 00:00:00',1,'null,null,null',1,'emp','','contract',NULL,'1234567890','0987654321',1,'2012-11-20 19:35:00','Somlar Balaji',1,'o','l','somlarba',NULL,'yes',NULL,NULL,NULL),(566,'Balaji','','Subramanian','subramanianbj','M','566','name566gmail.com','IN','566','566','',1,'F Finance','B140','GO IN Business Process Outsourcing','U1402','BPO - F&A (OGIN B140 U1402)','OGIN','GO India Operation','10','1900-01-01 00:00:00',1,'null,null,null',1,'emp','','contract',NULL,'1234567890','0987654321',1,'2012-11-20 19:35:00','Subramanian Balaji',1,'o','l','subramanianbj',NULL,'yes',NULL,NULL,NULL),(567,'Balaji','','Sundaram','sundaramb','M','567','name567gmail.com','IN','567','567','',2,'BC Business Consultancy','B210','GO IN Professional Services','U1223','PS - Financial Srvcs','OGIN','GO India Operation','4','1900-01-01 00:00:00',1,'null,null,null',1,'emp','','contract',NULL,'1234567890','0987654321',1,'2012-11-20 19:35:00','Sundaram Balaji',1,'o','l','sundaramb',NULL,'yes',NULL,NULL,NULL),(568,'Balaji','','Thennarangam','thennarangamb','M','568','name568gmail.com','IN','568','568','',2,'T Technical','B120','GO IN Application Management','U1279','AIM -  Incident Management','OGIN','GO India Operation','3','1900-01-01 00:00:00',1,'null,null,null',1,'emp','','contract',NULL,'1234567890','0987654321',1,'2012-11-20 19:35:00','Thennarangam Balaji',1,'o','l','thennarangamb',NULL,'yes',NULL,NULL,NULL),(569,'Balaji','','Thirumoorthy','thirumoorthyb','M','569','name569gmail.com','IN','569','569','',1,'SD Service Delivery','B160','GO IN Infrastructure Management','U1502','IM - Service Desk (OGIN B160 U1502)','OGIN','GO India Operation','2','1900-01-01 00:00:00',1,'null,null,null',1,'emp','','contract',NULL,'1234567890','0987654321',1,'2012-11-20 19:35:00','Thirumoorthy Balaji',1,'o','l','thirumoorthyb',NULL,'yes',NULL,NULL,NULL),(570,'Balaji','','Thumatti Pattabi','thumattipattabib','M','570','name570gmail.com','IN','570','570','',1,'T Technical','B160','GO IN Infrastructure Management','U1503','IM - Control Bridge','OGIN','GO India Operation','3','1900-01-01 00:00:00',1,'null,null,null',1,'emp','','contract',NULL,'1234567890','0987654321',1,'2012-11-20 19:35:00','Thumatti Pattabi Balaji',1,'o','l','thumattipattabib',NULL,'yes',NULL,NULL,NULL),(571,'Balaji','','Yasodharababu','yasodharababub','M','571','name571gmail.com','IN','571','571','',0,'','B160','GO IN Infrastructure Management','U1502','IM - Service Desk (OGIN B160 U1502)','OGIN','GO India Operation','','1900-01-01 00:00:00',1,'null,null,null',1,'emp','','contract',NULL,'1234567890','0987654321',1,'2012-11-20 19:35:00','Yasodharababu Balaji',1,'o','l','yasodharababub',NULL,'yes',NULL,NULL,NULL),(572,'Balaji','','Yerukola','yerukolab','M','572','name572gmail.com','IN','572','572','',1,'T Technical','B120','GO IN Application Management','U1280','AEM -  Enhancement Management','OGIN','GO India Operation','3','1900-01-01 00:00:00',1,'null,null,null',1,'emp','','contract',NULL,'1234567890','0987654321',1,'2012-11-20 19:35:00','Yerukola Balaji',1,'o','l','yerukolab',NULL,'yes',NULL,NULL,NULL),(573,'Balaji Krishnan','','Subramanian','subramanianbr','M','573','name573gmail.com','IN','573','573','',1,'SD Service Delivery','B120','GO IN Application Management','U1280','AEM -  Enhancement Management','OGIN','GO India Operation','2','1900-01-01 00:00:00',1,'null,null,null',1,'emp','','contract',NULL,'1234567890','0987654321',1,'2012-11-20 19:35:00','Subramanian Balaji Krishnan',1,'o','l','subramanianbr',NULL,'yes',NULL,NULL,NULL),(574,'Balaji Ramachandra Prabhu','','Rajaraman','rajarambr','M','574','name574gmail.com','IN','574','574','',2,'SD Service Delivery','B160','GO IN Infrastructure Management','U1503','IM - Control Bridge','OGIN','GO India Operation','2','1900-01-01 00:00:00',1,'null,null,null',1,'emp','','contract',NULL,'1234567890','0987654321',1,'2012-11-20 19:35:00','Rajaraman Balaji Ramachandra Prabhu',1,'o','l','rajarambr',NULL,'yes',NULL,NULL,NULL),(575,'Balaji Venkateshwar','','Puligandla','puligandlab','M','575','name575gmail.com','IN','575','575','',3,'T Technical','B160','GO IN Infrastructure Management','U1615','IM - Mainframe','OGIN','GO India Operation','3','1900-01-01 00:00:00',1,'null,null,null',1,'emp','','contract',NULL,'1234567890','0987654321',1,'2012-11-20 19:35:00','Puligandla Balaji Venkateshwar',1,'o','l','puligandlab',NULL,'yes',NULL,NULL,NULL),(576,'Balakrishna','','Balineni','balinenib','M','576','name576gmail.com','IN','576','576','',1,'T Technical','B160','GO IN Infrastructure Management','U1603','IM - Wintel (OGIN B160 U1603)','OGIN','GO India Operation','3','1900-01-01 00:00:00',1,'null,null,null',1,'emp','','contract',NULL,'1234567890','0987654321',1,'2012-11-20 19:35:00','Balineni Balakrishna',1,'o','l','balinenib',NULL,'yes',NULL,NULL,NULL),(577,'Balakrishna','','Boina','boinab','M','577','name577gmail.com','IN','577','577','',1,'T Technical','B210','GO IN Professional Services','U1227','PS - India Domestic','OGIN','GO India Operation','3','1900-01-01 00:00:00',1,'null,null,null',1,'emp','','contract',NULL,'1234567890','0987654321',1,'2012-11-20 19:35:00','Boina Balakrishna',1,'o','l','boinab',NULL,'yes',NULL,NULL,NULL),(578,'Balakrishna','','Kasibatla','kasibatlab','M','578','name578gmail.com','IN','578','578','',3,'PD Project Delivery','B210','GO IN Professional Services','U1222','PS - E&U','OGIN','GO India Operation','1','1900-01-01 00:00:00',1,'null,null,null',1,'emp','','contract',NULL,'1234567890','0987654321',1,'2012-11-20 19:35:00','Kasibatla Balakrishna',1,'o','l','kasibatlab',NULL,'yes',NULL,NULL,NULL),(579,'Balakrishnan','','Ganesan','ganesanba','M','579','name579gmail.com','IN','579','579','',2,'PD Project Delivery','B210','GO IN Professional Services','U1223','PS - Financial Srvcs','OGIN','GO India Operation','1','1900-01-01 00:00:00',1,'null,null,null',1,'emp','','contract',NULL,'1234567890','0987654321',1,'2012-11-20 19:35:00','Ganesan Balakrishnan',1,'o','l','ganesanba',NULL,'yes',NULL,NULL,NULL),(580,'Balakumar','','Rajagopal','rajagopalba','M','580','name580gmail.com','IN','580','580','',2,'SD Service Delivery','B170','GO IN Country Programme Value Facture','U1734','VF - Wave','OGIN','GO India Operation','2','1900-01-01 00:00:00',1,'null,null,null',1,'emp','','contract',NULL,'1234567890','0987654321',1,'2012-11-20 19:35:00','Rajagopal Balakumar',1,'o','l','rajagopalba',NULL,'yes',NULL,NULL,NULL),(581,'Balambikha','','Jayaprakash','jayaprakashb','F','581','name581gmail.com','IN','581','581','',1,'F Finance','B140','GO IN Business Process Outsourcing','U1402','BPO - F&A (OGIN B140 U1402)','OGIN','GO India Operation','10','1900-01-01 00:00:00',1,'null,null,null',1,'emp','','contract',NULL,'1234567890','0987654321',1,'2012-11-20 19:35:00','Jayaprakash Balambikha',1,'o','l','jayaprakashb',NULL,'yes',NULL,NULL,NULL),(582,'Balamurugan','','Manivannan','manivannanb','M','582','name582gmail.com','IN','582','582','',2,'T Technical','B160','GO IN Infrastructure Management','U1503','IM - Control Bridge','OGIN','GO India Operation','3','1900-01-01 00:00:00',1,'null,null,null',1,'emp','','contract',NULL,'1234567890','0987654321',1,'2012-11-20 19:35:00','Manivannan Balamurugan',1,'o','l','manivannanb',NULL,'yes',NULL,NULL,NULL),(583,'Balamurugan','','Natarajan','natarajanbl','M','583','name583gmail.com','IN','583','583','',1,'PD Project Delivery','B210','GO IN Professional Services','U1223','PS - Financial Srvcs','OGIN','GO India Operation','1','1900-01-01 00:00:00',1,'null,null,null',1,'emp','','contract',NULL,'1234567890','0987654321',1,'2012-11-20 19:35:00','Natarajan Balamurugan',1,'o','l','natarajanbl',NULL,'yes',NULL,NULL,NULL),(584,'Balamurugan','','Ponnusamy','ponnusamyb','M','584','name584gmail.com','IN','584','584','',2,'PD Project Delivery','B210','GO IN Professional Services','U1225','PS - IDT Products','OGIN','GO India Operation','1','1900-01-01 00:00:00',1,'null,null,null',1,'emp','','contract',NULL,'1234567890','0987654321',1,'2012-11-20 19:35:00','Ponnusamy Balamurugan',1,'o','l','ponnusamyb',NULL,'yes',NULL,NULL,NULL),(585,'Balamurugan','','Ramaiah','ramaiahb','M','585','name585gmail.com','IN','585','585','',0,'','B120','GO IN Application Management','U1279','AIM -  Incident Management','OGIN','GO India Operation','','1900-01-01 00:00:00',1,'null,null,null',1,'emp','','contract',NULL,'1234567890','0987654321',1,'2012-11-20 19:35:00','Ramaiah Balamurugan',1,'o','l','ramaiahb',NULL,'yes',NULL,NULL,NULL),(586,'Balamurugan','','Saravanamuthu','saravanamuthub','M','586','name586gmail.com','IN','586','586','',2,'T Technical','B120','GO IN Application Management','U1279','AIM -  Incident Management','OGIN','GO India Operation','3','1900-01-01 00:00:00',1,'null,null,null',1,'emp','','contract',NULL,'1234567890','0987654321',1,'2012-11-20 19:35:00','Saravanamuthu Balamurugan',1,'o','l','saravanamuthub',NULL,'yes',NULL,NULL,NULL),(587,'Balamurugan','','Soundararajan','soundararajanb','M','587','name587gmail.com','IN','587','587','',2,'T Technical','B210','GO IN Professional Services','U1225','PS - IDT Products','OGIN','GO India Operation','3','1900-01-01 00:00:00',1,'null,null,null',1,'emp','','contract',NULL,'1234567890','0987654321',1,'2012-11-20 19:35:00','Soundararajan Balamurugan',1,'o','l','soundararajanb',NULL,'yes',NULL,NULL,NULL),(588,'Balamurugan','','Subramanian','subramanianba','M','588','name588gmail.com','IN','588','588','',2,'PD Project Delivery','B120','GO IN Application Management','U1280','AEM -  Enhancement Management','OGIN','GO India Operation','1','1900-01-01 00:00:00',1,'null,null,null',1,'emp','','contract',NULL,'1234567890','0987654321',1,'2012-11-20 19:35:00','Subramanian Balamurugan',1,'o','l','subramanianba',NULL,'yes',NULL,NULL,NULL),(589,'Balamurugan','','Sundaram','sundaramba','M','589','name589gmail.com','IN','589','589','',1,'PD Project Delivery','B120','GO IN Application Management','U1279','AIM -  Incident Management','OGIN','GO India Operation','1','1900-01-01 00:00:00',1,'null,null,null',1,'emp','','contract',NULL,'1234567890','0987654321',1,'2012-11-20 19:35:00','Sundaram Balamurugan',1,'o','l','sundaramba',NULL,'yes',NULL,NULL,NULL),(590,'Balamurugan','','Udayasankar','udayasankarb','M','590','name590gmail.com','IN','590','590','',2,'T Technical','B210','GO IN Professional Services','U1224','PS - Telecomms','OGIN','GO India Operation','3','1900-01-01 00:00:00',1,'null,null,null',1,'emp','','contract',NULL,'1234567890','0987654321',1,'2012-11-20 19:35:00','Udayasankar Balamurugan',1,'o','l','udayasankarb',NULL,'yes',NULL,NULL,NULL),(591,'Balamurugan','','Velu','velub','M','591','name591gmail.com','IN','591','591','',2,'SD Service Delivery','B120','GO IN Application Management','U1280','AEM -  Enhancement Management','OGIN','GO India Operation','2','1900-01-01 00:00:00',1,'null,null,null',1,'emp','','contract',NULL,'1234567890','0987654321',1,'2012-11-20 19:35:00','Velu Balamurugan',1,'o','l','velub',NULL,'yes',NULL,NULL,NULL),(592,'Balamurugan Mailarupatti','','Rajaraman','rajaramanb','M','592','name592gmail.com','IN','592','592','',1,'PD Project Delivery','B130','GO IN Staff Supply Business','U1303','STS - GO Staff Supply','OGIN','GO India Operation','1','1900-01-01 00:00:00',1,'null,null,null',1,'emp','','contract',NULL,'1234567890','0987654321',1,'2012-11-20 19:35:00','Rajaraman Balamurugan Mailarupatti',1,'o','l','rajaramanb',NULL,'yes',NULL,NULL,NULL),(593,'Balaraj','','Jayapal','jayapalb','M','593','name593gmail.com','IN','593','593','',2,'T Technical','B210','GO IN Professional Services','U1225','PS - IDT Products','OGIN','GO India Operation','3','1900-01-01 00:00:00',1,'null,null,null',1,'emp','','contract',NULL,'1234567890','0987654321',1,'2012-11-20 19:35:00','Jayapal Balaraj',1,'o','l','jayapalb',NULL,'yes',NULL,NULL,NULL),(594,'Balarevathy','','Kanthakuru','kanthakurub','F','594','name594gmail.com','IN','594','594','',2,'SD Service Delivery','B120','GO IN Application Management','U1280','AEM -  Enhancement Management','OGIN','GO India Operation','2','1900-01-01 00:00:00',1,'null,null,null',1,'emp','','contract',NULL,'1234567890','0987654321',1,'2012-11-20 19:35:00','Kanthakuru Balarevathy',1,'o','l','kanthakurub',NULL,'yes',NULL,NULL,NULL),(595,'Balasubramani','','Balakrishnan','balakrishnanb','M','595','name595gmail.com','IN','595','595','',1,'SD Service Delivery','B120','GO IN Application Management','U1279','AIM -  Incident Management','OGIN','GO India Operation','2','1900-01-01 00:00:00',1,'null,null,null',1,'emp','','contract',NULL,'1234567890','0987654321',1,'2012-11-20 19:35:00','Balakrishnan Balasubramani',1,'o','l','balakrishnanb',NULL,'yes',NULL,NULL,NULL),(596,'Balasubramani','','Kumaravelu','kumaravelub','M','596','name596gmail.com','IN','596','596','',1,'SD Service Delivery','B160','GO IN Infrastructure Management','U1502','IM - Service Desk (OGIN B160 U1502)','OGIN','GO India Operation','2','1900-01-01 00:00:00',1,'null,null,null',1,'emp','','contract',NULL,'1234567890','0987654321',1,'2012-11-20 19:35:00','Kumaravelu Balasubramani',1,'o','l','kumaravelub',NULL,'yes',NULL,NULL,NULL),(597,'Balasubramaniam','','Sivaramakrishnan','sivaramakrishnanb','M','597','name597gmail.com','IN','597','597','',1,'T Technical','B110','GO IN Overheads','U1161','BSF- Resourcing','OGIN','GO India Operation','3','1900-01-01 00:00:00',1,'null,null,null',1,'emp','','contract',NULL,'1234567890','0987654321',1,'2012-11-20 19:35:00','Sivaramakrishnan Balasubramaniam',1,'o','l','sivaramakrishnanb',NULL,'yes',NULL,NULL,NULL),(598,'Balasubramanian','','Chandran','chandranb','M','598','name598gmail.com','IN','598','598','',1,'F Finance','B140','GO IN Business Process Outsourcing','U1402','BPO - F&A (OGIN B140 U1402)','OGIN','GO India Operation','10','1900-01-01 00:00:00',1,'null,null,null',1,'emp','','contract',NULL,'1234567890','0987654321',1,'2012-11-20 19:35:00','Chandran Balasubramanian',1,'o','l','chandranb',NULL,'yes',NULL,NULL,NULL),(599,'Balasubramanian','','Kesavan','kesavanba','M','599','name599gmail.com','IN','599','599','',1,'SD Service Delivery','B160','GO IN Infrastructure Management','U1605','IM - Distributed Srvcs (OGIN B160 U1605)','OGIN','GO India Operation','2','1900-01-01 00:00:00',1,'null,null,null',1,'emp','','contract',NULL,'1234567890','0987654321',1,'2012-11-20 19:35:00','Kesavan Balasubramanian',1,'o','l','kesavanba',NULL,'yes',NULL,NULL,NULL),(600,'Balasubramanian','','Muthiah','muthiahb','M','600','name600gmail.com','IN','600','600','',2,'SD Service Delivery','B160','GO IN Infrastructure Management','U1606','IM - DBA (DAT)','OGIN','GO India Operation','2','1900-01-01 00:00:00',1,'null,null,null',1,'emp','','contract',NULL,'1234567890','0987654321',1,'2012-11-20 19:35:00','Muthiah Balasubramanian',1,'o','l','muthiahb',NULL,'yes',NULL,NULL,NULL),(601,'Balasubramanian','','Natarajan','natarajanba','M','601','name601gmail.com','IN','601','601','',2,'T Technical','B120','GO IN Application Management','U1279','AIM -  Incident Management','OGIN','GO India Operation','3','1900-01-01 00:00:00',1,'null,null,null',1,'emp','','contract',NULL,'1234567890','0987654321',1,'2012-11-20 19:35:00','Natarajan Balasubramanian',1,'o','l','natarajanba',NULL,'yes',NULL,NULL,NULL),(602,'Balasubramanian','','Selvasekaran','selvasekaranb','M','602','name602gmail.com','IN','602','602','',2,'SD Service Delivery','B120','GO IN Application Management','U1279','AIM -  Incident Management','OGIN','GO India Operation','2','1900-01-01 00:00:00',1,'null,null,null',1,'emp','','contract',NULL,'1234567890','0987654321',1,'2012-11-20 19:35:00','Selvasekaran Balasubramanian',1,'o','l','selvasekaranb',NULL,'yes',NULL,NULL,NULL),(603,'Balasubramanian','','Shanmugam','shanmugamb','M','603','name603gmail.com','IN','603','603','',2,'SD Service Delivery','B120','GO IN Application Management','U1279','AIM -  Incident Management','OGIN','GO India Operation','2','1900-01-01 00:00:00',1,'null,null,null',1,'emp','','contract',NULL,'1234567890','0987654321',1,'2012-11-20 19:35:00','Shanmugam Balasubramanian',1,'o','l','shanmugamb',NULL,'yes',NULL,NULL,NULL),(604,'Balasubramanyam','','Duddu','duddub','M','604','name604gmail.com','IN','604','604','',1,'SAM Sales and Account Mgmt','B115','GO IN Sales and Marketing','U1163','Marcomm Shared Service Centre','OGIN','GO India Operation','6','1900-01-01 00:00:00',1,'null,null,null',1,'emp','','contract',NULL,'1234567890','0987654321',1,'2012-11-20 19:35:00','Duddu Balasubramanyam',1,'o','l','duddub',NULL,'yes',NULL,NULL,NULL),(605,'Balavignesh','','Kasinathan','kasinathanb','M','605','name605gmail.com','IN','605','605','',2,'T Technical','B210','GO IN Professional Services','U1224','PS - Telecomms','OGIN','GO India Operation','3','1900-01-01 00:00:00',1,'null,null,null',1,'emp','','contract',NULL,'1234567890','0987654321',1,'2012-11-20 19:35:00','Kasinathan Balavignesh',1,'o','l','kasinathanb',NULL,'yes',NULL,NULL,NULL),(606,'Balayuvaraj','','Magudapathi','magudapathib','M','606','name606gmail.com','IN','606','606','',1,'T Technical','B160','GO IN Infrastructure Management','U1503','IM - Control Bridge','OGIN','GO India Operation','3','1900-01-01 00:00:00',1,'null,null,null',1,'emp','','contract',NULL,'1234567890','0987654321',1,'2012-11-20 19:35:00','Magudapathi Balayuvaraj',1,'o','l','magudapathib',NULL,'yes',NULL,NULL,NULL),(607,'Baneesh','','Rudrappa','rudrappab','M','607','name607gmail.com','IN','607','607','',2,'PD Project Delivery','B110','GO IN Overheads','U1157','BSF - QA / process','OGIN','GO India Operation','1','1900-01-01 00:00:00',1,'null,null,null',1,'emp','','contract',NULL,'1234567890','0987654321',1,'2012-11-20 19:35:00','Rudrappa Baneesh',1,'o','l','rudrappab',NULL,'yes',NULL,NULL,NULL),(608,'Barani','','Selvanayagam','selvanayagamb','F','608','name608gmail.com','IN','608','608','',1,'SD Service Delivery','B110','GO IN Overheads','U1161','BSF- Resourcing','OGIN','GO India Operation','2','1900-01-01 00:00:00',1,'null,null,null',1,'emp','','contract',NULL,'1234567890','0987654321',1,'2012-11-20 19:35:00','Selvanayagam Barani',1,'o','l','selvanayagamb',NULL,'yes',NULL,NULL,NULL),(609,'Baranidharan','','Govindhan','govindhanb','M','609','name609gmail.com','IN','609','609','',1,'T Technical','B160','GO IN Infrastructure Management','U1503','IM - Control Bridge','OGIN','GO India Operation','3','1900-01-01 00:00:00',1,'null,null,null',1,'emp','','contract',NULL,'1234567890','0987654321',1,'2012-11-20 19:35:00','Govindhan Baranidharan',1,'o','l','govindhanb',NULL,'yes',NULL,NULL,NULL),(610,'Bargavi','','Shreedhar','shreedharb','F','610','name610gmail.com','IN','610','610','',2,'T Technical','B170','GO IN Country Programme Value Facture','U1734','VF - Wave','OGIN','GO India Operation','3','1900-01-01 00:00:00',1,'null,null,null',1,'emp','','contract',NULL,'1234567890','0987654321',1,'2012-11-20 19:35:00','Shreedhar Bargavi',1,'o','l','shreedharb',NULL,'yes',NULL,NULL,NULL),(611,'Basanagouda M','','Patil','patilb','M','611','name611gmail.com','IN','611','611','',1,'SD Service Delivery','B160','GO IN Infrastructure Management','U1503','IM - Control Bridge','OGIN','GO India Operation','2','1900-01-01 00:00:00',1,'null,null,null',1,'emp','','contract',NULL,'1234567890','0987654321',1,'2012-11-20 19:35:00','Patil Basanagouda M',1,'o','l','patilb',NULL,'yes',NULL,NULL,NULL),(612,'Basanth Kumar','','Mallur Gurappa','mallurgurappab','M','612','name612gmail.com','IN','612','612','',3,'PD Project Delivery','B210','GO IN Professional Services','U1224','PS - Telecomms','OGIN','GO India Operation','1','1900-01-01 00:00:00',1,'null,null,null',1,'emp','','contract',NULL,'1234567890','0987654321',1,'2012-11-20 19:35:00','Mallur Gurappa Basanth Kumar',1,'o','l','mallurgurappab',NULL,'yes',NULL,NULL,NULL),(613,'Basavaraj','','Basavangowdru','basavangowdrub','M','613','name613gmail.com','IN','613','613','',1,'SD Service Delivery','B120','GO IN Application Management','U1279','AIM -  Incident Management','OGIN','GO India Operation','2','1900-01-01 00:00:00',1,'null,null,null',1,'emp','','contract',NULL,'1234567890','0987654321',1,'2013-03-20 18:30:00','Basavangowdru Basavaraj',1,'o','l','basavangowdrub',NULL,'yes',NULL,NULL,NULL),(614,'Basavaraj','','Beelur','beelurb','M','614','name614gmail.com','IN','614','614','',2,'T Technical','B210','GO IN Professional Services','U1223','PS - Financial Srvcs','OGIN','GO India Operation','3','1900-01-01 00:00:00',1,'null,null,null',1,'emp','','contract',NULL,'1234567890','0987654321',1,'2012-11-20 19:35:00','Beelur Basavaraj',1,'o','l','beelurb',NULL,'yes',NULL,NULL,NULL),(615,'Basavaraj','','Devendrappa','devendrappab','M','615','name615gmail.com','IN','615','615','',2,'GM General Mgmt and Admin','B110','GO IN Overheads','U1157','BSF - QA / process','OGIN','GO India Operation','7','1900-01-01 00:00:00',1,'null,null,null',1,'emp','','contract',NULL,'1234567890','0987654321',1,'2012-11-20 19:35:00','Devendrappa Basavaraj',1,'o','l','devendrappab',NULL,'yes',NULL,NULL,NULL),(616,'Basavaraj','','Halemani','halemanib','M','616','name616gmail.com','IN','616','616','',3,'PD Project Delivery','B160','GO IN Infrastructure Management','U1607','IM - Project Management','OGIN','GO India Operation','1','1900-01-01 00:00:00',1,'null,null,null',1,'emp','','contract',NULL,'1234567890','0987654321',1,'2012-11-20 19:35:00','Halemani Basavaraj',1,'o','l','halemanib',NULL,'yes',NULL,NULL,NULL),(617,'Basavaraj Chandrappa','','Bhuti','bhutib','M','617','name617gmail.com','IN','617','617','',1,'SD Service Delivery','B120','GO IN Application Management','U1279','AIM -  Incident Management','OGIN','GO India Operation','2','1900-01-01 00:00:00',1,'null,null,null',1,'emp','','contract',NULL,'1234567890','0987654321',1,'2012-11-20 19:35:00','Bhuti Basavaraj Chandrappa',1,'o','l','bhutib',NULL,'yes',NULL,NULL,NULL),(618,'BasavaRaju','','Gojjimi','gojjimib','M','618','name618gmail.com','IN','618','618','',1,'PD Project Delivery','B120','GO IN Application Management','U1279','AIM -  Incident Management','OGIN','GO India Operation','1','1900-01-01 00:00:00',1,'null,null,null',1,'emp','','contract',NULL,'1234567890','0987654321',1,'2012-11-20 19:35:00','Gojjimi BasavaRaju',1,'o','l','gojjimib',NULL,'yes',NULL,NULL,NULL),(619,'Basavaraju','','Nagashekhara','nagashekharab','M','619','name619gmail.com','IN','619','619','',1,'SD Service Delivery','B130','GO IN Staff Supply Business','U1303','STS - GO Staff Supply','OGIN','GO India Operation','2','1900-01-01 00:00:00',1,'null,null,null',1,'emp','','contract',NULL,'1234567890','0987654321',1,'2012-11-20 19:35:00','Nagashekhara Basavaraju',1,'o','l','nagashekharab',NULL,'yes',NULL,NULL,NULL),(620,'Basavaraju Nanjundappa','','Sulkunte','sulkunteb','M','620','name620gmail.com','IN','620','620','',1,'F Finance','B140','GO IN Business Process Outsourcing','U1404','BPO - HR/payroll srvcs (OGIN B140 U1404)','OGIN','GO India Operation','10','1900-01-01 00:00:00',1,'null,null,null',1,'emp','','contract',NULL,'1234567890','0987654321',1,'2012-11-20 19:35:00','Sulkunte Basavaraju Nanjundappa',1,'o','l','sulkunteb',NULL,'yes',NULL,NULL,NULL),(621,'Basheer Ahammad','','Yalpi','yalpib','M','621','name621gmail.com','IN','621','621','',1,'SD Service Delivery','B160','GO IN Infrastructure Management','U1603','IM - Wintel (OGIN B160 U1603)','OGIN','GO India Operation','2','1900-01-01 00:00:00',1,'null,null,null',1,'emp','','contract',NULL,'1234567890','0987654321',1,'2012-11-20 19:35:00','Yalpi Basheer Ahammad',1,'o','l','yalpib',NULL,'yes',NULL,NULL,NULL),(622,'Baskar','','Balu','balub','M','622','name622gmail.com','IN','622','622','',1,'T Technical','B120','GO IN Application Management','U1279','AIM -  Incident Management','OGIN','GO India Operation','3','1900-01-01 00:00:00',1,'null,null,null',1,'emp','','contract',NULL,'1234567890','0987654321',1,'2012-11-20 19:35:00','Balu Baskar',1,'o','l','balub',NULL,'yes',NULL,NULL,NULL),(623,'Baskar','','Govindasamy','govindasamyb','M','623','name623gmail.com','IN','623','623','',1,'T Technical','B210','GO IN Professional Services','U1225','PS - IDT Products','OGIN','GO India Operation','3','1900-01-01 00:00:00',1,'null,null,null',1,'emp','','contract',NULL,'1234567890','0987654321',1,'2012-11-20 19:35:00','Govindasamy Baskar',1,'o','l','govindasamyb',NULL,'yes',NULL,NULL,NULL),(624,'Baskar','','Radhakrishnan','radhakrishnanb','M','624','name624gmail.com','IN','624','624','',1,'SD Service Delivery','B160','GO IN Infrastructure Management','U1503','IM - Control Bridge','OGIN','GO India Operation','2','1900-01-01 00:00:00',1,'null,null,null',1,'emp','','contract',NULL,'1234567890','0987654321',1,'2012-11-20 19:35:00','Radhakrishnan Baskar',1,'o','l','radhakrishnanb',NULL,'yes',NULL,NULL,NULL),(625,'Baskaran','','Narayanasamy','narayanasamyb','M','625','name625gmail.com','IN','625','625','',2,'SD Service Delivery','B210','GO IN Professional Services','U1225','PS - IDT Products','OGIN','GO India Operation','2','1900-01-01 00:00:00',1,'null,null,null',1,'emp','','contract',NULL,'1234567890','0987654321',1,'2012-11-20 19:35:00','Narayanasamy Baskaran',1,'o','l','narayanasamyb',NULL,'yes',NULL,NULL,NULL),(626,'Baskaran','','Srinivasan','srinivasanba','M','626','name626gmail.com','IN','626','626','',2,'SD Service Delivery','B210','GO IN Professional Services','U1228','PS - SIP Delivery Centre','OGIN','GO India Operation','2','1900-01-01 00:00:00',1,'null,null,null',1,'emp','','contract',NULL,'1234567890','0987654321',1,'2012-11-20 19:35:00','Srinivasan Baskaran',1,'o','l','srinivasanba',NULL,'yes',NULL,NULL,NULL),(627,'Bathini Murali','','Goud','goudb','M','627','name627gmail.com','IN','627','627','',2,'SD Service Delivery','B160','GO IN Infrastructure Management','U1504','IM - Client Services','OGIN','GO India Operation','2','1900-01-01 00:00:00',1,'null,null,null',1,'emp','','contract',NULL,'1234567890','0987654321',1,'2012-11-20 19:35:00','Goud Bathini Murali',1,'o','l','goudb',NULL,'yes',NULL,NULL,NULL),(628,'Beaula','','Merlin','merlinb','F','628','name628gmail.com','IN','628','628','',1,'SD Service Delivery','B120','GO IN Application Management','U1271','AMES - Production Hub (OGIN B120 U1271)','OGIN','GO India Operation','2','1900-01-01 00:00:00',1,'null,null,null',1,'emp','','contract',NULL,'1234567890','0987654321',1,'2012-11-20 19:35:00','Merlin Beaula',1,'o','l','merlinb',NULL,'yes',NULL,NULL,NULL),(629,'Beena','','Krishnan','krishnanb','F','629','name629gmail.com','IN','629','629','',2,'MC Marketing and Comm','B210','GO IN Professional Services','U1229','PS - CCO Shared Services','OGIN','GO India Operation','11','1900-01-01 00:00:00',1,'null,null,null',1,'emp','','contract',NULL,'1234567890','0987654321',1,'2012-11-20 19:35:00','Krishnan Beena',1,'o','l','krishnanb',NULL,'yes',NULL,NULL,NULL),(630,'Bejohn','','George','georgebj','M','630','name630gmail.com','IN','630','630','',2,'SD Service Delivery','B160','GO IN Infrastructure Management','U1608','IM - Service provision management','OGIN','GO India Operation','2','1900-01-01 00:00:00',1,'null,null,null',1,'emp','','contract',NULL,'1234567890','0987654321',1,'2012-11-20 19:35:00','George Bejohn',1,'o','l','georgebj',NULL,'yes',NULL,NULL,NULL),(631,'Bencil','','Francis','francisbe','M','631','name631gmail.com','IN','631','631','',1,'T Technical','B120','GO IN Application Management','U1280','AEM -  Enhancement Management','OGIN','GO India Operation','3','1900-01-01 00:00:00',1,'null,null,null',1,'emp','','contract',NULL,'1234567890','0987654321',1,'2012-11-20 19:35:00','Francis Bencil',1,'o','l','francisbe',NULL,'yes',NULL,NULL,NULL),(632,'Benentia Hazline Suji','','Thangapandi Isaac','thangapandiisaacb','F','632','name632gmail.com','IN','632','632','',2,'PD Project Delivery','B170','GO IN Country Programme Value Facture','U1734','VF - Wave','OGIN','GO India Operation','1','1900-01-01 00:00:00',1,'null,null,null',1,'emp','','contract',NULL,'1234567890','0987654321',1,'2012-11-20 19:35:00','Thangapandi Isaac Benentia Hazline Suji',1,'o','l','thangapandiisaacb',NULL,'yes',NULL,NULL,NULL),(633,'Benjamin','','Glarance','glaranceb','M','633','name633gmail.com','IN','633','633','',1,'F Finance','B140','GO IN Business Process Outsourcing','U1402','BPO - F&A (OGIN B140 U1402)','OGIN','GO India Operation','10','1900-01-01 00:00:00',1,'null,null,null',1,'emp','','contract',NULL,'1234567890','0987654321',1,'2012-11-20 19:35:00','Glarance Benjamin',1,'o','l','glaranceb',NULL,'yes',NULL,NULL,NULL),(634,'Benny Ruban','','Prem Kumar','premkumarb','M','634','name634gmail.com','IN','634','634','',1,'T Technical','B160','GO IN Infrastructure Management','U1503','IM - Control Bridge','OGIN','GO India Operation','3','1900-01-01 00:00:00',1,'null,null,null',1,'emp','','contract',NULL,'1234567890','0987654321',1,'2012-11-20 19:35:00','Prem Kumar Benny Ruban',1,'o','l','premkumarb',NULL,'yes',NULL,NULL,NULL),(635,'Benson','','Augustine','augustineb','M','635','name635gmail.com','IN','635','635','',3,'T Technical','B210','GO IN Professional Services','U1224','PS - Telecomms','OGIN','GO India Operation','3','1900-01-01 00:00:00',1,'null,null,null',1,'emp','','contract',NULL,'1234567890','0987654321',1,'2012-11-20 19:35:00','Augustine Benson',1,'o','l','augustineb',NULL,'yes',NULL,NULL,NULL),(636,'Beski','','Antony Raj','antonyrajb','M','636','name636gmail.com','IN','636','636','',1,'SD Service Delivery','B120','GO IN Application Management','U1281','ATM - Test Management','OGIN','GO India Operation','2','1900-01-01 00:00:00',1,'null,null,null',1,'emp','','contract',NULL,'1234567890','0987654321',1,'2012-11-20 19:35:00','Antony Raj Beski',1,'o','l','antonyrajb',NULL,'yes',NULL,NULL,NULL),(637,'Betson','','Joy','joyb','M','637','name637gmail.com','IN','637','637','',1,'PD Project Delivery','B210','GO IN Professional Services','U1222','PS - E&U','OGIN','GO India Operation','1','1900-01-01 00:00:00',1,'null,null,null',1,'emp','','contract',NULL,'1234567890','0987654321',1,'2012-11-20 19:35:00','Joy Betson',1,'o','l','joyb',NULL,'yes',NULL,NULL,NULL),(638,'Betsy','','George','georgebe','F','638','name638gmail.com','IN','638','638','',2,'SD Service Delivery','B170','GO IN Country Programme Value Facture','U1734','VF - Wave','OGIN','GO India Operation','2','1900-01-01 00:00:00',1,'null,null,null',1,'emp','','contract',NULL,'1234567890','0987654321',1,'2012-11-20 19:35:00','George Betsy',1,'o','l','georgebe',NULL,'yes',NULL,NULL,NULL),(639,'Bhabanisankar','','Swain','swainbh','M','639','name639gmail.com','IN','639','639','',2,'PD Project Delivery','B210','GO IN Professional Services','U1224','PS - Telecomms','OGIN','GO India Operation','1','1900-01-01 00:00:00',1,'null,null,null',1,'emp','','contract',NULL,'1234567890','0987654321',1,'2012-11-20 19:35:00','Swain Bhabanisankar',1,'o','l','swainbh',NULL,'yes',NULL,NULL,NULL),(640,'Bhagya','','Basavanahalli Narayan','basavanahallib','F','640','name640gmail.com','IN','640','640','',1,'T Technical','B210','GO IN Professional Services','U1223','PS - Financial Srvcs','OGIN','GO India Operation','3','1900-01-01 00:00:00',1,'null,null,null',1,'emp','','contract',NULL,'1234567890','0987654321',1,'2012-11-20 19:35:00','Basavanahalli Narayan Bhagya',1,'o','l','basavanahallib',NULL,'yes',NULL,NULL,NULL),(641,'Bhanu Prakash','','Kandepi','kandepib','M','641','name641gmail.com','IN','641','641','',1,'SD Service Delivery','B120','GO IN Application Management','U1280','AEM -  Enhancement Management','OGIN','GO India Operation','2','1900-01-01 00:00:00',1,'null,null,null',1,'emp','','contract',NULL,'1234567890','0987654321',1,'2012-11-20 19:35:00','Kandepi Bhanu Prakash',1,'o','l','kandepib',NULL,'yes',NULL,NULL,NULL),(642,'Bhanu Prakash','','Thalluri','thallurib','M','642','name642gmail.com','IN','642','642','',0,'','B170','GO IN Country Programme Value Facture','U1735','VF - Graduate and Junior Prog','OGIN','GO India Operation','','1900-01-01 00:00:00',1,'null,null,null',1,'emp','','contract',NULL,'1234567890','0987654321',1,'2012-11-20 19:35:00','Thalluri Bhanu Prakash',1,'o','l','thallurib',NULL,'yes',NULL,NULL,NULL),(643,'Bhanupriya','','Ravikumar','ravikumarb','F','643','name643gmail.com','IN','643','643','',1,'SD Service Delivery','B120','GO IN Application Management','U1279','AIM -  Incident Management','OGIN','GO India Operation','2','1900-01-01 00:00:00',1,'null,null,null',1,'emp','','contract',NULL,'1234567890','0987654321',1,'2012-11-20 19:35:00','Ravikumar Bhanupriya',1,'o','l','ravikumarb',NULL,'yes',NULL,NULL,NULL),(644,'Bharadwaj','','Srinivasan','srinivasanbh','M','644','name644gmail.com','IN','644','644','',3,'GM General Mgmt and Admin','B110','GO IN Overheads','U1102','BSF - General Management','OGIN','GO India Operation','7','1900-01-01 00:00:00',1,'null,null,null',1,'emp','','contract',NULL,'1234567890','0987654321',1,'2012-11-20 19:35:00','Srinivasan Bharadwaj',1,'o','l','srinivasanbh',NULL,'yes',NULL,NULL,NULL),(645,'Bharat','','Reddy','reddyb','M','645','name645gmail.com','IN','645','645','',2,'T Technical','B210','GO IN Professional Services','U1222','PS - E&U','OGIN','GO India Operation','3','1900-01-01 00:00:00',1,'null,null,null',1,'emp','','contract',NULL,'1234567890','0987654321',1,'2012-11-20 19:35:00','Reddy Bharat',1,'o','l','reddyb',NULL,'yes',NULL,NULL,NULL),(646,'Bharath Krishna','','Subramanian','subramanianbk','M','646','name646gmail.com','IN','646','646','',1,'SD Service Delivery','B120','GO IN Application Management','U1279','AIM -  Incident Management','OGIN','GO India Operation','2','1900-01-01 00:00:00',1,'null,null,null',1,'emp','','contract',NULL,'1234567890','0987654321',1,'2012-11-20 19:35:00','Subramanian Bharath Krishna',1,'o','l','subramanianbk',NULL,'yes',NULL,NULL,NULL),(647,'Bharath Kumar','','Ippagunta','ippaguntab','M','647','name647gmail.com','IN','647','647','',2,'T Technical','B210','GO IN Professional Services','U1222','PS - E&U','OGIN','GO India Operation','3','1900-01-01 00:00:00',1,'null,null,null',1,'emp','','contract',NULL,'1234567890','0987654321',1,'2012-11-20 19:35:00','Ippagunta Bharath Kumar',1,'o','l','ippaguntab',NULL,'yes',NULL,NULL,NULL),(648,'Bharath Kumar','','Joel','joelb','M','648','name648gmail.com','IN','648','648','',1,'T Technical','B160','GO IN Infrastructure Management','U1616','IM - Toolsets','OGIN','GO India Operation','3','1900-01-01 00:00:00',1,'null,null,null',1,'emp','','contract',NULL,'1234567890','0987654321',1,'2012-11-20 19:35:00','Joel Bharath Kumar',1,'o','l','joelb',NULL,'yes',NULL,NULL,NULL),(649,'Bharath Kumar','','Valakatla','valakatlab','M','649','name649gmail.com','IN','649','649','',1,'T Technical','B210','GO IN Professional Services','U1225','PS - IDT Products','OGIN','GO India Operation','3','1900-01-01 00:00:00',1,'null,null,null',1,'emp','','contract',NULL,'1234567890','0987654321',1,'2012-11-20 19:35:00','Valakatla Bharath Kumar',1,'o','l','valakatlab',NULL,'yes',NULL,NULL,NULL),(650,'Bharath Reddy','','Reddivari','reddivarib','M','650','name650gmail.com','IN','650','650','',1,'T Technical','B210','GO IN Professional Services','U1228','PS - SIP Delivery Centre','OGIN','GO India Operation','3','1900-01-01 00:00:00',1,'null,null,null',1,'emp','','contract',NULL,'1234567890','0987654321',1,'2012-11-20 19:35:00','Reddivari Bharath Reddy',1,'o','l','reddivarib',NULL,'yes',NULL,NULL,NULL),(651,'Bharatheepriya','','Chinnasamy Devarajan','chinnasamydevarajanb','F','651','name651gmail.com','IN','651','651','',2,'T Technical','B170','GO IN Country Programme Value Facture','U1734','VF - Wave','OGIN','GO India Operation','3','1900-01-01 00:00:00',1,'null,null,null',1,'emp','','contract',NULL,'1234567890','0987654321',1,'2012-11-20 19:35:00','Chinnasamy Devarajan Bharatheepriya',1,'o','l','chinnasamydevarajanb',NULL,'yes',NULL,NULL,NULL),(652,'Bharathi','','Reddykonda','reddykondab','F','652','name652gmail.com','IN','652','652','',1,'PD Project Delivery','B210','GO IN Professional Services','U1223','PS - Financial Srvcs','OGIN','GO India Operation','1','1900-01-01 00:00:00',1,'null,null,null',1,'emp','','contract',NULL,'1234567890','0987654321',1,'2012-11-20 19:35:00','Reddykonda Bharathi',1,'o','l','reddykondab',NULL,'yes',NULL,NULL,NULL),(653,'Bharathi','','Utukuru','utukurub','F','653','name653gmail.com','IN','653','653','',0,'','B170','GO IN Country Programme Value Facture','U1735','VF - Graduate and Junior Prog','OGIN','GO India Operation','','1900-01-01 00:00:00',1,'null,null,null',1,'emp','','contract',NULL,'1234567890','0987654321',1,'2012-11-20 19:35:00','Utukuru Bharathi',1,'o','l','utukurub',NULL,'yes',NULL,NULL,NULL),(654,'Bharathwaj','','Murali','muralib','M','654','name654gmail.com','IN','654','654','',1,'T Technical','B170','GO IN Country Programme Value Facture','U1735','VF - Graduate and Junior Prog','OGIN','GO India Operation','3','1900-01-01 00:00:00',1,'null,null,null',1,'emp','','contract',NULL,'1234567890','0987654321',1,'2012-11-20 19:35:00','Murali Bharathwaj',1,'o','l','muralib',NULL,'yes',NULL,NULL,NULL),(655,'Bharathy','','Bhakthavathsalam','bhakthavathsalamb','F','655','name655gmail.com','IN','655','655','',1,'T Technical','B120','GO IN Application Management','U1279','AIM -  Incident Management','OGIN','GO India Operation','3','1900-01-01 00:00:00',1,'null,null,null',1,'emp','','contract',NULL,'1234567890','0987654321',1,'2012-11-20 19:35:00','Bhakthavathsalam Bharathy',1,'o','l','bhakthavathsalamb',NULL,'yes',NULL,NULL,NULL),(656,'Bharathy','','Neelakanda Pillai Kolammal','neelakandab','F','656','name656gmail.com','IN','656','656','',1,'T Technical','B170','GO IN Country Programme Value Facture','U1735','VF - Graduate and Junior Prog','OGIN','GO India Operation','3','1900-01-01 00:00:00',1,'null,null,null',1,'emp','','contract',NULL,'1234567890','0987654321',1,'2012-11-20 19:35:00','Neelakanda Pillai Kolammal Bharathy',1,'o','l','neelakandab',NULL,'yes',NULL,NULL,NULL),(657,'Bharati','','Dash','dashbh','F','657','name657gmail.com','IN','657','657','',1,'T Technical','B210','GO IN Professional Services','U1223','PS - Financial Srvcs','OGIN','GO India Operation','3','1900-01-01 00:00:00',1,'null,null,null',1,'emp','','contract',NULL,'1234567890','0987654321',1,'2012-11-20 19:35:00','Dash Bharati',1,'o','l','dashbh',NULL,'yes',NULL,NULL,NULL),(658,'Bhargavi','','Krishnamoorthy','viswanathanb','F','658','name658gmail.com','IN','658','658','',1,'SD Service Delivery','B170','GO IN Country Programme Value Facture','U1734','VF - Wave','OGIN','GO India Operation','2','1900-01-01 00:00:00',1,'null,null,null',1,'emp','','contract',NULL,'1234567890','0987654321',1,'2012-11-20 19:35:00','Krishnamoorthy Bhargavi',1,'o','l','viswanathanb',NULL,'yes',NULL,NULL,NULL),(659,'Bhaskar','','Ettamsetty','ettamsettyb','M','659','name659gmail.com','IN','659','659','',1,'SD Service Delivery','B120','GO IN Application Management','U1279','AIM -  Incident Management','OGIN','GO India Operation','2','1900-01-01 00:00:00',1,'null,null,null',1,'emp','','contract',NULL,'1234567890','0987654321',1,'2012-11-20 19:35:00','Ettamsetty Bhaskar',1,'o','l','ettamsettyb',NULL,'yes',NULL,NULL,NULL),(660,'Bhaskara Anilkumar','','Pedapudi','pedapudib','M','660','name660gmail.com','IN','660','660','',2,'SD Service Delivery','B120','GO IN Application Management','U1279','AIM -  Incident Management','OGIN','GO India Operation','2','1900-01-01 00:00:00',1,'null,null,null',1,'emp','','contract',NULL,'1234567890','0987654321',1,'2012-11-20 19:35:00','Pedapudi Bhaskara Anilkumar',1,'o','l','pedapudib',NULL,'yes',NULL,NULL,NULL),(661,'Bhaskara Reddy','','Vendoti','vendotib','M','661','name661gmail.com','IN','661','661','',1,'T Technical','B210','GO IN Professional Services','U1222','PS - E&U','OGIN','GO India Operation','3','1900-01-01 00:00:00',1,'null,null,null',1,'emp','','contract',NULL,'1234567890','0987654321',1,'2012-11-20 19:35:00','Vendoti Bhaskara Reddy',1,'o','l','vendotib',NULL,'yes',NULL,NULL,NULL),(662,'BhaskaraReddy','','Kadapha','kadaphab','M','662','name662gmail.com','IN','662','662','',1,'T Technical','B170','GO IN Country Programme Value Facture','U1734','VF - Wave','OGIN','GO India Operation','3','1900-01-01 00:00:00',1,'null,null,null',1,'emp','','contract',NULL,'1234567890','0987654321',1,'2012-11-20 19:35:00','Kadapha BhaskaraReddy',1,'o','l','kadaphab',NULL,'yes',NULL,NULL,NULL),(663,'Bhasker','','Sathyanarayana','sathyanarayanab','M','663','name663gmail.com','IN','663','663','',2,'SD Service Delivery','B120','GO IN Application Management','U1280','AEM -  Enhancement Management','OGIN','GO India Operation','2','1900-01-01 00:00:00',1,'null,null,null',1,'emp','','contract',NULL,'1234567890','0987654321',1,'2012-11-20 19:35:00','Sathyanarayana Bhasker',1,'o','l','sathyanarayanab',NULL,'yes',NULL,NULL,NULL),(664,'Bhavana','','Devaraj','devarajb','F','664','name664gmail.com','IN','664','664','',1,'T Technical','B170','GO IN Country Programme Value Facture','U1734','VF - Wave','OGIN','GO India Operation','3','1900-01-01 00:00:00',1,'null,null,null',1,'emp','','contract',NULL,'1234567890','0987654321',1,'2012-11-20 19:35:00','Devaraj Bhavana',1,'o','l','devarajb',NULL,'yes',NULL,NULL,NULL),(665,'Bhavani Prasad','','Allangi','allangib','M','665','name665gmail.com','IN','665','665','',2,'T Technical','B210','GO IN Professional Services','U1224','PS - Telecomms','OGIN','GO India Operation','3','1900-01-01 00:00:00',1,'null,null,null',1,'emp','','contract',NULL,'1234567890','0987654321',1,'2012-11-20 19:35:00','Allangi Bhavani Prasad',1,'o','l','allangib',NULL,'yes',NULL,NULL,NULL),(666,'Bhavesh','','Ameta','ametab','M','666','name666gmail.com','IN','666','666','',1,'T Technical','B210','GO IN Professional Services','U1223','PS - Financial Srvcs','OGIN','GO India Operation','3','1900-01-01 00:00:00',1,'null,null,null',1,'emp','','contract',NULL,'1234567890','0987654321',1,'2012-11-20 19:35:00','Ameta Bhavesh',1,'o','l','ametab',NULL,'yes',NULL,NULL,NULL),(667,'Bhavesh','','Ojha','ojhab','M','667','name667gmail.com','IN','667','667','',1,'SD Service Delivery','B120','GO IN Application Management','U1281','ATM - Test Management','OGIN','GO India Operation','2','1900-01-01 00:00:00',1,'null,null,null',1,'emp','','contract',NULL,'1234567890','0987654321',1,'2012-11-20 19:35:00','Ojha Bhavesh',1,'o','l','ojhab',NULL,'yes',NULL,NULL,NULL),(668,'Bhaveshkumar','','Lakhani','lakhanib','M','668','name668gmail.com','IN','668','668','',1,'T Technical','B120','GO IN Application Management','U1279','AIM -  Incident Management','OGIN','GO India Operation','3','1900-01-01 00:00:00',1,'null,null,null',1,'emp','','contract',NULL,'1234567890','0987654321',1,'2012-11-20 19:35:00','Lakhani Bhaveshkumar',1,'o','l','lakhanib',NULL,'yes',NULL,NULL,NULL),(669,'Bhavna','','Aalla','aallab','F','669','name669gmail.com','IN','669','669','',0,'','B160','GO IN Infrastructure Management','U1605','IM - Distributed Srvcs (OGIN B160 U1605)','OGIN','GO India Operation','','1900-01-01 00:00:00',1,'null,null,null',1,'emp','','contract',NULL,'1234567890','0987654321',1,'2012-11-20 19:35:00','Aalla Bhavna',1,'o','l','aallab',NULL,'yes',NULL,NULL,NULL),(670,'Bhavna','','Vijay','vijayb','F','670','name670gmail.com','IN','670','670','',1,'SD Service Delivery','B170','GO IN Country Programme Value Facture','U1734','VF - Wave','OGIN','GO India Operation','2','1900-01-01 00:00:00',1,'null,null,null',1,'emp','','contract',NULL,'1234567890','0987654321',1,'2012-11-20 19:35:00','Vijay Bhavna',1,'o','l','vijayb',NULL,'yes',NULL,NULL,NULL),(671,'Bhavya','','Putti','puttib','F','671','name671gmail.com','IN','671','671','',1,'T Technical','B120','GO IN Application Management','U1279','AIM -  Incident Management','OGIN','GO India Operation','3','1900-01-01 00:00:00',1,'null,null,null',1,'emp','','contract',NULL,'1234567890','0987654321',1,'2012-11-20 19:35:00','Putti Bhavya',1,'o','l','puttib',NULL,'yes',NULL,NULL,NULL),(672,'Bhavya Reddy','','Pappireddy','pappireddyb','F','672','name672gmail.com','IN','672','672','',1,'T Technical','B210','GO IN Professional Services','U1224','PS - Telecomms','OGIN','GO India Operation','3','1900-01-01 00:00:00',1,'null,null,null',1,'emp','','contract',NULL,'1234567890','0987654321',1,'2012-11-20 19:35:00','Pappireddy Bhavya Reddy',1,'o','l','pappireddyb',NULL,'yes',NULL,NULL,NULL),(673,'Bheerappa','','Kalasad','bheerappak','M','673','name673gmail.com','IN','673','673','',0,'','B210','GO IN Professional Services','U1222','PS - E&U','OGIN','GO India Operation','','1900-01-01 00:00:00',1,'null,null,null',1,'emp','','contract',NULL,'1234567890','0987654321',1,'2012-11-20 19:35:00','Kalasad Bheerappa',1,'o','l','bheerappak',NULL,'yes',NULL,NULL,NULL),(674,'Bhuneshwari','','Munisawmy','munisawmyb','F','674','name674gmail.com','IN','674','674','',2,'F Finance','B140','GO IN Business Process Outsourcing','U1402','BPO - F&A (OGIN B140 U1402)','OGIN','GO India Operation','10','1900-01-01 00:00:00',1,'null,null,null',1,'emp','','contract',NULL,'1234567890','0987654321',1,'2012-11-20 19:35:00','Munisawmy Bhuneshwari',1,'o','l','munisawmyb',NULL,'yes',NULL,NULL,NULL),(675,'Bhupendra','','Rawat','rawatb','M','675','name675gmail.com','IN','675','675','',2,'T Technical','B170','GO IN Country Programme Value Facture','U1734','VF - Wave','OGIN','GO India Operation','3','1900-01-01 00:00:00',1,'null,null,null',1,'emp','','contract',NULL,'1234567890','0987654321',1,'2012-11-20 19:35:00','Rawat Bhupendra',1,'o','l','rawatb',NULL,'yes',NULL,NULL,NULL),(676,'Bhupesh Arvind','','Kotkar','kotkarba','M','676','name676gmail.com','IN','676','676','',2,'T Technical','B160','GO IN Infrastructure Management','U1603','IM - Wintel (OGIN B160 U1603)','OGIN','GO India Operation','3','1900-01-01 00:00:00',1,'null,null,null',1,'emp','','contract',NULL,'1234567890','0987654321',1,'2012-11-20 19:35:00','Kotkar Bhupesh Arvind',1,'o','l','kotkarba',NULL,'yes',NULL,NULL,NULL),(678,'Bhushanam','','Kapireddy','kapireddyb','M','678','name678gmail.com','IN','678','678','',2,'SD Service Delivery','B210','GO IN Professional Services','U1228','PS - SIP Delivery Centre','OGIN','GO India Operation','2','1900-01-01 00:00:00',1,'null,null,null',1,'emp','','contract',NULL,'1234567890','0987654321',1,'2012-11-20 19:35:00','Kapireddy Bhushanam',1,'o','l','kapireddyb',NULL,'yes',NULL,NULL,NULL),(679,'Bhuvan','','Sarwate','sarwateb','M','679','name679gmail.com','IN','679','679','',2,'PD Project Delivery','B210','GO IN Professional Services','U1227','PS - India Domestic','OGIN','GO India Operation','1','1900-01-01 00:00:00',1,'null,null,null',1,'emp','','contract',NULL,'1234567890','0987654321',1,'2012-11-20 19:35:00','Sarwate Bhuvan',1,'o','l','sarwateb',NULL,'yes',NULL,NULL,NULL),(680,'Bhuvanasri','','Karthik','karthikb','F','680','name680gmail.com','IN','680','680','',1,'F Finance','B140','GO IN Business Process Outsourcing','U1402','BPO - F&A (OGIN B140 U1402)','OGIN','GO India Operation','10','1900-01-01 00:00:00',1,'null,null,null',1,'emp','','contract',NULL,'1234567890','0987654321',1,'2012-11-20 19:35:00','Karthik Bhuvanasri',1,'o','l','karthikb',NULL,'yes',NULL,NULL,NULL),(681,'Bhuvaneshwar','','Guheshwaraiah','guheshwaraiahbh','M','681','name681gmail.com','IN','681','681','',4,'F Finance','B110','GO IN Overheads','U1152','BSF - Finance','OGIN','GO India Operation','10','1900-01-01 00:00:00',1,'null,null,null',1,'emp','','contract',NULL,'1234567890','0987654321',1,'2012-11-20 19:35:00','Guheshwaraiah Bhuvaneshwar',1,'o','l','guheshwaraiahbh',NULL,'yes',NULL,NULL,NULL),(682,'Bhuvaneshwari','','Murthy','murthyb','F','682','name682gmail.com','IN','682','682','',1,'T Technical','B170','GO IN Country Programme Value Facture','U1735','VF - Graduate and Junior Prog','OGIN','GO India Operation','3','1900-01-01 00:00:00',1,'null,null,null',1,'emp','','contract',NULL,'1234567890','0987654321',1,'2012-11-20 19:35:00','Murthy Bhuvaneshwari',1,'o','l','murthyb',NULL,'yes',NULL,NULL,NULL),(683,'Bhuvaneshwari','','Thangavel','thangavelb','F','683','name683gmail.com','IN','683','683','',1,'T Technical','B170','GO IN Country Programme Value Facture','U1735','VF - Graduate and Junior Prog','OGIN','GO India Operation','3','1900-01-01 00:00:00',1,'null,null,null',1,'emp','','contract',NULL,'1234567890','0987654321',1,'2012-11-20 19:35:00','Thangavel Bhuvaneshwari',1,'o','l','thangavelb',NULL,'yes',NULL,NULL,NULL),(684,'Bhuvaneswari','','Janardhanam','janardhanamb','F','684','name684gmail.com','IN','684','684','',2,'PD Project Delivery','B210','GO IN Professional Services','U1225','PS - IDT Products','OGIN','GO India Operation','1','1900-01-01 00:00:00',1,'null,null,null',1,'emp','','contract',NULL,'1234567890','0987654321',1,'2012-11-20 19:35:00','Janardhanam Bhuvaneswari',1,'o','l','janardhanamb',NULL,'yes',NULL,NULL,NULL),(685,'Bibhas Kumar','','Dey','deyb','M','685','name685gmail.com','IN','685','685','',3,'BC Business Consultancy','B120','GO IN Application Management','U1279','AIM -  Incident Management','OGIN','GO India Operation','4','1900-01-01 00:00:00',1,'null,null,null',1,'emp','','contract',NULL,'1234567890','0987654321',1,'2012-11-20 19:35:00','Dey Bibhas Kumar',1,'o','l','deyb',NULL,'yes',NULL,NULL,NULL),(686,'Bibhuti Shankar','','Patel','patelbu','M','686','name686gmail.com','IN','686','686','',1,'T Technical','B210','GO IN Professional Services','U1222','PS - E&U','OGIN','GO India Operation','3','1900-01-01 00:00:00',1,'null,null,null',1,'emp','','contract',NULL,'1234567890','0987654321',1,'2012-11-20 19:35:00','Patel Bibhuti Shankar',1,'o','l','patelbu',NULL,'yes',NULL,NULL,NULL),(687,'BibhutiBhusan','','Swain','swainb','M','687','name687gmail.com','IN','687','687','',2,'PD Project Delivery','B210','GO IN Professional Services','U1225','PS - IDT Products','OGIN','GO India Operation','1','1900-01-01 00:00:00',1,'null,null,null',1,'emp','','contract',NULL,'1234567890','0987654321',1,'2012-11-20 19:35:00','Swain BibhutiBhusan',1,'o','l','swainb',NULL,'yes',NULL,NULL,NULL),(688,'Bibinu','','Ajith','ajithb','M','688','name688gmail.com','IN','688','688','',0,'','B160','GO IN Infrastructure Management','U1502','IM - Service Desk (OGIN B160 U1502)','OGIN','GO India Operation','','1900-01-01 00:00:00',1,'null,null,null',1,'emp','','contract',NULL,'1234567890','0987654321',1,'2012-11-20 19:35:00','Ajith Bibinu',1,'o','l','ajithb',NULL,'yes',NULL,NULL,NULL),(689,'Bidisha','','Rakshit','rakshitb','F','689','name689gmail.com','IN','689','689','',2,'SD Service Delivery','B210','GO IN Professional Services','U1222','PS - E&U','OGIN','GO India Operation','2','1900-01-01 00:00:00',1,'null,null,null',1,'emp','','contract',NULL,'1234567890','0987654321',1,'2012-11-20 19:35:00','Rakshit Bidisha',1,'o','l','rakshitb',NULL,'yes',NULL,NULL,NULL),(690,'Bijay','','Dash','dashb','M','690','name690gmail.com','IN','690','690','',2,'SD Service Delivery','B210','GO IN Professional Services','U1228','PS - SIP Delivery Centre','OGIN','GO India Operation','2','1900-01-01 00:00:00',1,'null,null,null',1,'emp','','contract',NULL,'1234567890','0987654321',1,'2012-11-20 19:35:00','Dash Bijay',1,'o','l','dashb',NULL,'yes',NULL,NULL,NULL),(691,'Bijay','','Nayak','nayakbi','M','691','name691gmail.com','IN','691','691','',2,'T Technical','B210','GO IN Professional Services','U1224','PS - Telecomms','OGIN','GO India Operation','3','1900-01-01 00:00:00',1,'null,null,null',1,'emp','','contract',NULL,'1234567890','0987654321',1,'2012-11-20 19:35:00','Nayak Bijay',1,'o','l','nayakbi',NULL,'yes',NULL,NULL,NULL),(692,'Bijaya Kumar','','Swain','swainbk','M','692','name692gmail.com','IN','692','692','',2,'SD Service Delivery','B120','GO IN Application Management','U1280','AEM -  Enhancement Management','OGIN','GO India Operation','2','1900-01-01 00:00:00',1,'null,null,null',1,'emp','','contract',NULL,'1234567890','0987654321',1,'2012-11-20 19:35:00','Swain Bijaya Kumar',1,'o','l','swainbk',NULL,'yes',NULL,NULL,NULL),(693,'Bijoy Ketan','','Swain','swainbi','M','693','name693gmail.com','IN','693','693','',2,'PD Project Delivery','B120','GO IN Application Management','U1279','AIM -  Incident Management','OGIN','GO India Operation','1','1900-01-01 00:00:00',1,'null,null,null',1,'emp','','contract',NULL,'1234567890','0987654321',1,'2012-11-20 19:35:00','Swain Bijoy Ketan',1,'o','l','swainbi',NULL,'yes',NULL,NULL,NULL),(694,'Biju','','Govindan','govindanb','M','694','name694gmail.com','IN','694','694','',3,'PD Project Delivery','B210','GO IN Professional Services','U1222','PS - E&U','OGIN','GO India Operation','1','1900-01-01 00:00:00',1,'null,null,null',1,'emp','','contract',NULL,'1234567890','0987654321',1,'2012-11-20 19:35:00','Govindan Biju',1,'o','l','govindanb',NULL,'yes',NULL,NULL,NULL),(695,'Biju','','Joseph','josephbi','M','695','name695gmail.com','IN','695','695','',2,'T Technical','B210','GO IN Professional Services','U1222','PS - E&U','OGIN','GO India Operation','3','1900-01-01 00:00:00',1,'null,null,null',1,'emp','','contract',NULL,'1234567890','0987654321',1,'2012-11-20 19:35:00','Joseph Biju',1,'o','l','josephbi',NULL,'yes',NULL,NULL,NULL),(696,'Biju','','Karthikeyan','karthikeyanb','M','696','name696gmail.com','IN','696','696','',1,'GM General Mgmt and Admin','B110','GO IN Overheads','U1103','BSF - Administration','OGIN','GO India Operation','7','1900-01-01 00:00:00',1,'null,null,null',1,'emp','','contract',NULL,'1234567890','0987654321',1,'2012-11-20 19:35:00','Karthikeyan Biju',1,'o','l','karthikeyanb',NULL,'yes',NULL,NULL,NULL),(697,'Biju','','Pappachan','pappachanb','M','697','name697gmail.com','IN','697','697','',2,'T Technical','B170','GO IN Country Programme Value Facture','U1734','VF - Wave','OGIN','GO India Operation','3','1900-01-01 00:00:00',1,'null,null,null',1,'emp','','contract',NULL,'1234567890','0987654321',1,'2012-11-20 19:35:00','Pappachan Biju',1,'o','l','pappachanb',NULL,'yes',NULL,NULL,NULL),(698,'Biju Gautham','','Vardhanapu','vardhanapub','M','698','name698gmail.com','IN','698','698','',1,'T Technical','B170','GO IN Country Programme Value Facture','U1734','VF - Wave','OGIN','GO India Operation','3','1900-01-01 00:00:00',1,'null,null,null',1,'emp','','contract',NULL,'1234567890','0987654321',1,'2012-11-20 19:35:00','Vardhanapu Biju Gautham',1,'o','l','vardhanapub',NULL,'yes',NULL,NULL,NULL),(699,'Bikramaditya','','Sharma','sharmabi','M','699','name699gmail.com','IN','699','699','',0,'','B110','GO IN Overheads','U1153','BSF - HR','OGIN','GO India Operation','','1900-01-01 00:00:00',1,'null,null,null',1,'emp','','contract',NULL,'1234567890','0987654321',1,'2012-11-20 19:35:00','Sharma Bikramaditya',1,'o','l','sharmabi',NULL,'yes',NULL,NULL,NULL),(700,'Bilin','','Mathew','mathewb','M','700','name700gmail.com','IN','700','700','',1,'F Finance','B140','GO IN Business Process Outsourcing','U1402','BPO - F&A (OGIN B140 U1402)','OGIN','GO India Operation','10','1900-01-01 00:00:00',1,'null,null,null',1,'emp','','contract',NULL,'1234567890','0987654321',1,'2012-11-20 19:35:00','Mathew Bilin',1,'o','l','mathewb',NULL,'yes',NULL,NULL,NULL),(701,'Bina','','Das','dasbi','F','701','name701gmail.com','IN','701','701','',1,'PD Project Delivery','B210','GO IN Professional Services','U1225','PS - IDT Products','OGIN','GO India Operation','1','1900-01-01 00:00:00',1,'null,null,null',1,'emp','','contract',NULL,'1234567890','0987654321',1,'2012-11-20 19:35:00','Das Bina',1,'o','l','dasbi',NULL,'yes',NULL,NULL,NULL),(702,'Binay','','Kumar','kumarbi','M','702','name702gmail.com','IN','702','702','',1,'T Technical','B210','GO IN Professional Services','U1227','PS - India Domestic','OGIN','GO India Operation','3','1900-01-01 00:00:00',1,'null,null,null',1,'emp','','contract',NULL,'1234567890','0987654321',1,'2012-11-20 19:35:00','Kumar Binay',1,'o','l','kumarbi',NULL,'yes',NULL,NULL,NULL),(703,'Bindhia','','Birla','birlab','F','703','name703gmail.com','IN','703','703','',2,'SD Service Delivery','B120','GO IN Application Management','U1279','AIM -  Incident Management','OGIN','GO India Operation','2','1900-01-01 00:00:00',1,'null,null,null',1,'emp','','contract',NULL,'1234567890','0987654321',1,'2012-11-20 19:35:00','Birla Bindhia',1,'o','l','birlab',NULL,'yes',NULL,NULL,NULL),(704,'Bindhu','','Vijeesh','vijeeshb','F','704','name704gmail.com','IN','704','704','',2,'PD Project Delivery','B120','GO IN Application Management','U1279','AIM -  Incident Management','OGIN','GO India Operation','1','1900-01-01 00:00:00',1,'null,null,null',1,'emp','','contract',NULL,'1234567890','0987654321',1,'2012-11-20 19:35:00','Vijeesh Bindhu',1,'o','l','vijeeshb',NULL,'yes',NULL,NULL,NULL),(705,'Bindiya','','Supreeth Budhya','supreethbudhyab','F','705','name705gmail.com','IN','705','705','',2,'PD Project Delivery','B160','GO IN Infrastructure Management','U1607','IM - Project Management','OGIN','GO India Operation','1','1900-01-01 00:00:00',1,'null,null,null',1,'emp','','contract',NULL,'1234567890','0987654321',1,'2012-11-20 19:35:00','Supreeth Budhya Bindiya',1,'o','l','supreethbudhyab',NULL,'yes',NULL,NULL,NULL),(706,'Bindumathi','','Shivaraj','shivarajb','F','706','name706gmail.com','IN','706','706','',1,'T Technical','B170','GO IN Country Programme Value Facture','U1734','VF - Wave','OGIN','GO India Operation','3','1900-01-01 00:00:00',1,'null,null,null',1,'emp','','contract',NULL,'1234567890','0987654321',1,'2012-11-20 19:35:00','Shivaraj Bindumathi',1,'o','l','shivarajb',NULL,'yes',NULL,NULL,NULL),(707,'Binita','','J','jb','F','707','name707gmail.com','IN','707','707','',1,'SD Service Delivery','B210','GO IN Professional Services','U1223','PS - Financial Srvcs','OGIN','GO India Operation','2','1900-01-01 00:00:00',1,'null,null,null',1,'emp','','contract',NULL,'1234567890','0987654321',1,'2012-11-20 19:35:00','J Binita',1,'o','l','jb',NULL,'yes',NULL,NULL,NULL),(708,'Binoj','','George','georgeb','M','708','name708gmail.com','IN','708','708','',2,'PD Project Delivery','B120','GO IN Application Management','U1279','AIM -  Incident Management','OGIN','GO India Operation','1','1900-01-01 00:00:00',1,'null,null,null',1,'emp','','contract',NULL,'1234567890','0987654321',1,'2012-11-20 19:35:00','George Binoj',1,'o','l','georgeb',NULL,'yes',NULL,NULL,NULL),(709,'Binoy','','Jaiswal','jaiswalb','M','709','name709gmail.com','IN','709','709','',0,'','B120','GO IN Application Management','U1272','AMES - Java (OGIN B120 U1272)','OGIN','GO India Operation','','1900-01-01 00:00:00',1,'null,null,null',1,'emp','','contract',NULL,'1234567890','0987654321',1,'2012-11-20 19:35:00','Jaiswal Binoy',1,'o','l','jaiswalb',NULL,'yes',NULL,NULL,NULL),(710,'Binto','','Scaria','scariab','M','710','name710gmail.com','IN','710','710','',1,'F Finance','B140','GO IN Business Process Outsourcing','U1402','BPO - F&A (OGIN B140 U1402)','OGIN','GO India Operation','10','1900-01-01 00:00:00',1,'null,null,null',1,'emp','','contract',NULL,'1234567890','0987654321',1,'2012-11-20 19:35:00','Scaria Binto',1,'o','l','scariab',NULL,'yes',NULL,NULL,NULL),(711,'Binu','','Rajagopal','rajagopalb','M','711','name711gmail.com','IN','711','711','',3,'T Technical','B210','GO IN Professional Services','U1221','PS - Central','OGIN','GO India Operation','3','1900-01-01 00:00:00',1,'null,null,null',1,'emp','','contract',NULL,'1234567890','0987654321',1,'2012-11-20 19:35:00','Rajagopal Binu',1,'o','l','rajagopalb',NULL,'yes',NULL,NULL,NULL),(712,'Binu PC','','Nair','nairb','M','712','name712gmail.com','IN','712','712','',3,'BC Business Consultancy','B160','GO IN Infrastructure Management','U1617','IM - Presales & Bid Support','OGIN','GO India Operation','4','1900-01-01 00:00:00',1,'null,null,null',1,'emp','','contract',NULL,'1234567890','0987654321',1,'2012-11-20 19:35:00','Nair Binu PC',1,'o','l','nairb',NULL,'yes',NULL,NULL,NULL),(713,'Biraj Mohan','','Mukherjee','mukherjeeb','M','713','name713gmail.com','IN','713','713','',1,'SD Service Delivery','B120','GO IN Application Management','U1279','AIM -  Incident Management','OGIN','GO India Operation','2','1900-01-01 00:00:00',1,'null,null,null',1,'emp','','contract',NULL,'1234567890','0987654321',1,'2012-11-20 19:35:00','Mukherjee Biraj Mohan',1,'o','l','mukherjeeb',NULL,'yes',NULL,NULL,NULL),(714,'Birendra','','Acharya','acharyab','M','714','name714gmail.com','IN','714','714','',2,'T Technical','B210','GO IN Professional Services','U1225','PS - IDT Products','OGIN','GO India Operation','3','1900-01-01 00:00:00',1,'null,null,null',1,'emp','','contract',NULL,'1234567890','0987654321',1,'2012-11-20 19:35:00','Acharya Birendra',1,'o','l','acharyab',NULL,'yes',NULL,NULL,NULL),(715,'Biswabondhu','','Bose','boseb','M','715','name715gmail.com','IN','715','715','',2,'PD Project Delivery','B210','GO IN Professional Services','U1224','PS - Telecomms','OGIN','GO India Operation','1','1900-01-01 00:00:00',1,'null,null,null',1,'emp','','contract',NULL,'1234567890','0987654321',1,'2012-11-20 19:35:00','Bose Biswabondhu',1,'o','l','boseb',NULL,'yes',NULL,NULL,NULL),(716,'Biswajith','','Gokuldas','gokuldasb','M','716','name716gmail.com','IN','716','716','',2,'SD Service Delivery','B120','GO IN Application Management','U1280','AEM -  Enhancement Management','OGIN','GO India Operation','2','1900-01-01 00:00:00',1,'null,null,null',1,'emp','','contract',NULL,'1234567890','0987654321',1,'2012-11-20 19:35:00','Gokuldas Biswajith',1,'o','l','gokuldasb',NULL,'yes',NULL,NULL,NULL),(717,'Blessy Elizabeth','','Saini','sainib','F','717','name717gmail.com','IN','717','717','',1,'T Technical','B210','GO IN Professional Services','U1226','PS - DICE','OGIN','GO India Operation','3','1900-01-01 00:00:00',1,'null,null,null',1,'emp','','contract',NULL,'1234567890','0987654321',1,'2012-11-20 19:35:00','Saini Blessy Elizabeth',1,'o','l','sainib',NULL,'yes',NULL,NULL,NULL),(718,'BlrComp','','Support','supportbl','M','718','name718gmail.com','IN','718','718','',0,'','B110','GO IN Overheads','U1153','BSF - HR','OGIN','GO India Operation','','1900-01-01 00:00:00',1,'null,null,null',1,'emp','','contract',NULL,'1234567890','0987654321',1,'2012-11-20 19:35:00','Support BlrComp',1,'o','l','supportbl',NULL,'yes',NULL,NULL,NULL),(719,'BLRRecruitment','','Support','supportb','M','719','name719gmail.com','IN','719','719','',0,'','B110','GO IN Overheads','U1153','BSF - HR','OGIN','GO India Operation','','1900-01-01 00:00:00',1,'null,null,null',1,'emp','','contract',NULL,'1234567890','0987654321',1,'2012-11-20 19:35:00','Support BLRRecruitment',1,'o','l','supportb',NULL,'yes',NULL,NULL,NULL),(720,'Bose Samuel','','Sundararaj','sundararajb','M','720','name720gmail.com','IN','720','720','',1,'PD Project Delivery','B210','GO IN Professional Services','U1222','PS - E&U','OGIN','GO India Operation','1','1900-01-01 00:00:00',1,'null,null,null',1,'emp','','contract',NULL,'1234567890','0987654321',1,'2012-11-20 19:35:00','Sundararaj Bose Samuel',1,'o','l','sundararajb',NULL,'yes',NULL,NULL,NULL),(721,'Brahmam','','Rayala','rayalab','M','721','name721gmail.com','IN','721','721','',2,'SD Service Delivery','B120','GO IN Application Management','U1279','AIM -  Incident Management','OGIN','GO India Operation','2','1900-01-01 00:00:00',1,'null,null,null',1,'emp','','contract',NULL,'1234567890','0987654321',1,'2012-11-20 19:35:00','Rayala Brahmam',1,'o','l','rayalab',NULL,'yes',NULL,NULL,NULL),(722,'Brajesh','','Bourase','bouraseb','M','722','name722gmail.com','IN','722','722','',2,'T Technical','B210','GO IN Professional Services','U1222','PS - E&U','OGIN','GO India Operation','3','1900-01-01 00:00:00',1,'null,null,null',1,'emp','','contract',NULL,'1234567890','0987654321',1,'2012-11-20 19:35:00','Bourase Brajesh',1,'o','l','bouraseb',NULL,'yes',NULL,NULL,NULL),(723,'Brajesh','','Kumar','kumarbr','M','723','name723gmail.com','IN','723','723','',2,'PD Project Delivery','B120','GO IN Application Management','U1279','AIM -  Incident Management','OGIN','GO India Operation','1','1900-01-01 00:00:00',1,'null,null,null',1,'emp','','contract',NULL,'1234567890','0987654321',1,'2012-11-20 19:35:00','Kumar Brajesh',1,'o','l','kumarbr',NULL,'yes',NULL,NULL,NULL),(724,'Brajesh Kumar','','Raman','ramanbk','M','724','name724gmail.com','IN','724','724','',1,'SD Service Delivery','B120','GO IN Application Management','U1279','AIM -  Incident Management','OGIN','GO India Operation','2','1900-01-01 00:00:00',1,'null,null,null',1,'emp','','contract',NULL,'1234567890','0987654321',1,'2012-11-20 19:35:00','Raman Brajesh Kumar',1,'o','l','ramanbk',NULL,'yes',NULL,NULL,NULL),(725,'Brijesh','','Gupta','guptab','M','725','name725gmail.com','IN','725','725','',2,'T Technical','B120','GO IN Application Management','U1280','AEM -  Enhancement Management','OGIN','GO India Operation','3','1900-01-01 00:00:00',1,'null,null,null',1,'emp','','contract',NULL,'1234567890','0987654321',1,'2012-11-20 19:35:00','Gupta Brijesh',1,'o','l','guptab',NULL,'yes',NULL,NULL,NULL),(726,'Brunda','','Gubbichikkannanapalya Palanetraiah','gubbichikkannanapalb','F','726','name726gmail.com','IN','726','726','',1,'T Technical','B120','GO IN Application Management','U1281','ATM - Test Management','OGIN','GO India Operation','3','1900-01-01 00:00:00',1,'null,null,null',1,'emp','','contract',NULL,'1234567890','0987654321',1,'2012-11-20 19:35:00','Gubbichikkannanapalya Palanetraiah Brunda',1,'o','l','gubbichikkannanapalb',NULL,'yes',NULL,NULL,NULL),(727,'Brundaban','','Sahoo','sahoob','M','727','name727gmail.com','IN','727','727','',0,'','B110','GO IN Overheads','U1103','BSF - Administration','OGIN','GO India Operation','','1900-01-01 00:00:00',1,'null,null,null',1,'emp','','contract',NULL,'1234567890','0987654321',1,'2012-11-20 19:35:00','Sahoo Brundaban',1,'o','l','sahoob',NULL,'yes',NULL,NULL,NULL),(728,'Byju','','Joseph','josephb','M','728','name728gmail.com','IN','728','728','',2,'PD Project Delivery','B210','GO IN Professional Services','U1222','PS - E&U','OGIN','GO India Operation','1','1900-01-01 00:00:00',1,'null,null,null',1,'emp','','contract',NULL,'1234567890','0987654321',1,'2012-11-20 19:35:00','Joseph Byju',1,'o','l','josephb',NULL,'yes',NULL,NULL,NULL),(729,'Caroline','','Amala','amalac','F','729','name729gmail.com','IN','729','729','',1,'T Technical','B160','GO IN Infrastructure Management','U1504','IM - Client Services','OGIN','GO India Operation','3','1900-01-01 00:00:00',1,'null,null,null',1,'emp','','contract',NULL,'1234567890','0987654321',1,'2012-11-20 19:35:00','Amala Caroline',1,'o','l','amalac',NULL,'yes',NULL,NULL,NULL),(730,'Catherine','','Augustine','augustinec','F','730','name730gmail.com','IN','730','730','',1,'PD Project Delivery','B210','GO IN Professional Services','U1225','PS - IDT Products','OGIN','GO India Operation','1','1900-01-01 00:00:00',1,'null,null,null',1,'emp','','contract',NULL,'1234567890','0987654321',1,'2012-11-20 19:35:00','Augustine Catherine',1,'o','l','augustinec',NULL,'yes',NULL,NULL,NULL),(731,'Cavin','','Misao','misaoc','M','731','name731gmail.com','IN','731','731','',1,'SD Service Delivery','B120','GO IN Application Management','U1279','AIM -  Incident Management','OGIN','GO India Operation','2','1900-01-01 00:00:00',1,'null,null,null',1,'emp','','contract',NULL,'1234567890','0987654321',1,'2012-11-20 19:35:00','Misao Cavin',1,'o','l','misaoc',NULL,'yes',NULL,NULL,NULL),(732,'Cecil Michael Britto','','John Britto','johnbrittoc','M','732','name732gmail.com','IN','732','732','',0,'','B110','GO IN Overheads','U1153','BSF - HR','OGIN','GO India Operation','','1900-01-01 00:00:00',1,'null,null,null',1,'emp','','contract',NULL,'1234567890','0987654321',1,'2012-11-20 19:35:00','John Britto Cecil Michael Britto',1,'o','l','johnbrittoc',NULL,'yes',NULL,NULL,NULL),(733,'Chadhurya','','Srinivas','srinivasc','F','733','name733gmail.com','IN','733','733','',1,'T Technical','B120','GO IN Application Management','U1279','AIM -  Incident Management','OGIN','GO India Operation','3','1900-01-01 00:00:00',1,'null,null,null',1,'emp','','contract',NULL,'1234567890','0987654321',1,'2012-11-20 19:35:00','Srinivas Chadhurya',1,'o','l','srinivasc',NULL,'yes',NULL,NULL,NULL),(734,'Chaitanya Kumari','','Bala','balac','F','734','name734gmail.com','IN','734','734','',1,'PD Project Delivery','B170','GO IN Country Programme Value Facture','U1734','VF - Wave','OGIN','GO India Operation','1','1900-01-01 00:00:00',1,'null,null,null',1,'emp','','contract',NULL,'1234567890','0987654321',1,'2012-11-20 19:35:00','Bala Chaitanya Kumari',1,'o','l','balac',NULL,'yes',NULL,NULL,NULL),(735,'Chaithanya','','MirleKantharaju','mirlekantharajuc','M','735','name735gmail.com','IN','735','735','',2,'SD Service Delivery','B120','GO IN Application Management','U1280','AEM -  Enhancement Management','OGIN','GO India Operation','2','1900-01-01 00:00:00',1,'null,null,null',1,'emp','','contract',NULL,'1234567890','0987654321',1,'2012-11-20 19:35:00','MirleKantharaju Chaithanya',1,'o','l','mirlekantharajuc',NULL,'yes',NULL,NULL,NULL),(736,'Chaithanya Reddy Krishna','','Nallaballe','nallaballec','M','736','name736gmail.com','IN','736','736','',1,'SD Service Delivery','B120','GO IN Application Management','U1279','AIM -  Incident Management','OGIN','GO India Operation','2','1900-01-01 00:00:00',1,'null,null,null',1,'emp','','contract',NULL,'1234567890','0987654321',1,'2012-11-20 19:35:00','Nallaballe Chaithanya Reddy Krishna',1,'o','l','nallaballec',NULL,'yes',NULL,NULL,NULL),(737,'Chaitra','','S','sca','F','737','name737gmail.com','IN','737','737','',1,'T Technical','B210','GO IN Professional Services','U1224','PS - Telecomms','OGIN','GO India Operation','3','1900-01-01 00:00:00',1,'null,null,null',1,'emp','','contract',NULL,'1234567890','0987654321',1,'2012-11-20 19:35:00','S Chaitra',1,'o','l','sca',NULL,'yes',NULL,NULL,NULL),(738,'Chaitra','','V Rai','vraic','F','738','name738gmail.com','IN','738','738','',2,'T Technical','B210','GO IN Professional Services','U1223','PS - Financial Srvcs','OGIN','GO India Operation','3','1900-01-01 00:00:00',1,'null,null,null',1,'emp','','contract',NULL,'1234567890','0987654321',1,'2012-11-20 19:35:00','V Rai Chaitra',1,'o','l','vraic',NULL,'yes',NULL,NULL,NULL),(739,'Chakkravarthy','','Manickam','manickamc','M','739','name739gmail.com','IN','739','739','',0,'','B110','GO IN Overheads','U1103','BSF - Administration','OGIN','GO India Operation','','1900-01-01 00:00:00',1,'null,null,null',1,'emp','','contract',NULL,'1234567890','0987654321',1,'2012-11-20 19:35:00','Manickam Chakkravarthy',1,'o','l','manickamc',NULL,'yes',NULL,NULL,NULL),(740,'Chakravarthy','','Lingineni','linginenic','M','740','name740gmail.com','IN','740','740','',1,'T Technical','B210','GO IN Professional Services','U1222','PS - E&U','OGIN','GO India Operation','3','1900-01-01 00:00:00',1,'null,null,null',1,'emp','','contract',NULL,'1234567890','0987654321',1,'2012-11-20 19:35:00','Lingineni Chakravarthy',1,'o','l','linginenic',NULL,'yes',NULL,NULL,NULL),(741,'Chakravarthy','','Sankaranarayanan','sankaranarayanansh','M','741','name741gmail.com','IN','741','741','',0,'','B160','GO IN Infrastructure Management','U1605','IM - Distributed Srvcs (OGIN B160 U1605)','OGIN','GO India Operation','','1900-01-01 00:00:00',1,'null,null,null',1,'emp','','contract',NULL,'1234567890','0987654321',1,'2012-11-20 19:35:00','Sankaranarayanan Chakravarthy',1,'o','l','sankaranarayanansh',NULL,'yes',NULL,NULL,NULL),(742,'Chanakya','','Jayabalan','jayabalanc','M','742','name742gmail.com','IN','742','742','',2,'PD Project Delivery','B210','GO IN Professional Services','U1222','PS - E&U','OGIN','GO India Operation','1','1900-01-01 00:00:00',1,'null,null,null',1,'emp','','contract',NULL,'1234567890','0987654321',1,'2012-11-20 19:35:00','Jayabalan Chanakya',1,'o','l','jayabalanc',NULL,'yes',NULL,NULL,NULL),(743,'Chandan','','Javaregowda','javaregowdac','M','743','name743gmail.com','IN','743','743','',1,'T Technical','B210','GO IN Professional Services','U1222','PS - E&U','OGIN','GO India Operation','3','1900-01-01 00:00:00',1,'null,null,null',1,'emp','','contract',NULL,'1234567890','0987654321',1,'2012-11-20 19:35:00','Javaregowda Chandan',1,'o','l','javaregowdac',NULL,'yes',NULL,NULL,NULL),(744,'Chandan','','Kumar','kumarcn','M','744','name744gmail.com','IN','744','744','',1,'T Technical','B210','GO IN Professional Services','U1224','PS - Telecomms','OGIN','GO India Operation','3','1900-01-01 00:00:00',1,'null,null,null',1,'emp','','contract',NULL,'1234567890','0987654321',1,'2012-11-20 19:35:00','Kumar Chandan',1,'o','l','kumarcn',NULL,'yes',NULL,NULL,NULL),(745,'Chandan Heggadde','','Nanje','nanjec','M','745','name745gmail.com','IN','745','745','',1,'SD Service Delivery','B120','GO IN Application Management','U1279','AIM -  Incident Management','OGIN','GO India Operation','2','1900-01-01 00:00:00',1,'null,null,null',1,'emp','','contract',NULL,'1234567890','0987654321',1,'2012-11-20 19:35:00','Nanje Chandan Heggadde',1,'o','l','nanjec',NULL,'yes',NULL,NULL,NULL),(746,'Chandan Kumar','','Srivastava','srivastavac','M','746','name746gmail.com','IN','746','746','',1,'PD Project Delivery','B210','GO IN Professional Services','U1225','PS - IDT Products','OGIN','GO India Operation','1','1900-01-01 00:00:00',1,'null,null,null',1,'emp','','contract',NULL,'1234567890','0987654321',1,'2012-11-20 19:35:00','Srivastava Chandan Kumar',1,'o','l','srivastavac',NULL,'yes',NULL,NULL,NULL),(747,'Chandana','','Rayapudi','rayapudic','F','747','name747gmail.com','IN','747','747','',0,'','B210','GO IN Professional Services','U1223','PS - Financial Srvcs','OGIN','GO India Operation','','1900-01-01 00:00:00',1,'null,null,null',1,'emp','','contract',NULL,'1234567890','0987654321',1,'2012-11-20 19:35:00','Rayapudi Chandana',1,'o','l','rayapudic',NULL,'yes',NULL,NULL,NULL),(748,'Chandhini','','Coimbatore Venkatasubramanian','coimbatorec','F','748','name748gmail.com','IN','748','748','',1,'T Technical','B170','GO IN Country Programme Value Facture','U1735','VF - Graduate and Junior Prog','OGIN','GO India Operation','3','1900-01-01 00:00:00',1,'null,null,null',1,'emp','','contract',NULL,'1234567890','0987654321',1,'2012-11-20 19:35:00','Coimbatore Venkatasubramanian Chandhini',1,'o','l','coimbatorec',NULL,'yes',NULL,NULL,NULL),(749,'Chandirashekar','','Rajaraman','rajaramanc','M','749','name749gmail.com','IN','749','749','',1,'SD Service Delivery','B120','GO IN Application Management','U1281','ATM - Test Management','OGIN','GO India Operation','2','1900-01-01 00:00:00',1,'null,null,null',1,'emp','','contract',NULL,'1234567890','0987654321',1,'2012-11-20 19:35:00','Rajaraman Chandirashekar',1,'o','l','rajaramanc',NULL,'yes',NULL,NULL,NULL),(750,'Chandra','','Kakarla','kakarlac','M','750','name750gmail.com','IN','750','750','',1,'T Technical','B210','GO IN Professional Services','U1222','PS - E&U','OGIN','GO India Operation','3','1900-01-01 00:00:00',1,'null,null,null',1,'emp','','contract',NULL,'1234567890','0987654321',1,'2012-11-20 19:35:00','Kakarla Chandra',1,'o','l','kakarlac',NULL,'yes',NULL,NULL,NULL),(751,'Chandra','','Kishore','kishorec','M','751','name751gmail.com','IN','751','751','',1,'PD Project Delivery','B210','GO IN Professional Services','U1224','PS - Telecomms','OGIN','GO India Operation','1','1900-01-01 00:00:00',1,'null,null,null',1,'emp','','contract',NULL,'1234567890','0987654321',1,'2012-11-20 19:35:00','Kishore Chandra',1,'o','l','kishorec',NULL,'yes',NULL,NULL,NULL),(752,'Chandra','','Shilpa','shilpac','F','752','name752gmail.com','IN','752','752','',1,'HR Human Resources','B140','GO IN Business Process Outsourcing','U1404','BPO - HR/payroll srvcs (OGIN B140 U1404)','OGIN','GO India Operation','8','1900-01-01 00:00:00',1,'null,null,null',1,'emp','','contract',NULL,'1234567890','0987654321',1,'2012-11-20 19:35:00','Shilpa Chandra',1,'o','l','shilpac',NULL,'yes',NULL,NULL,NULL),(753,'Chandra Mohan','','Samuel','samuelcm','M','753','name753gmail.com','IN','753','753','',2,'T Technical','B210','GO IN Professional Services','U1224','PS - Telecomms','OGIN','GO India Operation','3','1900-01-01 00:00:00',1,'null,null,null',1,'emp','','contract',NULL,'1234567890','0987654321',1,'2012-11-20 19:35:00','Samuel Chandra Mohan',1,'o','l','samuelcm',NULL,'yes',NULL,NULL,NULL),(754,'Chandra Ranganath','','Shekar','shekarcr','M','754','name754gmail.com','IN','754','754','',0,'','B140','GO IN Business Process Outsourcing','U1403','BPO - Procurement','OGIN','GO India Operation','','1900-01-01 00:00:00',1,'null,null,null',1,'emp','','contract',NULL,'1234567890','0987654321',1,'2012-11-20 19:35:00','Shekar Chandra Ranganath',1,'o','l','shekarcr',NULL,'yes',NULL,NULL,NULL),(755,'Chandra Sekhar','','Jangala','jangalac','M','755','name755gmail.com','IN','755','755','',2,'PD Project Delivery','B120','GO IN Application Management','U1279','AIM -  Incident Management','OGIN','GO India Operation','1','1900-01-01 00:00:00',1,'null,null,null',1,'emp','','contract',NULL,'1234567890','0987654321',1,'2012-11-20 19:35:00','Jangala Chandra Sekhar',1,'o','l','jangalac',NULL,'yes',NULL,NULL,NULL),(756,'Chandra Sekhar','','Komma','kommac','M','756','name756gmail.com','IN','756','756','',2,'T Technical','B120','GO IN Application Management','U1281','ATM - Test Management','OGIN','GO India Operation','3','1900-01-01 00:00:00',1,'null,null,null',1,'emp','','contract',NULL,'1234567890','0987654321',1,'2012-11-20 19:35:00','Komma Chandra Sekhar',1,'o','l','kommac',NULL,'yes',NULL,NULL,NULL),(757,'Chandra Sekhar','','Kota','kotac','M','757','name757gmail.com','IN','757','757','',1,'SD Service Delivery','B160','GO IN Infrastructure Management','U1602','IM - Telecomms','OGIN','GO India Operation','2','1900-01-01 00:00:00',1,'null,null,null',1,'emp','','contract',NULL,'1234567890','0987654321',1,'2012-11-20 19:35:00','Kota Chandra Sekhar',1,'o','l','kotac',NULL,'yes',NULL,NULL,NULL),(758,'Chandra Sekhar','','Nandamuri','nandamuric','M','758','name758gmail.com','IN','758','758','',1,'T Technical','B120','GO IN Application Management','U1279','AIM -  Incident Management','OGIN','GO India Operation','3','1900-01-01 00:00:00',1,'null,null,null',1,'emp','','contract',NULL,'1234567890','0987654321',1,'2012-11-20 19:35:00','Nandamuri Chandra Sekhar',1,'o','l','nandamuric',NULL,'yes',NULL,NULL,NULL),(759,'Chandra Sekhar','','Pasupuleti','pasupuletic','M','759','name759gmail.com','IN','759','759','',2,'PD Project Delivery','B210','GO IN Professional Services','U1223','PS - Financial Srvcs','OGIN','GO India Operation','1','1900-01-01 00:00:00',1,'null,null,null',1,'emp','','contract',NULL,'1234567890','0987654321',1,'2012-11-20 19:35:00','Pasupuleti Chandra Sekhar',1,'o','l','pasupuletic',NULL,'yes',NULL,NULL,NULL),(760,'Chandra Sekhar','','Velamuri','velamuric','M','760','name760gmail.com','IN','760','760','',2,'SD Service Delivery','B120','GO IN Application Management','U1281','ATM - Test Management','OGIN','GO India Operation','2','1900-01-01 00:00:00',1,'null,null,null',1,'emp','','contract',NULL,'1234567890','0987654321',1,'2012-11-20 19:35:00','Velamuri Chandra Sekhar',1,'o','l','velamuric',NULL,'yes',NULL,NULL,NULL),(761,'Chandrababu','','Muthukoori','muthukooric','M','761','name761gmail.com','IN','761','761','',1,'SD Service Delivery','B210','GO IN Professional Services','U1225','PS - IDT Products','OGIN','GO India Operation','2','1900-01-01 00:00:00',1,'null,null,null',1,'emp','','contract',NULL,'1234567890','0987654321',1,'2012-11-20 19:35:00','Muthukoori Chandrababu',1,'o','l','muthukooric',NULL,'yes',NULL,NULL,NULL),(762,'ChandraKaladhar','','Reddy','reddyc','M','762','name762gmail.com','IN','762','762','',3,'PD Project Delivery','B800','OS IN Global Overheads','U8001','OS - Central cost','OOIN','OS India Operation','1','1900-01-01 00:00:00',1,'null,null,null',1,'emp','','contract',NULL,'1234567890','0987654321',1,'2012-11-20 19:35:00','Reddy ChandraKaladhar',1,'o','l','reddyc',NULL,'yes',NULL,NULL,NULL),(763,'Chandrakantha','','Venkatappa','venkatappac','M','763','name763gmail.com','IN','763','763','',0,'','B160','GO IN Infrastructure Management','U1502','IM - Service Desk (OGIN B160 U1502)','OGIN','GO India Operation','','1900-01-01 00:00:00',1,'null,null,null',1,'emp','','contract',NULL,'1234567890','0987654321',1,'2012-11-20 19:35:00','Venkatappa Chandrakantha',1,'o','l','venkatappac',NULL,'yes',NULL,NULL,NULL),(764,'Chandramohan','','Kesavan','kesavanc','M','764','name764gmail.com','IN','764','764','',2,'T Technical','B120','GO IN Application Management','U1280','AEM -  Enhancement Management','OGIN','GO India Operation','3','1900-01-01 00:00:00',1,'null,null,null',1,'emp','','contract',NULL,'1234567890','0987654321',1,'2012-11-20 19:35:00','Kesavan Chandramohan',1,'o','l','kesavanc',NULL,'yes',NULL,NULL,NULL),(765,'Chandramouli','','Viswanathan','viswanathanc','M','765','name765gmail.com','IN','765','765','',1,'SD Service Delivery','B120','GO IN Application Management','U1279','AIM -  Incident Management','OGIN','GO India Operation','2','1900-01-01 00:00:00',1,'null,null,null',1,'emp','','contract',NULL,'1234567890','0987654321',1,'2012-11-20 19:35:00','Viswanathan Chandramouli',1,'o','l','viswanathanc',NULL,'yes',NULL,NULL,NULL),(766,'Chandran','','Shanmugam','shanmugamc','M','766','name766gmail.com','IN','766','766','',2,'SD Service Delivery','B120','GO IN Application Management','U1279','AIM -  Incident Management','OGIN','GO India Operation','2','1900-01-01 00:00:00',1,'null,null,null',1,'emp','','contract',NULL,'1234567890','0987654321',1,'2012-11-20 19:35:00','Shanmugam Chandran',1,'o','l','shanmugamc',NULL,'yes',NULL,NULL,NULL),(767,'Chandran Sukumar','','Sudarsanam','sudarsanamc','M','767','name767gmail.com','IN','767','767','',2,'HR Human Resources','B110','GO IN Overheads','U1161','BSF- Resourcing','OGIN','GO India Operation','8','1900-01-01 00:00:00',1,'null,null,null',1,'emp','','contract',NULL,'1234567890','0987654321',1,'2012-11-20 19:35:00','Sudarsanam Chandran Sukumar',1,'o','l','sudarsanamc',NULL,'yes',NULL,NULL,NULL),(768,'Chandrasekar','','Ramasamy','ramasamyc','M','768','name768gmail.com','IN','768','768','',2,'T Technical','B210','GO IN Professional Services','U1225','PS - IDT Products','OGIN','GO India Operation','3','1900-01-01 00:00:00',1,'null,null,null',1,'emp','','contract',NULL,'1234567890','0987654321',1,'2012-11-20 19:35:00','Ramasamy Chandrasekar',1,'o','l','ramasamyc',NULL,'yes',NULL,NULL,NULL),(769,'Chandrasekaran','','Jayaraman','jayaramanc','M','769','name769gmail.com','IN','769','769','',1,'SD Service Delivery','B120','GO IN Application Management','U1280','AEM -  Enhancement Management','OGIN','GO India Operation','2','1900-01-01 00:00:00',1,'null,null,null',1,'emp','','contract',NULL,'1234567890','0987654321',1,'2012-11-20 19:35:00','Jayaraman Chandrasekaran',1,'o','l','jayaramanc',NULL,'yes',NULL,NULL,NULL),(770,'Chandrasekaran','','RajaSekaran','rajasekaranc','M','770','name770gmail.com','IN','770','770','',1,'F Finance','B140','GO IN Business Process Outsourcing','U1402','BPO - F&A (OGIN B140 U1402)','OGIN','GO India Operation','10','1900-01-01 00:00:00',1,'null,null,null',1,'emp','','contract',NULL,'1234567890','0987654321',1,'2012-11-20 19:35:00','RajaSekaran Chandrasekaran',1,'o','l','rajasekaranc',NULL,'yes',NULL,NULL,NULL),(771,'Chandrasekaran','','Sundramurthy','sundramurthyc','M','771','name771gmail.com','IN','771','771','',2,'T Technical','B210','GO IN Professional Services','U1222','PS - E&U','OGIN','GO India Operation','3','1900-01-01 00:00:00',1,'null,null,null',1,'emp','','contract',NULL,'1234567890','0987654321',1,'2012-11-20 19:35:00','Sundramurthy Chandrasekaran',1,'o','l','sundramurthyc',NULL,'yes',NULL,NULL,NULL),(772,'Chandrasekaran Catteri','','Nageswaran','nageswaranc','M','772','name772gmail.com','IN','772','772','',2,'PD Project Delivery','B120','GO IN Application Management','U1280','AEM -  Enhancement Management','OGIN','GO India Operation','1','1900-01-01 00:00:00',1,'null,null,null',1,'emp','','contract',NULL,'1234567890','0987654321',1,'2012-11-20 19:35:00','Nageswaran Chandrasekaran Catteri',1,'o','l','nageswaranc',NULL,'yes',NULL,NULL,NULL),(773,'Chandrasekhar','','Ganta','gantac','M','773','name773gmail.com','IN','773','773','',1,'T Technical','B210','GO IN Professional Services','U1227','PS - India Domestic','OGIN','GO India Operation','3','1900-01-01 00:00:00',1,'null,null,null',1,'emp','','contract',NULL,'1234567890','0987654321',1,'2012-11-20 19:35:00','Ganta Chandrasekhar',1,'o','l','gantac',NULL,'yes',NULL,NULL,NULL),(774,'Chandrasekhar','','Rath','rathc','M','774','name774gmail.com','IN','774','774','',2,'T Technical','B210','GO IN Professional Services','U1222','PS - E&U','OGIN','GO India Operation','3','1900-01-01 00:00:00',1,'null,null,null',1,'emp','','contract',NULL,'1234567890','0987654321',1,'2012-11-20 19:35:00','Rath Chandrasekhar',1,'o','l','rathc',NULL,'yes',NULL,NULL,NULL),(775,'Chandrashekar','','Belur','belurc','M','775','name775gmail.com','IN','775','775','',2,'SD Service Delivery','B210','GO IN Professional Services','U1223','PS - Financial Srvcs','OGIN','GO India Operation','2','1900-01-01 00:00:00',1,'null,null,null',1,'emp','','contract',NULL,'1234567890','0987654321',1,'2012-11-20 19:35:00','Belur Chandrashekar',1,'o','l','belurc',NULL,'yes',NULL,NULL,NULL),(776,'Chandrashekar','','Guntury','gunturyc','M','776','name776gmail.com','IN','776','776','',4,'SAM Sales and Account Mgmt','B800','OS IN Global Overheads','U8001','OS - Central cost','OOIN','OS India Operation','6','1900-01-01 00:00:00',1,'null,null,null',1,'emp','','contract',NULL,'1234567890','0987654321',1,'2012-11-20 19:35:00','Guntury Chandrashekar',1,'o','l','gunturyc',NULL,'yes',NULL,NULL,NULL),(777,'Chandrashekhar','','Padmanabhan','padmanabhanc','M','777','name777gmail.com','IN','777','777','',2,'SD Service Delivery','B160','GO IN Infrastructure Management','U1606','IM - DBA (DAT)','OGIN','GO India Operation','2','1900-01-01 00:00:00',1,'null,null,null',1,'emp','','contract',NULL,'1234567890','0987654321',1,'2012-11-20 19:35:00','Padmanabhan Chandrashekhar',1,'o','l','padmanabhanc',NULL,'yes',NULL,NULL,NULL),(778,'Channabasava','','Balekayi','balekayic','M','778','name778gmail.com','IN','778','778','',0,'','B210','GO IN Professional Services','U1224','PS - Telecomms','OGIN','GO India Operation','','1900-01-01 00:00:00',1,'null,null,null',1,'emp','','contract',NULL,'1234567890','0987654321',1,'2012-11-20 19:35:00','Balekayi Channabasava',1,'o','l','balekayic',NULL,'yes',NULL,NULL,NULL),(779,'Channamallikarjuna','','Guruvinamath','guruvinamathc','M','779','name779gmail.com','IN','779','779','',1,'T Technical','B120','GO IN Application Management','U1279','AIM -  Incident Management','OGIN','GO India Operation','3','1900-01-01 00:00:00',1,'null,null,null',1,'emp','','contract',NULL,'1234567890','0987654321',1,'2012-11-20 19:35:00','Guruvinamath Channamallikarjuna',1,'o','l','guruvinamathc',NULL,'yes',NULL,NULL,NULL),(780,'Charan','','Sathyanarayana','sathyanarayanac','M','780','name780gmail.com','IN','780','780','',1,'T Technical','B160','GO IN Infrastructure Management','U1503','IM - Control Bridge','OGIN','GO India Operation','3','1900-01-01 00:00:00',1,'null,null,null',1,'emp','','contract',NULL,'1234567890','0987654321',1,'2012-11-20 19:35:00','Sathyanarayana Charan',1,'o','l','sathyanarayanac',NULL,'yes',NULL,NULL,NULL),(781,'Charanya','','Damodaran','damodaranc','F','781','name781gmail.com','IN','781','781','',1,'SD Service Delivery','B210','GO IN Professional Services','U1228','PS - SIP Delivery Centre','OGIN','GO India Operation','2','1900-01-01 00:00:00',1,'null,null,null',1,'emp','','contract',NULL,'1234567890','0987654321',1,'2012-11-20 19:35:00','Damodaran Charanya',1,'o','l','damodaranc',NULL,'yes',NULL,NULL,NULL),(782,'Charu','','Kochhar','kochharc','F','782','name782gmail.com','IN','782','782','',1,'T Technical','B170','GO IN Country Programme Value Facture','U1735','VF - Graduate and Junior Prog','OGIN','GO India Operation','3','1900-01-01 00:00:00',1,'null,null,null',1,'emp','','contract',NULL,'1234567890','0987654321',1,'2012-11-20 19:35:00','Kochhar Charu',1,'o','l','kochharc',NULL,'yes',NULL,NULL,NULL),(783,'Cheitanya','','Sanchiher','sanchiherc','M','783','name783gmail.com','IN','783','783','',3,'T Technical','B210','GO IN Professional Services','U1224','PS - Telecomms','OGIN','GO India Operation','3','1900-01-01 00:00:00',1,'null,null,null',1,'emp','','contract',NULL,'1234567890','0987654321',1,'2012-11-20 19:35:00','Sanchiher Cheitanya',1,'o','l','sanchiherc',NULL,'yes',NULL,NULL,NULL),(784,'Chella Ganesh','','Chandran','chandranc','M','784','name784gmail.com','IN','784','784','',1,'T Technical','B160','GO IN Infrastructure Management','U1503','IM - Control Bridge','OGIN','GO India Operation','3','1900-01-01 00:00:00',1,'null,null,null',1,'emp','','contract',NULL,'1234567890','0987654321',1,'2012-11-20 19:35:00','Chandran Chella Ganesh',1,'o','l','chandranc',NULL,'yes',NULL,NULL,NULL),(785,'Chengappa Bhimaiah','','Chemira','chemirac','M','785','name785gmail.com','IN','785','785','',3,'SD Service Delivery','B160','GO IN Infrastructure Management','U1608','IM - Service provision management','OGIN','GO India Operation','2','1900-01-01 00:00:00',1,'null,null,null',1,'emp','','contract',NULL,'1234567890','0987654321',1,'2012-11-20 19:35:00','Chemira Chengappa Bhimaiah',1,'o','l','chemirac',NULL,'yes',NULL,NULL,NULL),(786,'Chetan','','Chandrashekar','chandrashekarc','M','786','name786gmail.com','IN','786','786','',1,'T Technical','B210','GO IN Professional Services','U1222','PS - E&U','OGIN','GO India Operation','3','1900-01-01 00:00:00',1,'null,null,null',1,'emp','','contract',NULL,'1234567890','0987654321',1,'2012-11-20 19:35:00','Chandrashekar Chetan',1,'o','l','chandrashekarc',NULL,'yes',NULL,NULL,NULL),(787,'Chetan Babu','','ERK','eswarisc','M','787','name787gmail.com','IN','787','787','',2,'SD Service Delivery','B170','GO IN Country Programme Value Facture','U1734','VF - Wave','OGIN','GO India Operation','2','1900-01-01 00:00:00',1,'null,null,null',1,'emp','','contract',NULL,'1234567890','0987654321',1,'2012-11-20 19:35:00','ERK Chetan Babu',1,'o','l','eswarisc',NULL,'yes',NULL,NULL,NULL),(788,'Chetan Kolar','','Shivashankar','shivashankarc','M','788','name788gmail.com','IN','788','788','',2,'SD Service Delivery','B160','GO IN Infrastructure Management','U1603','IM - Wintel (OGIN B160 U1603)','OGIN','GO India Operation','2','1900-01-01 00:00:00',1,'null,null,null',1,'hrm','','contract',NULL,'1234567890','0987654321',1,'2012-11-20 19:35:00','Shivashankar Chetan Kolar',4,'o','l','shivashankarc',NULL,'yes',NULL,NULL,NULL),(789,'Chetan Ravindra','','Kulkarni','kulkarnicr','M','789','name789gmail.com','IN','789','789','',1,'PD Project Delivery','B210','GO IN Professional Services','U1227','PS - India Domestic','OGIN','GO India Operation','1','1900-01-01 00:00:00',1,'null,null,null',1,'emp','','contract',NULL,'1234567890','0987654321',1,'2012-11-20 19:35:00','Kulkarni Chetan Ravindra',1,'o','l','kulkarnicr',NULL,'yes',NULL,NULL,NULL),(790,'Chetana Ratnakanth','','Holehonnur Mutt','tugashettic','F','790','name790gmail.com','IN','790','790','',2,'T Technical','B210','GO IN Professional Services','U1222','PS - E&U','OGIN','GO India Operation','3','1900-01-01 00:00:00',1,'null,null,null',1,'emp','','contract',NULL,'1234567890','0987654321',1,'2012-11-20 19:35:00','Holehonnur Mutt Chetana Ratnakanth',1,'o','l','tugashettic',NULL,'yes',NULL,NULL,NULL),(791,'Chethan','','Nagaraja','nagarajach','M','791','name791gmail.com','IN','791','791','',2,'SD Service Delivery','B160','GO IN Infrastructure Management','U1605','IM - Distributed Srvcs (OGIN B160 U1605)','OGIN','GO India Operation','2','1900-01-01 00:00:00',1,'null,null,null',1,'emp','','contract',NULL,'1234567890','0987654321',1,'2012-11-20 19:35:00','Nagaraja Chethan',1,'o','l','nagarajach',NULL,'yes',NULL,NULL,NULL),(792,'Chethana','','Aswathnarayanaiah','aswathnarayanaiahc','F','792','name792gmail.com','IN','792','792','',2,'PD Project Delivery','B120','GO IN Application Management','U1279','AIM -  Incident Management','OGIN','GO India Operation','1','1900-01-01 00:00:00',1,'null,null,null',1,'emp','','contract',NULL,'1234567890','0987654321',1,'2012-11-20 19:35:00','Aswathnarayanaiah Chethana',1,'o','l','aswathnarayanaiahc',NULL,'yes',NULL,NULL,NULL),(793,'Chidananda Kangithlu','','Babuprasad','babuprasadc','M','793','name793gmail.com','IN','793','793','',3,'PD Project Delivery','B120','GO IN Application Management','U1280','AEM -  Enhancement Management','OGIN','GO India Operation','1','1900-01-01 00:00:00',1,'null,null,null',1,'emp','','contract',NULL,'1234567890','0987654321',1,'2012-11-20 19:35:00','Babuprasad Chidananda Kangithlu',1,'o','l','babuprasadc',NULL,'yes',NULL,NULL,NULL),(794,'Chinmaya Nanda','','Mohanty','mohantyc','M','794','name794gmail.com','IN','794','794','',1,'T Technical','B210','GO IN Professional Services','U1222','PS - E&U','OGIN','GO India Operation','3','1900-01-01 00:00:00',1,'null,null,null',1,'emp','','contract',NULL,'1234567890','0987654321',1,'2012-11-20 19:35:00','Mohanty Chinmaya Nanda',1,'o','l','mohantyc',NULL,'yes',NULL,NULL,NULL),(795,'Chinmayasri','','Behera','beherach','M','795','name795gmail.com','IN','795','795','',1,'T Technical','B210','GO IN Professional Services','U1222','PS - E&U','OGIN','GO India Operation','3','1900-01-01 00:00:00',1,'null,null,null',1,'emp','','contract',NULL,'1234567890','0987654321',1,'2012-11-20 19:35:00','Behera Chinmayasri',1,'o','l','beherach',NULL,'yes',NULL,NULL,NULL),(796,'Chinmoy','','Deb Barma','debbarmac','M','796','name796gmail.com','IN','796','796','',1,'SD Service Delivery','B210','GO IN Professional Services','U1222','PS - E&U','OGIN','GO India Operation','2','1900-01-01 00:00:00',1,'null,null,null',1,'emp','','contract',NULL,'1234567890','0987654321',1,'2012-11-20 19:35:00','Deb Barma Chinmoy',1,'o','l','debbarmac',NULL,'yes',NULL,NULL,NULL),(797,'Chinmoy Baliyar Singh','','Raghunath Baliyar Singh','raghunathc','M','797','name797gmail.com','IN','797','797','',1,'SD Service Delivery','B120','GO IN Application Management','U1279','AIM -  Incident Management','OGIN','GO India Operation','2','1900-01-01 00:00:00',1,'null,null,null',1,'emp','','contract',NULL,'1234567890','0987654321',1,'2012-11-20 19:35:00','Raghunath Baliyar Singh Chinmoy Baliyar Singh',1,'o','l','raghunathc',NULL,'yes',NULL,NULL,NULL),(798,'Chinna Ganesh Kumar','','Mariappan Arumugasamy','mariappanc','M','798','name798gmail.com','IN','798','798','',3,'PD Project Delivery','B210','GO IN Professional Services','U1225','PS - IDT Products','OGIN','GO India Operation','1','1900-01-01 00:00:00',1,'null,null,null',1,'emp','','contract',NULL,'1234567890','0987654321',1,'2012-11-20 19:35:00','Mariappan Arumugasamy Chinna Ganesh Kumar',1,'o','l','mariappanc',NULL,'yes',NULL,NULL,NULL),(799,'Chinnappa D','','Biddanda','biddandac','M','799','name799gmail.com','IN','799','799','',3,'F Finance','B110','GO IN Overheads','U1152','BSF - Finance','OGIN','GO India Operation','10','1900-01-01 00:00:00',1,'null,null,null',1,'emp','','contract',NULL,'1234567890','0987654321',1,'2012-11-20 19:35:00','Biddanda Chinnappa D',1,'o','l','biddandac',NULL,'yes',NULL,NULL,NULL),(800,'Chiranjeevi','','Jammula','jammulac','M','800','name800gmail.com','IN','800','800','',1,'T Technical','B210','GO IN Professional Services','U1226','PS - DICE','OGIN','GO India Operation','3','1900-01-01 00:00:00',1,'null,null,null',1,'emp','','contract',NULL,'1234567890','0987654321',1,'2012-11-20 19:35:00','Jammula Chiranjeevi',1,'o','l','jammulac',NULL,'yes',NULL,NULL,NULL),(801,'Chiranjeevi','','Pittala','pittalac','M','801','name801gmail.com','IN','801','801','',1,'T Technical','B210','GO IN Professional Services','U1225','PS - IDT Products','OGIN','GO India Operation','3','1900-01-01 00:00:00',1,'null,null,null',1,'emp','','contract',NULL,'1234567890','0987654321',1,'2012-11-20 19:35:00','Pittala Chiranjeevi',1,'o','l','pittalac',NULL,'yes',NULL,NULL,NULL),(802,'Chithara','','Manoharan','manoharanch','F','802','name802gmail.com','IN','802','802','',1,'F Finance','B140','GO IN Business Process Outsourcing','U1402','BPO - F&A (OGIN B140 U1402)','OGIN','GO India Operation','10','1900-01-01 00:00:00',1,'null,null,null',1,'emp','','contract',NULL,'1234567890','0987654321',1,'2012-11-20 19:35:00','Manoharan Chithara',1,'o','l','manoharanch',NULL,'yes',NULL,NULL,NULL),(803,'Chitra','','Jagannathan','jagannathanc','F','803','name803gmail.com','IN','803','803','',2,'T Technical','B170','GO IN Country Programme Value Facture','U1734','VF - Wave','OGIN','GO India Operation','3','1900-01-01 00:00:00',1,'null,null,null',1,'emp','','contract',NULL,'1234567890','0987654321',1,'2012-11-20 19:35:00','Jagannathan Chitra',1,'o','l','jagannathanc',NULL,'yes',NULL,NULL,NULL),(804,'Chitra','','Karthikeyan','karthikeyanc','F','804','name804gmail.com','IN','804','804','',1,'F Finance','B170','GO IN Country Programme Value Facture','U1734','VF - Wave','OGIN','GO India Operation','10','1900-01-01 00:00:00',1,'null,null,null',1,'emp','','contract',NULL,'1234567890','0987654321',1,'2012-11-20 19:35:00','Karthikeyan Chitra',1,'o','l','karthikeyanc',NULL,'yes',NULL,NULL,NULL),(805,'Chitra Kumar','','Sampath Kumar','sampathkumarc','F','805','name805gmail.com','IN','805','805','',1,'T Technical','B120','GO IN Application Management','U1279','AIM -  Incident Management','OGIN','GO India Operation','3','1900-01-01 00:00:00',1,'null,null,null',1,'emp','','contract',NULL,'1234567890','0987654321',1,'2012-11-20 19:35:00','Sampath Kumar Chitra Kumar',1,'o','l','sampathkumarc',NULL,'yes',NULL,NULL,NULL),(806,'Chitrashekar','','Keelara Shivaramaiah','keelarashivaramaiahc','M','806','name806gmail.com','IN','806','806','',0,'','B160','GO IN Infrastructure Management','U1502','IM - Service Desk (OGIN B160 U1502)','OGIN','GO India Operation','','1900-01-01 00:00:00',1,'null,null,null',1,'emp','','contract',NULL,'1234567890','0987654321',1,'2012-11-20 19:35:00','Keelara Shivaramaiah Chitrashekar',1,'o','l','keelarashivaramaiahc',NULL,'yes',NULL,NULL,NULL),(807,'Chitta Ranjan','','Nayak','nayakc','M','807','name807gmail.com','IN','807','807','',2,'T Technical','B210','GO IN Professional Services','U1224','PS - Telecomms','OGIN','GO India Operation','3','1900-01-01 00:00:00',1,'null,null,null',1,'emp','','contract',NULL,'1234567890','0987654321',1,'2012-11-20 19:35:00','Nayak Chitta Ranjan',1,'o','l','nayakc',NULL,'yes',NULL,NULL,NULL),(808,'Chockalingam','','Balasubramanian','balasubramanianc','M','808','name808gmail.com','IN','808','808','',2,'SD Service Delivery','B120','GO IN Application Management','U1279','AIM -  Incident Management','OGIN','GO India Operation','2','1900-01-01 00:00:00',1,'null,null,null',1,'emp','','contract',NULL,'1234567890','0987654321',1,'2012-11-20 19:35:00','Balasubramanian Chockalingam',1,'o','l','balasubramanianc',NULL,'yes',NULL,NULL,NULL),(809,'Chockalingam','','Subbiah','subbiahc','M','809','name809gmail.com','IN','809','809','',3,'T Technical','B210','GO IN Professional Services','U1223','PS - Financial Srvcs','OGIN','GO India Operation','3','1900-01-01 00:00:00',1,'null,null,null',1,'emp','','contract',NULL,'1234567890','0987654321',1,'2012-11-20 19:35:00','Subbiah Chockalingam',1,'o','l','subbiahc',NULL,'yes',NULL,NULL,NULL),(810,'Christopher Daniel','','Devairakkam','devairakkamc','M','810','name810gmail.com','IN','810','810','',1,'T Technical','B120','GO IN Application Management','U1280','AEM -  Enhancement Management','OGIN','GO India Operation','3','1900-01-01 00:00:00',1,'null,null,null',1,'emp','','contract',NULL,'1234567890','0987654321',1,'2012-11-20 19:35:00','Devairakkam Christopher Daniel',1,'o','l','devairakkamc',NULL,'yes',NULL,NULL,NULL),(811,'Chudamani','','Sahoo','sahooc','M','811','name811gmail.com','IN','811','811','',2,'T Technical','B210','GO IN Professional Services','U1223','PS - Financial Srvcs','OGIN','GO India Operation','3','1900-01-01 00:00:00',1,'null,null,null',1,'emp','','contract',NULL,'1234567890','0987654321',1,'2012-11-20 19:35:00','Sahoo Chudamani',1,'o','l','sahooc',NULL,'yes',NULL,NULL,NULL),(812,'Clarence','','Xavier','xavierc','M','812','name812gmail.com','IN','812','812','',4,'PD Project Delivery','B120','GO IN Application Management','U1279','AIM -  Incident Management','OGIN','GO India Operation','1','1900-01-01 00:00:00',1,'null,null,null',1,'emp','','contract',NULL,'1234567890','0987654321',1,'2012-11-20 19:35:00','Xavier Clarence',1,'o','l','xavierc',NULL,'yes',NULL,NULL,NULL),(813,'Clifford','','Glasso','glassoc','M','813','name813gmail.com','IN','813','813','',3,'GM General Mgmt and Admin','B210','GO IN Professional Services','U1224','PS - Telecomms','OGIN','GO India Operation','7','1900-01-01 00:00:00',1,'null,null,null',1,'emp','','contract',NULL,'1234567890','0987654321',1,'2012-11-20 19:35:00','Glasso Clifford',1,'o','l','glassoc',NULL,'yes',NULL,NULL,NULL),(814,'Cyril Antony','','Sylvester','sylvesterc','M','814','name814gmail.com','IN','814','814','',1,'PD Project Delivery','B210','GO IN Professional Services','U1224','PS - Telecomms','OGIN','GO India Operation','1','1900-01-01 00:00:00',1,'null,null,null',1,'emp','','contract',NULL,'1234567890','0987654321',1,'2012-11-20 19:35:00','Sylvester Cyril Antony',1,'o','l','sylvesterc',NULL,'yes',NULL,NULL,NULL),(815,'Cyril Manoj','','Thomas','thomascm','M','815','name815gmail.com','IN','815','815','',0,'','B160','GO IN Infrastructure Management','U1502','IM - Service Desk (OGIN B160 U1502)','OGIN','GO India Operation','','1900-01-01 00:00:00',1,'null,null,null',1,'emp','','contract',NULL,'1234567890','0987654321',1,'2012-11-20 19:35:00','Thomas Cyril Manoj',1,'o','l','thomascm',NULL,'yes',NULL,NULL,NULL),(816,'Danamma','','Manjunath Pattanashetti','patilda','F','816','name816gmail.com','IN','816','816','',1,'F Finance','B140','GO IN Business Process Outsourcing','U1402','BPO - F&A (OGIN B140 U1402)','OGIN','GO India Operation','10','1900-01-01 00:00:00',1,'null,null,null',1,'emp','','contract',NULL,'1234567890','0987654321',1,'2012-11-20 19:35:00','Manjunath Pattanashetti Danamma',1,'o','l','patilda',NULL,'yes',NULL,NULL,NULL),(817,'Daniel A.P.','','Sethuraman','sethuramand','M','817','name817gmail.com','IN','817','817','',1,'SD Service Delivery','B160','GO IN Infrastructure Management','U1605','IM - Distributed Srvcs (OGIN B160 U1605)','OGIN','GO India Operation','2','1900-01-01 00:00:00',1,'null,null,null',1,'emp','','contract',NULL,'1234567890','0987654321',1,'2012-11-20 19:35:00','Sethuraman Daniel A.P.',1,'o','l','sethuramand',NULL,'yes',NULL,NULL,NULL),(818,'Darshan','','Thallam','thallamd','M','818','name818gmail.com','IN','818','818','',1,'T Technical','B120','GO IN Application Management','U1279','AIM -  Incident Management','OGIN','GO India Operation','3','1900-01-01 00:00:00',1,'null,null,null',1,'emp','','contract',NULL,'1234567890','0987654321',1,'2012-11-20 19:35:00','Thallam Darshan',1,'o','l','thallamd',NULL,'yes',NULL,NULL,NULL),(819,'David','','Livingston S','livingstonsd','M','819','name819gmail.com','IN','819','819','',2,'SD Service Delivery','B160','GO IN Infrastructure Management','U1602','IM - Telecomms','OGIN','GO India Operation','2','1900-01-01 00:00:00',1,'null,null,null',1,'emp','','contract',NULL,'1234567890','0987654321',1,'2012-11-20 19:35:00','Livingston S David',1,'o','l','livingstonsd',NULL,'yes',NULL,NULL,NULL),(820,'David Antony Raj','','Robert','robertd','M','820','name820gmail.com','IN','820','820','',1,'PD Project Delivery','B210','GO IN Professional Services','U1225','PS - IDT Products','OGIN','GO India Operation','1','1900-01-01 00:00:00',1,'null,null,null',1,'emp','','contract',NULL,'1234567890','0987654321',1,'2012-11-20 19:35:00','Robert David Antony Raj',1,'o','l','robertd',NULL,'yes',NULL,NULL,NULL),(821,'David PonBakyaraj','','Daniel','danieldp','M','821','name821gmail.com','IN','821','821','',1,'F Finance','B140','GO IN Business Process Outsourcing','U1402','BPO - F&A (OGIN B140 U1402)','OGIN','GO India Operation','10','1900-01-01 00:00:00',1,'null,null,null',1,'emp','','contract',NULL,'1234567890','0987654321',1,'2012-11-20 19:35:00','Daniel David PonBakyaraj',1,'o','l','danieldp',NULL,'yes',NULL,NULL,NULL),(822,'Davidson','','Salas','salasd','M','822','name822gmail.com','IN','822','822','',3,'PD Project Delivery','B210','GO IN Professional Services','U1228','PS - SIP Delivery Centre','OGIN','GO India Operation','1','1900-01-01 00:00:00',1,'null,null,null',1,'emp','','contract',NULL,'1234567890','0987654321',1,'2012-11-20 19:35:00','Salas Davidson',1,'o','l','salasd',NULL,'yes',NULL,NULL,NULL),(823,'Dayal','','Naresh','nareshd','M','823','name823gmail.com','IN','823','823','',1,'SD Service Delivery','B160','GO IN Infrastructure Management','U1616','IM - Toolsets','OGIN','GO India Operation','2','1900-01-01 00:00:00',1,'null,null,null',1,'emp','','contract',NULL,'1234567890','0987654321',1,'2012-11-20 19:35:00','Naresh Dayal',1,'o','l','nareshd',NULL,'yes',NULL,NULL,NULL),(824,'Dayananda','','N','nda','M','824','name824gmail.com','IN','824','824','',0,'','B110','GO IN Overheads','U1103','BSF - Administration','OGIN','GO India Operation','','1900-01-01 00:00:00',1,'null,null,null',1,'emp','','contract',NULL,'1234567890','0987654321',1,'2012-11-20 19:35:00','N Dayananda',1,'o','l','nda',NULL,'yes',NULL,NULL,NULL),(825,'Dayananda','','Narayanaswamy','narayanaswamyd','M','825','name825gmail.com','IN','825','825','',2,'T Technical','B210','GO IN Professional Services','U1224','PS - Telecomms','OGIN','GO India Operation','3','1900-01-01 00:00:00',1,'null,null,null',1,'emp','','contract',NULL,'1234567890','0987654321',1,'2012-11-20 19:35:00','Narayanaswamy Dayananda',1,'o','l','narayanaswamyd',NULL,'yes',NULL,NULL,NULL),(826,'Dayananda','','Shettigar','shettigarda','M','826','name826gmail.com','IN','826','826','',2,'T Technical','B160','GO IN Infrastructure Management','U1602','IM - Telecomms','OGIN','GO India Operation','3','1900-01-01 00:00:00',1,'null,null,null',1,'emp','','contract',NULL,'1234567890','0987654321',1,'2012-11-20 19:35:00','Shettigar Dayananda',1,'o','l','shettigarda',NULL,'yes',NULL,NULL,NULL),(827,'Dayananthan','','Marimuthu','marimuthud','M','827','name827gmail.com','IN','827','827','',2,'SD Service Delivery','B210','GO IN Professional Services','U1222','PS - E&U','OGIN','GO India Operation','2','1900-01-01 00:00:00',1,'null,null,null',1,'emp','','contract',NULL,'1234567890','0987654321',1,'2012-11-20 19:35:00','Marimuthu Dayananthan',1,'o','l','marimuthud',NULL,'yes',NULL,NULL,NULL),(828,'Debabrata','','Samal','samalde','M','828','name828gmail.com','IN','828','828','',1,'T Technical','B120','GO IN Application Management','U1279','AIM -  Incident Management','OGIN','GO India Operation','3','1900-01-01 00:00:00',1,'null,null,null',1,'emp','','contract',NULL,'1234567890','0987654321',1,'2012-11-20 19:35:00','Samal Debabrata',1,'o','l','samalde',NULL,'yes',NULL,NULL,NULL),(829,'Debasis','','Sahoo','sahoode','M','829','name829gmail.com','IN','829','829','',1,'T Technical','B210','GO IN Professional Services','U1223','PS - Financial Srvcs','OGIN','GO India Operation','3','1900-01-01 00:00:00',1,'null,null,null',1,'emp','','contract',NULL,'1234567890','0987654321',1,'2012-11-20 19:35:00','Sahoo Debasis',1,'o','l','sahoode',NULL,'yes',NULL,NULL,NULL),(830,'Debasish','','Banerjee','banerjeed','M','830','name830gmail.com','IN','830','830','',1,'PD Project Delivery','B210','GO IN Professional Services','U1225','PS - IDT Products','OGIN','GO India Operation','1','1900-01-01 00:00:00',1,'null,null,null',1,'emp','','contract',NULL,'1234567890','0987654321',1,'2012-11-20 19:35:00','Banerjee Debasish',1,'o','l','banerjeed',NULL,'yes',NULL,NULL,NULL),(831,'Debasish','','Pattanaik','pattanaikd','M','831','name831gmail.com','IN','831','831','',3,'GM General Mgmt and Admin','B800','OS IN Global Overheads','U8001','OS - Central cost','OOIN','OS India Operation','7','1900-01-01 00:00:00',1,'null,null,null',1,'emp','','contract',NULL,'1234567890','0987654321',1,'2012-11-20 19:35:00','Pattanaik Debasish',1,'o','l','pattanaikd',NULL,'yes',NULL,NULL,NULL),(832,'Debdeep','','Basu','basud','M','832','name832gmail.com','IN','832','832','',1,'SAM Sales and Account Mgmt','B800','OS IN Global Overheads','U8004','OS - Mega Deal Hub','OOIN','OS India Operation','6','1900-01-01 00:00:00',1,'null,null,null',1,'emp','','contract',NULL,'1234567890','0987654321',1,'2012-11-20 19:35:00','Basu Debdeep',1,'o','l','basud',NULL,'yes',NULL,NULL,NULL),(833,'Debdoot','','Ghosh','ghoshde','M','833','name833gmail.com','IN','833','833','',2,'T Technical','B170','GO IN Country Programme Value Facture','U1734','VF - Wave','OGIN','GO India Operation','3','1900-01-01 00:00:00',1,'null,null,null',1,'emp','','contract',NULL,'1234567890','0987654321',1,'2012-11-20 19:35:00','Ghosh Debdoot',1,'o','l','ghoshde',NULL,'yes',NULL,NULL,NULL),(834,'Debopom','','Sanyal','sanyald','M','834','name834gmail.com','IN','834','834','',1,'T Technical','B120','GO IN Application Management','U1279','AIM -  Incident Management','OGIN','GO India Operation','3','1900-01-01 00:00:00',1,'null,null,null',1,'emp','','contract',NULL,'1234567890','0987654321',1,'2012-11-20 19:35:00','Sanyal Debopom',1,'o','l','sanyald',NULL,'yes',NULL,NULL,NULL),(835,'Deepa','','Ambujakshan','ambujakshande','F','835','name835gmail.com','IN','835','835','',2,'SD Service Delivery','B210','GO IN Professional Services','U1222','PS - E&U','OGIN','GO India Operation','2','1900-01-01 00:00:00',1,'null,null,null',1,'emp','','contract',NULL,'1234567890','0987654321',1,'2012-11-20 19:35:00','Ambujakshan Deepa',1,'o','l','ambujakshande',NULL,'yes',NULL,NULL,NULL),(836,'Deepa','','Kongara','kongarad','F','836','name836gmail.com','IN','836','836','',1,'SD Service Delivery','B120','GO IN Application Management','U1279','AIM -  Incident Management','OGIN','GO India Operation','2','1900-01-01 00:00:00',1,'null,null,null',1,'emp','','contract',NULL,'1234567890','0987654321',1,'2012-11-20 19:35:00','Kongara Deepa',1,'o','l','kongarad',NULL,'yes',NULL,NULL,NULL),(837,'Deepa','','Raghavan','raghavande','F','837','name837gmail.com','IN','837','837','',2,'SD Service Delivery','B120','GO IN Application Management','U1279','AIM -  Incident Management','OGIN','GO India Operation','2','1900-01-01 00:00:00',1,'null,null,null',1,'emp','','contract',NULL,'1234567890','0987654321',1,'2012-11-20 19:35:00','Raghavan Deepa',1,'o','l','raghavande',NULL,'yes',NULL,NULL,NULL),(838,'Deepa','','Rajamanickam','rajamanickamd','F','838','name838gmail.com','IN','838','838','',0,'','B170','GO IN Country Programme Value Facture','U1735','VF - Graduate and Junior Prog','OGIN','GO India Operation','','1900-01-01 00:00:00',1,'null,null,null',1,'emp','','contract',NULL,'1234567890','0987654321',1,'2012-11-20 19:35:00','Rajamanickam Deepa',1,'o','l','rajamanickamd',NULL,'yes',NULL,NULL,NULL),(839,'Deepa','','Ramakrishna','ramakrishnad','F','839','name839gmail.com','IN','839','839','',0,'','B110','GO IN Overheads','U1102','BSF - General Management','OGIN','GO India Operation','','1900-01-01 00:00:00',1,'null,null,null',1,'emp','','contract',NULL,'1234567890','0987654321',1,'2012-11-20 19:35:00','Ramakrishna Deepa',1,'o','l','ramakrishnad',NULL,'yes',NULL,NULL,NULL),(840,'Deepa','','Ramamoorthy','ramamoorthyd','F','840','name840gmail.com','IN','840','840','',1,'SD Service Delivery','B120','GO IN Application Management','U1279','AIM -  Incident Management','OGIN','GO India Operation','2','1900-01-01 00:00:00',1,'null,null,null',1,'emp','','contract',NULL,'1234567890','0987654321',1,'2012-11-20 19:35:00','Ramamoorthy Deepa',1,'o','l','ramamoorthyd',NULL,'yes',NULL,NULL,NULL),(841,'Deepa','','Subbanna','subbannad','F','841','name841gmail.com','IN','841','841','',1,'SD Service Delivery','B210','GO IN Professional Services','U1223','PS - Financial Srvcs','OGIN','GO India Operation','2','1900-01-01 00:00:00',1,'null,null,null',1,'emp','','contract',NULL,'1234567890','0987654321',1,'2012-11-20 19:35:00','Subbanna Deepa',1,'o','l','subbannad',NULL,'yes',NULL,NULL,NULL),(842,'Deepa','','Vikram','vikramd','F','842','name842gmail.com','IN','842','842','',1,'T Technical','B170','GO IN Country Programme Value Facture','U1734','VF - Wave','OGIN','GO India Operation','3','1900-01-01 00:00:00',1,'null,null,null',1,'emp','','contract',NULL,'1234567890','0987654321',1,'2012-11-20 19:35:00','Vikram Deepa',1,'o','l','vikramd',NULL,'yes',NULL,NULL,NULL),(843,'Deepa Basavaraj','','Pavate','pavated','F','843','name843gmail.com','IN','843','843','',0,'','B210','GO IN Professional Services','U1223','PS - Financial Srvcs','OGIN','GO India Operation','','1900-01-01 00:00:00',1,'null,null,null',1,'emp','','contract',NULL,'1234567890','0987654321',1,'2012-11-20 19:35:00','Pavate Deepa Basavaraj',1,'o','l','pavated',NULL,'yes',NULL,NULL,NULL),(844,'Deepa Maheswari','','Dhanushkodi','dhanushkodid','F','844','name844gmail.com','IN','844','844','',2,'SD Service Delivery','B120','GO IN Application Management','U1280','AEM -  Enhancement Management','OGIN','GO India Operation','2','1900-01-01 00:00:00',1,'null,null,null',1,'emp','','contract',NULL,'1234567890','0987654321',1,'2012-11-20 19:35:00','Dhanushkodi Deepa Maheswari',1,'o','l','dhanushkodid',NULL,'yes',NULL,NULL,NULL),(845,'Deepak','','Avarthi Ramaiah','avarthid','M','845','name845gmail.com','IN','845','845','',3,'PD Project Delivery','B110','GO IN Overheads','U1157','BSF - QA / process','OGIN','GO India Operation','1','1900-01-01 00:00:00',1,'null,null,null',1,'emp','','contract',NULL,'1234567890','0987654321',1,'2012-11-20 19:35:00','Avarthi Ramaiah Deepak',1,'o','l','avarthid',NULL,'yes',NULL,NULL,NULL),(846,'Deepak','','Balasubramani','balasubramanid','M','846','name846gmail.com','IN','846','846','',1,'SD Service Delivery','B120','GO IN Application Management','U1276','AMES - C++ and Other (OGIN B120 U1276)','OGIN','GO India Operation','2','1900-01-01 00:00:00',1,'null,null,null',1,'emp','','contract',NULL,'1234567890','0987654321',1,'2012-11-20 19:35:00','Balasubramani Deepak',1,'o','l','balasubramanid',NULL,'yes',NULL,NULL,NULL),(847,'Deepak','','Chennuri','chennurid','M','847','name847gmail.com','IN','847','847','',1,'T Technical','B120','GO IN Application Management','U1279','AIM -  Incident Management','OGIN','GO India Operation','3','1900-01-01 00:00:00',1,'null,null,null',1,'emp','','contract',NULL,'1234567890','0987654321',1,'2012-11-20 19:35:00','Chennuri Deepak',1,'o','l','chennurid',NULL,'yes',NULL,NULL,NULL),(848,'Deepak','','Eshwaregowda','eshwaregowdad','M','848','name848gmail.com','IN','848','848','',0,'','B160','GO IN Infrastructure Management','U1502','IM - Service Desk (OGIN B160 U1502)','OGIN','GO India Operation','','1900-01-01 00:00:00',1,'null,null,null',1,'emp','','contract',NULL,'1234567890','0987654321',1,'2012-11-20 19:35:00','Eshwaregowda Deepak',1,'o','l','eshwaregowdad',NULL,'yes',NULL,NULL,NULL),(849,'Deepak','','Gannavarapu','gannavarapud','M','849','name849gmail.com','IN','849','849','',2,'T Technical','B120','GO IN Application Management','U1279','AIM -  Incident Management','OGIN','GO India Operation','3','1900-01-01 00:00:00',1,'null,null,null',1,'emp','','contract',NULL,'1234567890','0987654321',1,'2012-11-20 19:35:00','Gannavarapu Deepak',1,'o','l','gannavarapud',NULL,'yes',NULL,NULL,NULL),(850,'Deepak','','Gopi','gopid','M','850','name850gmail.com','IN','850','850','',1,'F Finance','B140','GO IN Business Process Outsourcing','U1402','BPO - F&A (OGIN B140 U1402)','OGIN','GO India Operation','10','1900-01-01 00:00:00',1,'null,null,null',1,'emp','','contract',NULL,'1234567890','0987654321',1,'2012-11-20 19:35:00','Gopi Deepak',1,'o','l','gopid',NULL,'yes',NULL,NULL,NULL),(851,'Deepak','','Gupta','guptad','M','851','name851gmail.com','IN','851','851','',2,'PD Project Delivery','B210','GO IN Professional Services','U1227','PS - India Domestic','OGIN','GO India Operation','1','1900-01-01 00:00:00',1,'null,null,null',1,'emp','','contract',NULL,'1234567890','0987654321',1,'2012-11-20 19:35:00','Gupta Deepak',1,'o','l','guptad',NULL,'yes',NULL,NULL,NULL),(852,'Deepak','','Gurumurthi','gurumurthid','M','852','name852gmail.com','IN','852','852','',1,'SD Service Delivery','B160','GO IN Infrastructure Management','U1604','IM - SAN','OGIN','GO India Operation','2','1900-01-01 00:00:00',1,'null,null,null',1,'emp','','contract',NULL,'1234567890','0987654321',1,'2012-11-20 19:35:00','Gurumurthi Deepak',1,'o','l','gurumurthid',NULL,'yes',NULL,NULL,NULL),(853,'Deepak','','Janardhan','janardhand','M','853','name853gmail.com','IN','853','853','',2,'F Finance','B800','OS IN Global Overheads','U8001','OS - Central cost','OOIN','OS India Operation','10','1900-01-01 00:00:00',1,'null,null,null',1,'emp','','contract',NULL,'1234567890','0987654321',1,'2012-11-20 19:35:00','Janardhan Deepak',1,'o','l','janardhand',NULL,'yes',NULL,NULL,NULL),(854,'Deepak','','Kadajji','kadajjid','M','854','name854gmail.com','IN','854','854','',1,'T Technical','B120','GO IN Application Management','U1280','AEM -  Enhancement Management','OGIN','GO India Operation','3','1900-01-01 00:00:00',1,'null,null,null',1,'emp','','contract',NULL,'1234567890','0987654321',1,'2012-11-20 19:35:00','Kadajji Deepak',1,'o','l','kadajjid',NULL,'yes',NULL,NULL,NULL),(855,'Deepak','','Kalakat','kalakatd','M','855','name855gmail.com','IN','855','855','',1,'SD Service Delivery','B120','GO IN Application Management','U1281','ATM - Test Management','OGIN','GO India Operation','2','1900-01-01 00:00:00',1,'null,null,null',1,'emp','','contract',NULL,'1234567890','0987654321',1,'2012-11-20 19:35:00','Kalakat Deepak',1,'o','l','kalakatd',NULL,'yes',NULL,NULL,NULL),(856,'Deepak','','Kizhakatra Jayan','kizhakatrajayand','M','856','name856gmail.com','IN','856','856','',1,'T Technical','B120','GO IN Application Management','U1281','ATM - Test Management','OGIN','GO India Operation','3','1900-01-01 00:00:00',1,'null,null,null',1,'emp','','contract',NULL,'1234567890','0987654321',1,'2012-11-20 19:35:00','Kizhakatra Jayan Deepak',1,'o','l','kizhakatrajayand',NULL,'yes',NULL,NULL,NULL),(857,'Deepak','','Kumar','kumardb','','857','name857gmail.com','IN','857','857','',0,'','B140','GO IN Business Process Outsourcing','U1404','BPO - HR/payroll srvcs (OGIN B140 U1404)','OGIN','GO India Operation','','1900-01-01 00:00:00',1,'null,null,null',1,'emp','','contract',NULL,'1234567890','0987654321',1,'2012-11-20 19:35:00','Kumar Deepak',1,'o','l','kumardb',NULL,'yes',NULL,NULL,NULL),(858,'Deepak','','Niranjan','niranjand','M','858','name858gmail.com','IN','858','858','',2,'T Technical','B160','GO IN Infrastructure Management','U1609','IM - UNIX','OGIN','GO India Operation','3','1900-01-01 00:00:00',1,'null,null,null',1,'emp','','contract',NULL,'1234567890','0987654321',1,'2012-11-20 19:35:00','Niranjan Deepak',1,'o','l','niranjand',NULL,'yes',NULL,NULL,NULL),(859,'Deepak','','Patil','patilde','M','859','name859gmail.com','IN','859','859','',2,'T Technical','B210','GO IN Professional Services','U1222','PS - E&U','OGIN','GO India Operation','3','1900-01-01 00:00:00',1,'null,null,null',1,'emp','','contract',NULL,'1234567890','0987654321',1,'2012-11-20 19:35:00','Patil Deepak',1,'o','l','patilde',NULL,'yes',NULL,NULL,NULL),(860,'Deepak','','Shenoy','shenoyd','M','860','name860gmail.com','IN','860','860','',3,'SD Service Delivery','B210','GO IN Professional Services','U1222','PS - E&U','OGIN','GO India Operation','2','1900-01-01 00:00:00',1,'null,null,null',1,'emp','','contract',NULL,'1234567890','0987654321',1,'2012-11-20 19:35:00','Shenoy Deepak',1,'o','l','shenoyd',NULL,'yes',NULL,NULL,NULL),(861,'Deepak','','Sivas','sivasd','M','861','name861gmail.com','IN','861','861','',1,'SD Service Delivery','B120','GO IN Application Management','U1279','AIM -  Incident Management','OGIN','GO India Operation','2','1900-01-01 00:00:00',1,'null,null,null',1,'emp','','contract',NULL,'1234567890','0987654321',1,'2012-11-20 19:35:00','Sivas Deepak',1,'o','l','sivasd',NULL,'yes',NULL,NULL,NULL),(862,'Deepak','','Solomon','solomonde','M','862','name862gmail.com','IN','862','862','',1,'T Technical','B120','GO IN Application Management','U1281','ATM - Test Management','OGIN','GO India Operation','3','1900-01-01 00:00:00',1,'null,null,null',1,'emp','','contract',NULL,'1234567890','0987654321',1,'2012-11-20 19:35:00','Solomon Deepak',1,'o','l','solomonde',NULL,'yes',NULL,NULL,NULL),(863,'Deepak','','Sridharan','sridharand','M','863','name863gmail.com','IN','863','863','',1,'SD Service Delivery','B120','GO IN Application Management','U1279','AIM -  Incident Management','OGIN','GO India Operation','2','1900-01-01 00:00:00',1,'null,null,null',1,'emp','','contract',NULL,'1234567890','0987654321',1,'2012-11-20 19:35:00','Sridharan Deepak',1,'o','l','sridharand',NULL,'yes',NULL,NULL,NULL),(864,'Deepak','','Varadarajan','varadarajand','M','864','name864gmail.com','IN','864','864','',3,'SD Service Delivery','B210','GO IN Professional Services','U1222','PS - E&U','OGIN','GO India Operation','2','1900-01-01 00:00:00',1,'null,null,null',1,'emp','','contract',NULL,'1234567890','0987654321',1,'2012-11-20 19:35:00','Varadarajan Deepak',1,'o','l','varadarajand',NULL,'yes',NULL,NULL,NULL),(865,'Deepak Ganesh','','Kannan','kannandg','M','865','name865gmail.com','IN','865','865','',2,'SD Service Delivery','B160','GO IN Infrastructure Management','U1608','IM - Service provision management','OGIN','GO India Operation','2','1900-01-01 00:00:00',1,'null,null,null',1,'emp','','contract',NULL,'1234567890','0987654321',1,'2012-11-20 19:35:00','Kannan Deepak Ganesh',1,'o','l','kannandg',NULL,'yes',NULL,NULL,NULL),(866,'Deepak Gangambika','','Narasappa','narasappad','M','866','name866gmail.com','IN','866','866','',1,'PD Project Delivery','B210','GO IN Professional Services','U1225','PS - IDT Products','OGIN','GO India Operation','1','1900-01-01 00:00:00',1,'null,null,null',1,'emp','','contract',NULL,'1234567890','0987654321',1,'2012-11-20 19:35:00','Narasappa Deepak Gangambika',1,'o','l','narasappad',NULL,'yes',NULL,NULL,NULL),(867,'Deepak P','','Menon','menond','M','867','name867gmail.com','IN','867','867','',1,'PD Project Delivery','B210','GO IN Professional Services','U1223','PS - Financial Srvcs','OGIN','GO India Operation','1','1900-01-01 00:00:00',1,'null,null,null',1,'emp','','contract',NULL,'1234567890','0987654321',1,'2012-11-20 19:35:00','Menon Deepak P',1,'o','l','menond',NULL,'yes',NULL,NULL,NULL),(868,'Deepak Prabhuswamy','','Kalmahally','prabhuswamyd','M','868','name868gmail.com','IN','868','868','',1,'SD Service Delivery','B210','GO IN Professional Services','U1222','PS - E&U','OGIN','GO India Operation','2','1900-01-01 00:00:00',1,'null,null,null',1,'emp','','contract',NULL,'1234567890','0987654321',1,'2012-11-20 19:35:00','Kalmahally Deepak Prabhuswamy',1,'o','l','prabhuswamyd',NULL,'yes',NULL,NULL,NULL),(869,'Deepali','','Kothari','kotharid','F','869','name869gmail.com','IN','869','869','',2,'GM General Mgmt and Admin','B210','GO IN Professional Services','U1227','PS - India Domestic','OGIN','GO India Operation','7','1900-01-01 00:00:00',1,'null,null,null',1,'emp','','contract',NULL,'1234567890','0987654321',1,'2012-11-20 19:35:00','Kothari Deepali',1,'o','l','kotharid',NULL,'yes',NULL,NULL,NULL),(870,'Deepan','','Rajendran','rajendrand','M','870','name870gmail.com','IN','870','870','',1,'T Technical','B120','GO IN Application Management','U1280','AEM -  Enhancement Management','OGIN','GO India Operation','3','1900-01-01 00:00:00',1,'null,null,null',1,'emp','','contract',NULL,'1234567890','0987654321',1,'2012-11-20 19:35:00','Rajendran Deepan',1,'o','l','rajendrand',NULL,'yes',NULL,NULL,NULL),(871,'Deepan Manikandan','','Subramanian','subramaniandm','M','871','name871gmail.com','IN','871','871','',2,'SD Service Delivery','B120','GO IN Application Management','U1280','AEM -  Enhancement Management','OGIN','GO India Operation','2','1900-01-01 00:00:00',1,'null,null,null',1,'emp','','contract',NULL,'1234567890','0987654321',1,'2012-11-20 19:35:00','Subramanian Deepan Manikandan',1,'o','l','subramaniandm',NULL,'yes',NULL,NULL,NULL),(872,'Deepashree','','Rajagopal','rajagopalde','F','872','name872gmail.com','IN','872','872','',1,'SD Service Delivery','B120','GO IN Application Management','U1281','ATM - Test Management','OGIN','GO India Operation','2','1900-01-01 00:00:00',1,'null,null,null',1,'emp','','contract',NULL,'1234567890','0987654321',1,'2012-11-20 19:35:00','Rajagopal Deepashree',1,'o','l','rajagopalde',NULL,'yes',NULL,NULL,NULL),(873,'Deepika','','M.S','m.sd','F','873','name873gmail.com','IN','873','873','',0,'','B120','GO IN Application Management','U1272','AMES - Java (OGIN B120 U1272)','OGIN','GO India Operation','','1900-01-01 00:00:00',1,'null,null,null',1,'emp','','contract',NULL,'1234567890','0987654321',1,'2012-11-20 19:35:00','M.S Deepika',1,'o','l','m.sd',NULL,'yes',NULL,NULL,NULL),(874,'Deepika','','Muralidharan','muralidharand','F','874','name874gmail.com','IN','874','874','',1,'SD Service Delivery','B210','GO IN Professional Services','U1224','PS - Telecomms','OGIN','GO India Operation','2','1900-01-01 00:00:00',1,'null,null,null',1,'emp','','contract',NULL,'1234567890','0987654321',1,'2012-11-20 19:35:00','Muralidharan Deepika',1,'o','l','muralidharand',NULL,'yes',NULL,NULL,NULL),(875,'Deepika','','Natarajan','natarajand','F','875','name875gmail.com','IN','875','875','',1,'SD Service Delivery','B160','GO IN Infrastructure Management','U1502','IM - Service Desk (OGIN B160 U1502)','OGIN','GO India Operation','2','1900-01-01 00:00:00',1,'null,null,null',1,'emp','','contract',NULL,'1234567890','0987654321',1,'2012-11-20 19:35:00','Natarajan Deepika',1,'o','l','natarajand',NULL,'yes',NULL,NULL,NULL),(876,'Deepika','','Ramachandran','ramachandrand','F','876','name876gmail.com','IN','876','876','',1,'T Technical','B120','GO IN Application Management','U1279','AIM -  Incident Management','OGIN','GO India Operation','3','1900-01-01 00:00:00',1,'null,null,null',1,'emp','','contract',NULL,'1234567890','0987654321',1,'2012-11-20 19:35:00','Ramachandran Deepika',1,'o','l','ramachandrand',NULL,'yes',NULL,NULL,NULL),(877,'Deepika','','Ramraj','ramrajd','F','877','name877gmail.com','IN','877','877','',1,'T Technical','B120','GO IN Application Management','U1279','AIM -  Incident Management','OGIN','GO India Operation','3','1900-01-01 00:00:00',1,'null,null,null',1,'emp','','contract',NULL,'1234567890','0987654321',1,'2012-11-20 19:35:00','Ramraj Deepika',1,'o','l','ramrajd',NULL,'yes',NULL,NULL,NULL),(878,'Deepika','','Sitaram','sitaramd','F','878','name878gmail.com','IN','878','878','',1,'T Technical','B210','GO IN Professional Services','U1224','PS - Telecomms','OGIN','GO India Operation','3','1900-01-01 00:00:00',1,'null,null,null',1,'emp','','contract',NULL,'1234567890','0987654321',1,'2012-11-20 19:35:00','Sitaram Deepika',1,'o','l','sitaramd',NULL,'yes',NULL,NULL,NULL),(879,'Deeptha','','Gopalan','gopaland','F','879','name879gmail.com','IN','879','879','',2,'PD Project Delivery','B110','GO IN Overheads','U1157','BSF - QA / process','OGIN','GO India Operation','1','1900-01-01 00:00:00',1,'null,null,null',1,'emp','','contract',NULL,'1234567890','0987654321',1,'2012-11-20 19:35:00','Gopalan Deeptha',1,'o','l','gopaland',NULL,'yes',NULL,NULL,NULL),(880,'Deepthi','','Manchikanti','manchikantid','F','880','name880gmail.com','IN','880','880','',1,'T Technical','B120','GO IN Application Management','U1280','AEM -  Enhancement Management','OGIN','GO India Operation','3','1900-01-01 00:00:00',1,'null,null,null',1,'emp','','contract',NULL,'1234567890','0987654321',1,'2012-11-20 19:35:00','Manchikanti Deepthi',1,'o','l','manchikantid',NULL,'yes',NULL,NULL,NULL),(881,'Deepthi','','Regumadugu','regumadogud','M','881','name881gmail.com','IN','881','881','',2,'PD Project Delivery','B120','GO IN Application Management','U1280','AEM -  Enhancement Management','OGIN','GO India Operation','1','1900-01-01 00:00:00',1,'null,null,null',1,'emp','','contract',NULL,'1234567890','0987654321',1,'2012-11-20 19:35:00','Regumadugu Deepthi',1,'o','l','regumadogud',NULL,'yes',NULL,NULL,NULL),(882,'Deepthi','','Solleti','solletid','F','882','name882gmail.com','IN','882','882','',1,'T Technical','B210','GO IN Professional Services','U1222','PS - E&U','OGIN','GO India Operation','3','1900-01-01 00:00:00',1,'null,null,null',1,'emp','','contract',NULL,'1234567890','0987654321',1,'2012-11-20 19:35:00','Solleti Deepthi',1,'o','l','solletid',NULL,'yes',NULL,NULL,NULL),(883,'Deepu','','Kailasapathy','kailasapathyd','M','883','name883gmail.com','IN','883','883','',2,'SD Service Delivery','B120','GO IN Application Management','U1279','AIM -  Incident Management','OGIN','GO India Operation','2','1900-01-01 00:00:00',1,'null,null,null',1,'emp','','contract',NULL,'1234567890','0987654321',1,'2012-11-20 19:35:00','Kailasapathy Deepu',1,'o','l','kailasapathyd',NULL,'yes',NULL,NULL,NULL),(884,'Deepu','','Kumar','kumarde','M','884','name884gmail.com','IN','884','884','',3,'F Finance','B140','GO IN Business Process Outsourcing','U1404','BPO - HR/payroll srvcs (OGIN B140 U1404)','OGIN','GO India Operation','10','1900-01-01 00:00:00',1,'null,null,null',1,'emp','','contract',NULL,'1234567890','0987654321',1,'2012-11-20 19:35:00','Kumar Deepu',1,'o','l','kumarde',NULL,'yes',NULL,NULL,NULL),(885,'Deepu Amandra','','Keloth','kelothd','M','885','name885gmail.com','IN','885','885','',2,'T Technical','B210','GO IN Professional Services','U1224','PS - Telecomms','OGIN','GO India Operation','3','1900-01-01 00:00:00',1,'null,null,null',1,'emp','','contract',NULL,'1234567890','0987654321',1,'2012-11-20 19:35:00','Keloth Deepu Amandra',1,'o','l','kelothd',NULL,'yes',NULL,NULL,NULL),(886,'Deiva Muthu','','Jeyakumar','jeyakumard','F','886','name886gmail.com','IN','886','886','',2,'T Technical','B210','GO IN Professional Services','U1224','PS - Telecomms','OGIN','GO India Operation','3','1900-01-01 00:00:00',1,'null,null,null',1,'emp','','contract',NULL,'1234567890','0987654321',1,'2012-11-20 19:35:00','Jeyakumar Deiva Muthu',1,'o','l','jeyakumard',NULL,'yes',NULL,NULL,NULL),(887,'Deiventhiran','','Nagasundaram','nagasundaramd','M','887','name887gmail.com','IN','887','887','',2,'SD Service Delivery','B210','GO IN Professional Services','U1222','PS - E&U','OGIN','GO India Operation','2','1900-01-01 00:00:00',1,'null,null,null',1,'emp','','contract',NULL,'1234567890','0987654321',1,'2012-11-20 19:35:00','Nagasundaram Deiventhiran',1,'o','l','nagasundaramd',NULL,'yes',NULL,NULL,NULL),(888,'Delhibai','','Kotteeswaran','kotteeswarand','F','888','name888gmail.com','IN','888','888','',1,'SD Service Delivery','B120','GO IN Application Management','U1280','AEM -  Enhancement Management','OGIN','GO India Operation','2','1900-01-01 00:00:00',1,'null,null,null',1,'emp','','contract',NULL,'1234567890','0987654321',1,'2012-11-20 19:35:00','Kotteeswaran Delhibai',1,'o','l','kotteeswarand',NULL,'yes',NULL,NULL,NULL),(889,'Dencil','','Sundar','dencils','M','889','name889gmail.com','IN','889','889','',1,'SD Service Delivery','B160','GO IN Infrastructure Management','U1602','IM - Telecomms','OGIN','GO India Operation','2','1900-01-01 00:00:00',1,'null,null,null',1,'emp','','contract',NULL,'1234567890','0987654321',1,'2012-11-20 19:35:00','Sundar Dencil',1,'o','l','dencils',NULL,'yes',NULL,NULL,NULL),(890,'Desh Kumar','','KPN','kpnd','M','890','name890gmail.com','IN','890','890','',2,'SD Service Delivery','B120','GO IN Application Management','U1279','AIM -  Incident Management','OGIN','GO India Operation','2','1900-01-01 00:00:00',1,'null,null,null',1,'emp','','contract',NULL,'1234567890','0987654321',1,'2012-11-20 19:35:00','KPN Desh Kumar',1,'o','l','kpnd',NULL,'yes',NULL,NULL,NULL),(891,'Deva Kumar','','Bandaru','bandarud','M','891','name891gmail.com','IN','891','891','',2,'T Technical','B210','GO IN Professional Services','U1223','PS - Financial Srvcs','OGIN','GO India Operation','3','1900-01-01 00:00:00',1,'null,null,null',1,'emp','','contract',NULL,'1234567890','0987654321',1,'2012-11-20 19:35:00','Bandaru Deva Kumar',1,'o','l','bandarud',NULL,'yes',NULL,NULL,NULL),(892,'Devadasan','','Rengasamy','rengasamyd','M','892','name892gmail.com','IN','892','892','',2,'T Technical','B160','GO IN Infrastructure Management','U1503','IM - Control Bridge','OGIN','GO India Operation','3','1900-01-01 00:00:00',1,'null,null,null',1,'emp','','contract',NULL,'1234567890','0987654321',1,'2012-11-20 19:35:00','Rengasamy Devadasan',1,'o','l','rengasamyd',NULL,'yes',NULL,NULL,NULL),(893,'Devansh','','Bali','balid','M','893','name893gmail.com','IN','893','893','',1,'T Technical','B210','GO IN Professional Services','U1224','PS - Telecomms','OGIN','GO India Operation','3','1900-01-01 00:00:00',1,'null,null,null',1,'emp','','contract',NULL,'1234567890','0987654321',1,'2012-11-20 19:35:00','Bali Devansh',1,'o','l','balid',NULL,'yes',NULL,NULL,NULL),(894,'Devaraj','','Muthuvelmanickam','muthuvelmanickamd','M','894','name894gmail.com','IN','894','894','',2,'PD Project Delivery','B210','GO IN Professional Services','U1222','PS - E&U','OGIN','GO India Operation','1','1900-01-01 00:00:00',1,'null,null,null',1,'emp','','contract',NULL,'1234567890','0987654321',1,'2012-11-20 19:35:00','Muthuvelmanickam Devaraj',1,'o','l','muthuvelmanickamd',NULL,'yes',NULL,NULL,NULL),(895,'Devaraji','','VSD','vsdd','M','895','name895gmail.com','IN','895','895','',0,'','B110','GO IN Overheads','U1103','BSF - Administration','OGIN','GO India Operation','','1900-01-01 00:00:00',1,'null,null,null',1,'emp','','contract',NULL,'1234567890','0987654321',1,'2012-11-20 19:35:00','VSD Devaraji',1,'o','l','vsdd',NULL,'yes',NULL,NULL,NULL),(896,'Devi','','Chelladurai','chelladuraid','F','896','name896gmail.com','IN','896','896','',1,'SD Service Delivery','B160','GO IN Infrastructure Management','U1502','IM - Service Desk (OGIN B160 U1502)','OGIN','GO India Operation','2','1900-01-01 00:00:00',1,'null,null,null',1,'emp','','contract',NULL,'1234567890','0987654321',1,'2012-11-20 19:35:00','Chelladurai Devi',1,'o','l','chelladuraid',NULL,'yes',NULL,NULL,NULL),(897,'Devi','','Ramalingam','ramalingamd','F','897','name897gmail.com','IN','897','897','',1,'SD Service Delivery','B170','GO IN Country Programme Value Facture','U1734','VF - Wave','OGIN','GO India Operation','2','1900-01-01 00:00:00',1,'null,null,null',1,'emp','','contract',NULL,'1234567890','0987654321',1,'2012-11-20 19:35:00','Ramalingam Devi',1,'o','l','ramalingamd',NULL,'yes',NULL,NULL,NULL),(898,'Devi Niranjani','','Karunanithi','karunanithid','F','898','name898gmail.com','IN','898','898','',2,'SD Service Delivery','B170','GO IN Country Programme Value Facture','U1734','VF - Wave','OGIN','GO India Operation','2','1900-01-01 00:00:00',1,'null,null,null',1,'emp','','contract',NULL,'1234567890','0987654321',1,'2012-11-20 19:35:00','Karunanithi Devi Niranjani',1,'o','l','karunanithid',NULL,'yes',NULL,NULL,NULL),(899,'Devi Vaishnavi','','Vetri Selvan','vetriselvand','F','899','name899gmail.com','IN','899','899','',0,'','B140','GO IN Business Process Outsourcing','U1402','BPO - F&A (OGIN B140 U1402)','OGIN','GO India Operation','','1900-01-01 00:00:00',1,'null,null,null',1,'emp','','contract',NULL,'1234567890','0987654321',1,'2012-11-20 19:35:00','Vetri Selvan Devi Vaishnavi',1,'o','l','vetriselvand',NULL,'yes',NULL,NULL,NULL),(900,'Dhamotharan','','Mani','manid','M','900','name900gmail.com','IN','900','900','',1,'T Technical','B120','GO IN Application Management','U1279','AIM -  Incident Management','OGIN','GO India Operation','3','1900-01-01 00:00:00',1,'null,null,null',1,'emp','','contract',NULL,'1234567890','0987654321',1,'2012-11-20 19:35:00','Mani Dhamotharan',1,'o','l','manid',NULL,'yes',NULL,NULL,NULL),(901,'Dhamu','','Chinneri','chinnerid','M','901','name901gmail.com','IN','901','901','',2,'SD Service Delivery','B120','GO IN Application Management','U1279','AIM -  Incident Management','OGIN','GO India Operation','2','1900-01-01 00:00:00',1,'null,null,null',1,'emp','','contract',NULL,'1234567890','0987654321',1,'2012-11-20 19:35:00','Chinneri Dhamu',1,'o','l','chinnerid',NULL,'yes',NULL,NULL,NULL),(902,'Dhanalakshmi','','Chenepalli','chenepallid','F','902','name902gmail.com','IN','902','902','',1,'MC Marketing and Comm','B115','GO IN Sales and Marketing','U1163','Marcomm Shared Service Centre','OGIN','GO India Operation','11','1900-01-01 00:00:00',1,'null,null,null',1,'emp','','contract',NULL,'1234567890','0987654321',1,'2012-11-20 19:35:00','Chenepalli Dhanalakshmi',1,'o','l','chenepallid',NULL,'yes',NULL,NULL,NULL),(903,'Dhanalakshmi','','Kandaswamy','kandaswamyd','F','903','name903gmail.com','IN','903','903','',2,'MC Marketing and Comm','B115','GO IN Sales and Marketing','U1163','Marcomm Shared Service Centre','OGIN','GO India Operation','11','1900-01-01 00:00:00',1,'null,null,null',1,'emp','','contract',NULL,'1234567890','0987654321',1,'2012-11-20 19:35:00','Kandaswamy Dhanalakshmi',1,'o','l','kandaswamyd',NULL,'yes',NULL,NULL,NULL),(904,'Dhananjayan','','Ramaswamy','ramaswamyd','M','904','name904gmail.com','IN','904','904','',0,'','B110','GO IN Overheads','U1153','BSF - HR','OGIN','GO India Operation','','1900-01-01 00:00:00',1,'null,null,null',1,'emp','','contract',NULL,'1234567890','0987654321',1,'2012-11-20 19:35:00','Ramaswamy Dhananjayan',1,'o','l','ramaswamyd',NULL,'yes',NULL,NULL,NULL),(905,'Dhananjayan','','Sembuselli','sembusellid','M','905','name905gmail.com','IN','905','905','',1,'T Technical','B210','GO IN Professional Services','U1225','PS - IDT Products','OGIN','GO India Operation','3','1900-01-01 00:00:00',1,'null,null,null',1,'emp','','contract',NULL,'1234567890','0987654321',1,'2012-11-20 19:35:00','Sembuselli Dhananjayan',1,'o','l','sembusellid',NULL,'yes',NULL,NULL,NULL),(906,'Dhanasekaran','','Andavan','andavand','M','906','name906gmail.com','IN','906','906','',3,'T Technical','B210','GO IN Professional Services','U1223','PS - Financial Srvcs','OGIN','GO India Operation','3','1900-01-01 00:00:00',1,'null,null,null',1,'emp','','contract',NULL,'1234567890','0987654321',1,'2012-11-20 19:35:00','Andavan Dhanasekaran',1,'o','l','andavand',NULL,'yes',NULL,NULL,NULL),(907,'Dhanasekaran','','Nammalvar','nammalvard','M','907','name907gmail.com','IN','907','907','',2,'SD Service Delivery','B120','GO IN Application Management','U1279','AIM -  Incident Management','OGIN','GO India Operation','2','1900-01-01 00:00:00',1,'null,null,null',1,'emp','','contract',NULL,'1234567890','0987654321',1,'2012-11-20 19:35:00','Nammalvar Dhanasekaran',1,'o','l','nammalvard',NULL,'yes',NULL,NULL,NULL),(908,'Dhanasekaran','','Venkatesan','venkatesand','M','908','name908gmail.com','IN','908','908','',1,'SD Service Delivery','B160','GO IN Infrastructure Management','U1504','IM - Client Services','OGIN','GO India Operation','2','1900-01-01 00:00:00',1,'null,null,null',1,'emp','','contract',NULL,'1234567890','0987654321',1,'2012-11-20 19:35:00','Venkatesan Dhanasekaran',1,'o','l','venkatesand',NULL,'yes',NULL,NULL,NULL),(909,'Dhanashree','','Aranga Ezhilarasan','arangaezhilarasand','F','909','name909gmail.com','IN','909','909','',1,'SD Service Delivery','B120','GO IN Application Management','U1279','AIM -  Incident Management','OGIN','GO India Operation','2','1900-01-01 00:00:00',1,'null,null,null',1,'emp','','contract',NULL,'1234567890','0987654321',1,'2012-11-20 19:35:00','Aranga Ezhilarasan Dhanashree',1,'o','l','arangaezhilarasand',NULL,'yes',NULL,NULL,NULL),(910,'Dhandapani','','Kannan','kannand','M','910','name910gmail.com','IN','910','910','',2,'T Technical','B160','GO IN Infrastructure Management','U1503','IM - Control Bridge','OGIN','GO India Operation','3','1900-01-01 00:00:00',1,'null,null,null',1,'emp','','contract',NULL,'1234567890','0987654321',1,'2012-11-20 19:35:00','Kannan Dhandapani',1,'o','l','kannand',NULL,'yes',NULL,NULL,NULL),(911,'Dhanraj','','Anjanappa','anjanappad','M','911','name911gmail.com','IN','911','911','',1,'PD Project Delivery','B210','GO IN Professional Services','U1222','PS - E&U','OGIN','GO India Operation','1','1900-01-01 00:00:00',1,'null,null,null',1,'emp','','contract',NULL,'1234567890','0987654321',1,'2012-11-20 19:35:00','Anjanappa Dhanraj',1,'o','l','anjanappad',NULL,'yes',NULL,NULL,NULL),(912,'Dhanraj','','Dorairaj','dorairajd','M','912','name912gmail.com','IN','912','912','',1,'F Finance','B140','GO IN Business Process Outsourcing','U1402','BPO - F&A (OGIN B140 U1402)','OGIN','GO India Operation','10','1900-01-01 00:00:00',1,'null,null,null',1,'emp','','contract',NULL,'1234567890','0987654321',1,'2012-11-20 19:35:00','Dorairaj Dhanraj',1,'o','l','dorairajd',NULL,'yes',NULL,NULL,NULL),(913,'Dhanraj','','Krishnaraj','krishnarajd','M','913','name913gmail.com','IN','913','913','',0,'','B160','GO IN Infrastructure Management','U1502','IM - Service Desk (OGIN B160 U1502)','OGIN','GO India Operation','','1900-01-01 00:00:00',1,'null,null,null',1,'emp','','contract',NULL,'1234567890','0987654321',1,'2012-11-20 19:35:00','Krishnaraj Dhanraj',1,'o','l','krishnarajd',NULL,'yes',NULL,NULL,NULL),(914,'Dhansraj','','Durairaj','durairajd','M','914','name914gmail.com','IN','914','914','',0,'','B110','GO IN Overheads','U1153','BSF - HR','OGIN','GO India Operation','','1900-01-01 00:00:00',1,'null,null,null',1,'emp','','contract',NULL,'1234567890','0987654321',1,'2012-11-20 19:35:00','Durairaj Dhansraj',1,'o','l','durairajd',NULL,'yes',NULL,NULL,NULL),(915,'Dharanishankar','','Dhatchinamoorthy','dhatchinamoorthyd','M','915','name915gmail.com','IN','915','915','',2,'T Technical','B120','GO IN Application Management','U1279','AIM -  Incident Management','OGIN','GO India Operation','3','1900-01-01 00:00:00',1,'null,null,null',1,'emp','','contract',NULL,'1234567890','0987654321',1,'2012-11-20 19:35:00','Dhatchinamoorthy Dharanishankar',1,'o','l','dhatchinamoorthyd',NULL,'yes',NULL,NULL,NULL),(916,'Dharitri','','Mohanty','beheradh','F','916','name916gmail.com','IN','916','916','',1,'SD Service Delivery','B210','GO IN Professional Services','U1222','PS - E&U','OGIN','GO India Operation','2','1900-01-01 00:00:00',1,'null,null,null',1,'emp','','contract',NULL,'1234567890','0987654321',1,'2012-11-20 19:35:00','Mohanty Dharitri',1,'o','l','beheradh',NULL,'yes',NULL,NULL,NULL),(917,'Dharma','','Radhakrishnan','radhakrishnand','F','917','name917gmail.com','IN','917','917','',2,'PD Project Delivery','B210','GO IN Professional Services','U1224','PS - Telecomms','OGIN','GO India Operation','1','1900-01-01 00:00:00',1,'null,null,null',1,'emp','','contract',NULL,'1234567890','0987654321',1,'2012-11-20 19:35:00','Radhakrishnan Dharma',1,'o','l','radhakrishnand',NULL,'yes',NULL,NULL,NULL),(918,'Dharmaraj','','Chithambalam','chithambalamd','M','918','name918gmail.com','IN','918','918','',3,'T Technical','B210','GO IN Professional Services','U1221','PS - Central','OGIN','GO India Operation','3','1900-01-01 00:00:00',1,'null,null,null',1,'emp','','contract',NULL,'1234567890','0987654321',1,'2012-11-20 19:35:00','Chithambalam Dharmaraj',1,'o','l','chithambalamd',NULL,'yes',NULL,NULL,NULL),(919,'Dharmarajan','','Hariharan','hariharand','M','919','name919gmail.com','IN','919','919','',2,'SD Service Delivery','B160','GO IN Infrastructure Management','U1607','IM - Project Management','OGIN','GO India Operation','2','1900-01-01 00:00:00',1,'null,null,null',1,'emp','','contract',NULL,'1234567890','0987654321',1,'2012-11-20 19:35:00','Hariharan Dharmarajan',1,'o','l','hariharand',NULL,'yes',NULL,NULL,NULL),(920,'Dharmendra','','Gunaswamy','gunaswamyd','M','920','name920gmail.com','IN','920','920','',1,'T Technical','B160','GO IN Infrastructure Management','U1503','IM - Control Bridge','OGIN','GO India Operation','3','1900-01-01 00:00:00',1,'null,null,null',1,'emp','','contract',NULL,'1234567890','0987654321',1,'2012-11-20 19:35:00','Gunaswamy Dharmendra',1,'o','l','gunaswamyd',NULL,'yes',NULL,NULL,NULL),(921,'Dhatchina Moorthy','','Krishnan','krishnand','M','921','name921gmail.com','IN','921','921','',2,'T Technical','B210','GO IN Professional Services','U1225','PS - IDT Products','OGIN','GO India Operation','3','1900-01-01 00:00:00',1,'null,null,null',1,'emp','','contract',NULL,'1234567890','0987654321',1,'2012-11-20 19:35:00','Krishnan Dhatchina Moorthy',1,'o','l','krishnand',NULL,'yes',NULL,NULL,NULL),(922,'Dhaval Jayendra','','Sanghavi','sanghavid','M','922','name922gmail.com','IN','922','922','',2,'T Technical','B210','GO IN Professional Services','U1224','PS - Telecomms','OGIN','GO India Operation','3','1900-01-01 00:00:00',1,'null,null,null',1,'emp','','contract',NULL,'1234567890','0987654321',1,'2012-11-20 19:35:00','Sanghavi Dhaval Jayendra',1,'o','l','sanghavid',NULL,'yes',NULL,NULL,NULL),(923,'Dheepan','','Chakaravarthi','chakaravarthid','M','923','name923gmail.com','IN','923','923','',1,'T Technical','B210','GO IN Professional Services','U1223','PS - Financial Srvcs','OGIN','GO India Operation','3','1900-01-01 00:00:00',1,'null,null,null',1,'emp','','contract',NULL,'1234567890','0987654321',1,'2012-11-20 19:35:00','Chakaravarthi Dheepan',1,'o','l','chakaravarthid',NULL,'yes',NULL,NULL,NULL),(924,'Dhilip Babu','','Seshu Shankar','seshushankardi','M','924','name924gmail.com','IN','924','924','',1,'MC Marketing and Comm','B115','GO IN Sales and Marketing','U1163','Marcomm Shared Service Centre','OGIN','GO India Operation','11','1900-01-01 00:00:00',1,'null,null,null',1,'emp','','contract',NULL,'1234567890','0987654321',1,'2012-11-20 19:35:00','Seshu Shankar Dhilip Babu',1,'o','l','seshushankardi',NULL,'yes',NULL,NULL,NULL),(925,'Dhiman','','Manji','manjid','M','925','name925gmail.com','IN','925','925','',2,'PD Project Delivery','B210','GO IN Professional Services','U1225','PS - IDT Products','OGIN','GO India Operation','1','1900-01-01 00:00:00',1,'null,null,null',1,'emp','','contract',NULL,'1234567890','0987654321',1,'2012-11-20 19:35:00','Manji Dhiman',1,'o','l','manjid',NULL,'yes',NULL,NULL,NULL),(926,'Dhinesh','','Thenneri Mani','thennerimanid','M','926','name926gmail.com','IN','926','926','',2,'T Technical','B110','GO IN Overheads','U1157','BSF - QA / process','OGIN','GO India Operation','3','1900-01-01 00:00:00',1,'null,null,null',1,'emp','','contract',NULL,'1234567890','0987654321',1,'2012-11-20 19:35:00','Thenneri Mani Dhinesh',1,'o','l','thennerimanid',NULL,'yes',NULL,NULL,NULL),(927,'Dhiraj','','Kumar','kumardh','M','927','name927gmail.com','IN','927','927','',2,'SD Service Delivery','B120','GO IN Application Management','U1279','AIM -  Incident Management','OGIN','GO India Operation','2','1900-01-01 00:00:00',1,'null,null,null',1,'emp','','contract',NULL,'1234567890','0987654321',1,'2012-11-20 19:35:00','Kumar Dhiraj',1,'o','l','kumardh',NULL,'yes',NULL,NULL,NULL),(928,'Dhiraj Anand','','Shetty','shettyd','M','928','name928gmail.com','IN','928','928','',3,'PD Project Delivery','B210','GO IN Professional Services','U1223','PS - Financial Srvcs','OGIN','GO India Operation','1','1900-01-01 00:00:00',1,'null,null,null',1,'emp','','contract',NULL,'1234567890','0987654321',1,'2012-11-20 19:35:00','Shetty Dhiraj Anand',1,'o','l','shettyd',NULL,'yes',NULL,NULL,NULL),(929,'Dhirendra Kumar','','Sahoo','sahood','M','929','name929gmail.com','IN','929','929','',2,'T Technical','B120','GO IN Application Management','U1280','AEM -  Enhancement Management','OGIN','GO India Operation','3','1900-01-01 00:00:00',1,'null,null,null',1,'emp','','contract',NULL,'1234567890','0987654321',1,'2012-11-20 19:35:00','Sahoo Dhirendra Kumar',1,'o','l','sahood',NULL,'yes',NULL,NULL,NULL),(930,'Dhivya Jothy','','Samin Sankar','saminsankard','F','930','name930gmail.com','IN','930','930','',1,'T Technical','B120','GO IN Application Management','U1279','AIM -  Incident Management','OGIN','GO India Operation','3','1900-01-01 00:00:00',1,'null,null,null',1,'emp','','contract',NULL,'1234567890','0987654321',1,'2012-11-20 19:35:00','Samin Sankar Dhivya Jothy',1,'o','l','saminsankard',NULL,'yes',NULL,NULL,NULL),(931,'Dhivyaa','','Rajasekaran','rajasekarandh','F','931','name931gmail.com','IN','931','931','',1,'T Technical','B160','GO IN Infrastructure Management','U1602','IM - Telecomms','OGIN','GO India Operation','3','1900-01-01 00:00:00',1,'null,null,null',1,'emp','','contract',NULL,'1234567890','0987654321',1,'2012-11-20 19:35:00','Rajasekaran Dhivyaa',1,'o','l','rajasekarandh',NULL,'yes',NULL,NULL,NULL),(932,'Dhivyajeni','','Josephraj','josephrajd','F','932','name932gmail.com','IN','932','932','',1,'SD Service Delivery','B160','GO IN Infrastructure Management','U1605','IM - Distributed Srvcs (OGIN B160 U1605)','OGIN','GO India Operation','2','1900-01-01 00:00:00',1,'null,null,null',1,'emp','','contract',NULL,'1234567890','0987654321',1,'2012-11-20 19:35:00','Josephraj Dhivyajeni',1,'o','l','josephrajd',NULL,'yes',NULL,NULL,NULL),(933,'Dhivyalakshmi','','Gopalakrishnan','gopalakrishnand','F','933','name933gmail.com','IN','933','933','',1,'T Technical','B210','GO IN Professional Services','U1224','PS - Telecomms','OGIN','GO India Operation','3','1900-01-01 00:00:00',1,'null,null,null',1,'emp','','contract',NULL,'1234567890','0987654321',1,'2012-11-20 19:35:00','Gopalakrishnan Dhivyalakshmi',1,'o','l','gopalakrishnand',NULL,'yes',NULL,NULL,NULL),(934,'Dhurga Thivya','','Ramaraj','ramarajd','F','934','name934gmail.com','IN','934','934','',1,'SD Service Delivery','B120','GO IN Application Management','U1280','AEM -  Enhancement Management','OGIN','GO India Operation','2','1900-01-01 00:00:00',1,'null,null,null',1,'emp','','contract',NULL,'1234567890','0987654321',1,'2012-11-20 19:35:00','Ramaraj Dhurga Thivya',1,'o','l','ramarajd',NULL,'yes',NULL,NULL,NULL),(935,'Diana','','Moses','mosesd','F','935','name935gmail.com','IN','935','935','',1,'SD Service Delivery','B210','GO IN Professional Services','U1227','PS - India Domestic','OGIN','GO India Operation','2','1900-01-01 00:00:00',1,'null,null,null',1,'emp','','contract',NULL,'1234567890','0987654321',1,'2012-11-20 19:35:00','Moses Diana',1,'o','l','mosesd',NULL,'yes',NULL,NULL,NULL),(936,'Dickson','','Yovan','yovand','M','936','name936gmail.com','IN','936','936','',1,'T Technical','B160','GO IN Infrastructure Management','U1616','IM - Toolsets','OGIN','GO India Operation','3','1900-01-01 00:00:00',1,'null,null,null',1,'emp','','contract',NULL,'1234567890','0987654321',1,'2012-11-20 19:35:00','Yovan Dickson',1,'o','l','yovand',NULL,'yes',NULL,NULL,NULL),(937,'Digvijay','','Karasi','karasid','M','937','name937gmail.com','IN','937','937','',1,'T Technical','B210','GO IN Professional Services','U1224','PS - Telecomms','OGIN','GO India Operation','3','1900-01-01 00:00:00',1,'null,null,null',1,'emp','','contract',NULL,'1234567890','0987654321',1,'2012-11-20 19:35:00','Karasi Digvijay',1,'o','l','karasid',NULL,'yes',NULL,NULL,NULL),(938,'Dijeesh','','Nair S','nairsd','M','938','name938gmail.com','IN','938','938','',2,'SD Service Delivery','B160','GO IN Infrastructure Management','U1604','IM - SAN','OGIN','GO India Operation','2','1900-01-01 00:00:00',1,'null,null,null',1,'emp','','contract',NULL,'1234567890','0987654321',1,'2012-11-20 19:35:00','Nair S Dijeesh',1,'o','l','nairsd',NULL,'yes',NULL,NULL,NULL),(939,'Dileep','','Gatla','gatlad','M','939','name939gmail.com','IN','939','939','',2,'SD Service Delivery','B120','GO IN Application Management','U1279','AIM -  Incident Management','OGIN','GO India Operation','2','1900-01-01 00:00:00',1,'null,null,null',1,'emp','','contract',NULL,'1234567890','0987654321',1,'2012-11-20 19:35:00','Gatla Dileep',1,'o','l','gatlad',NULL,'yes',NULL,NULL,NULL),(940,'Dileep Kumar','','Pasumarthi','pasumarthid','M','940','name940gmail.com','IN','940','940','',1,'T Technical','B170','GO IN Country Programme Value Facture','U1734','VF - Wave','OGIN','GO India Operation','3','1900-01-01 00:00:00',1,'null,null,null',1,'emp','','contract',NULL,'1234567890','0987654321',1,'2012-11-20 19:35:00','Pasumarthi Dileep Kumar',1,'o','l','pasumarthid',NULL,'yes',NULL,NULL,NULL),(941,'Dileep Kumar','','Sayapineni','sayapinenid','M','941','name941gmail.com','IN','941','941','',1,'SD Service Delivery','B120','GO IN Application Management','U1279','AIM -  Incident Management','OGIN','GO India Operation','2','1900-01-01 00:00:00',1,'null,null,null',1,'emp','','contract',NULL,'1234567890','0987654321',1,'2012-11-20 19:35:00','Sayapineni Dileep Kumar',1,'o','l','sayapinenid',NULL,'yes',NULL,NULL,NULL),(942,'Dilip','','Pamidighantam','pamidighantamd','M','942','name942gmail.com','IN','942','942','',2,'T Technical','B210','GO IN Professional Services','U1223','PS - Financial Srvcs','OGIN','GO India Operation','3','1900-01-01 00:00:00',1,'null,null,null',1,'emp','','contract',NULL,'1234567890','0987654321',1,'2012-11-20 19:35:00','Pamidighantam Dilip',1,'o','l','pamidighantamd',NULL,'yes',NULL,NULL,NULL),(943,'Dilip Kumar','','Singh','singhdk','M','943','name943gmail.com','IN','943','943','',2,'SD Service Delivery','B120','GO IN Application Management','U1281','ATM - Test Management','OGIN','GO India Operation','2','1900-01-01 00:00:00',1,'null,null,null',1,'emp','','contract',NULL,'1234567890','0987654321',1,'2012-11-20 19:35:00','Singh Dilip Kumar',1,'o','l','singhdk',NULL,'yes',NULL,NULL,NULL),(944,'Dilli Kumar','','Chokkalingam','chokkalingamd','M','944','name944gmail.com','IN','944','944','',1,'SD Service Delivery','B120','GO IN Application Management','U1279','AIM -  Incident Management','OGIN','GO India Operation','2','1900-01-01 00:00:00',1,'null,null,null',1,'emp','','contract',NULL,'1234567890','0987654321',1,'2012-11-20 19:35:00','Chokkalingam Dilli Kumar',1,'o','l','chokkalingamd',NULL,'yes',NULL,NULL,NULL),(945,'Dimple','','Pinto','pintodm','F','945','name945gmail.com','IN','945','945','',0,'','B110','GO IN Overheads','U1161','BSF- Resourcing','OGIN','GO India Operation','','1900-01-01 00:00:00',1,'null,null,null',1,'emp','','contract',NULL,'1234567890','0987654321',1,'2012-11-20 19:35:00','Pinto Dimple',1,'o','l','pintodm',NULL,'yes',NULL,NULL,NULL),(946,'Dinabandhu','','Das','dasdn','M','946','name946gmail.com','IN','946','946','',1,'SD Service Delivery','B120','GO IN Application Management','U1244','GEAS - Integration Srvcs','OGIN','GO India Operation','2','1900-01-01 00:00:00',1,'null,null,null',1,'emp','','contract',NULL,'1234567890','0987654321',1,'2012-11-20 19:35:00','Das Dinabandhu',1,'o','l','dasdn',NULL,'yes',NULL,NULL,NULL),(947,'Dinakar','','Rajasekaran','rajasekarand','M','947','name947gmail.com','IN','947','947','',3,'BC Business Consultancy','B160','GO IN Infrastructure Management','U1617','IM - Presales & Bid Support','OGIN','GO India Operation','4','1900-01-01 00:00:00',1,'null,null,null',1,'emp','','contract',NULL,'1234567890','0987654321',1,'2012-11-20 19:35:00','Rajasekaran Dinakar',1,'o','l','rajasekarand',NULL,'yes',NULL,NULL,NULL),(948,'Dinakaran','','Musuvathi Vittal','musuvathivittald','M','948','name948gmail.com','IN','948','948','',1,'T Technical','B120','GO IN Application Management','U1279','AIM -  Incident Management','OGIN','GO India Operation','3','1900-01-01 00:00:00',1,'null,null,null',1,'emp','','contract',NULL,'1234567890','0987654321',1,'2012-11-20 19:35:00','Musuvathi Vittal Dinakaran',1,'o','l','musuvathivittald',NULL,'yes',NULL,NULL,NULL),(949,'Dinesh','','Adhinarayanan','adhinarayanand','M','949','name949gmail.com','IN','949','949','',1,'T Technical','B210','GO IN Professional Services','U1226','PS - DICE','OGIN','GO India Operation','3','1900-01-01 00:00:00',1,'null,null,null',1,'emp','','contract',NULL,'1234567890','0987654321',1,'2012-11-20 19:35:00','Adhinarayanan Dinesh',1,'o','l','adhinarayanand',NULL,'yes',NULL,NULL,NULL),(950,'Dinesh','','Johnkasah','johnkasahd','M','950','name950gmail.com','IN','950','950','',1,'SD Service Delivery','B160','GO IN Infrastructure Management','U1502','IM - Service Desk (OGIN B160 U1502)','OGIN','GO India Operation','2','1900-01-01 00:00:00',1,'null,null,null',1,'emp','','contract',NULL,'1234567890','0987654321',1,'2012-11-20 19:35:00','Johnkasah Dinesh',1,'o','l','johnkasahd',NULL,'yes',NULL,NULL,NULL),(951,'Dinesh','','Kumar','kumardn','M','951','name951gmail.com','IN','951','951','',3,'SD Service Delivery','B160','GO IN Infrastructure Management','U1603','IM - Wintel (OGIN B160 U1603)','OGIN','GO India Operation','2','1900-01-01 00:00:00',1,'null,null,null',1,'emp','','contract',NULL,'1234567890','0987654321',1,'2012-11-20 19:35:00','Kumar Dinesh',1,'o','l','kumardn',NULL,'yes',NULL,NULL,NULL),(952,'Dinesh','','Muthu','muthudi','M','952','name952gmail.com','IN','952','952','',2,'SD Service Delivery','B160','GO IN Infrastructure Management','U1504','IM - Client Services','OGIN','GO India Operation','2','1900-01-01 00:00:00',1,'null,null,null',1,'emp','','contract',NULL,'1234567890','0987654321',1,'2012-11-20 19:35:00','Muthu Dinesh',1,'o','l','muthudi',NULL,'yes',NULL,NULL,NULL),(953,'Dinesh','','Natarajan','natarajandi','M','953','name953gmail.com','IN','953','953','',1,'SD Service Delivery','B160','GO IN Infrastructure Management','U1605','IM - Distributed Srvcs (OGIN B160 U1605)','OGIN','GO India Operation','2','1900-01-01 00:00:00',1,'null,null,null',1,'emp','','contract',NULL,'1234567890','0987654321',1,'2012-11-20 19:35:00','Natarajan Dinesh',1,'o','l','natarajandi',NULL,'yes',NULL,NULL,NULL),(954,'Dinesh','','Paradesi','paradesid','M','954','name954gmail.com','IN','954','954','',1,'SD Service Delivery','B120','GO IN Application Management','U1281','ATM - Test Management','OGIN','GO India Operation','2','1900-01-01 00:00:00',1,'null,null,null',1,'emp','','contract',NULL,'1234567890','0987654321',1,'2012-11-20 19:35:00','Paradesi Dinesh',1,'o','l','paradesid',NULL,'yes',NULL,NULL,NULL),(955,'Dinesh','','Sethiya','sethiyad','M','955','name955gmail.com','IN','955','955','',3,'PD Project Delivery','B210','GO IN Professional Services','U1224','PS - Telecomms','OGIN','GO India Operation','1','1900-01-01 00:00:00',1,'null,null,null',1,'emp','','contract',NULL,'1234567890','0987654321',1,'2012-11-20 19:35:00','Sethiya Dinesh',1,'o','l','sethiyad',NULL,'yes',NULL,NULL,NULL),(956,'Dinesh','','Shettigar','shettigard','M','956','name956gmail.com','IN','956','956','',3,'SD Service Delivery','B120','GO IN Application Management','U1281','ATM - Test Management','OGIN','GO India Operation','2','1900-01-01 00:00:00',1,'null,null,null',1,'emp','','contract',NULL,'1234567890','0987654321',1,'2012-11-20 19:35:00','Shettigar Dinesh',1,'o','l','shettigard',NULL,'yes',NULL,NULL,NULL),(957,'Dinesh','','Subramanian','subramaniandi','M','957','name957gmail.com','IN','957','957','',1,'SD Service Delivery','B160','GO IN Infrastructure Management','U1504','IM - Client Services','OGIN','GO India Operation','2','1900-01-01 00:00:00',1,'null,null,null',1,'emp','','contract',NULL,'1234567890','0987654321',1,'2012-11-20 19:35:00','Subramanian Dinesh',1,'o','l','subramaniandi',NULL,'yes',NULL,NULL,NULL),(958,'Dinesh Babu','','Subramanian','subramaniand','M','958','name958gmail.com','IN','958','958','',1,'SD Service Delivery','B120','GO IN Application Management','U1279','AIM -  Incident Management','OGIN','GO India Operation','2','1900-01-01 00:00:00',1,'null,null,null',1,'emp','','contract',NULL,'1234567890','0987654321',1,'2012-11-20 19:35:00','Subramanian Dinesh Babu',1,'o','l','subramaniand',NULL,'yes',NULL,NULL,NULL),(959,'Dinesh Kanth','','Senthilvel','senthilveld','M','959','name959gmail.com','IN','959','959','',2,'T Technical','B120','GO IN Application Management','U1280','AEM -  Enhancement Management','OGIN','GO India Operation','3','1900-01-01 00:00:00',1,'null,null,null',1,'emp','','contract',NULL,'1234567890','0987654321',1,'2012-11-20 19:35:00','Senthilvel Dinesh Kanth',1,'o','l','senthilveld',NULL,'yes',NULL,NULL,NULL),(960,'Dinesh Kumar','','Chandrasekaran','chandrasekarand','M','960','name960gmail.com','IN','960','960','',1,'T Technical','B160','GO IN Infrastructure Management','U1503','IM - Control Bridge','OGIN','GO India Operation','3','1900-01-01 00:00:00',1,'null,null,null',1,'emp','','contract',NULL,'1234567890','0987654321',1,'2012-11-20 19:35:00','Chandrasekaran Dinesh Kumar',1,'o','l','chandrasekarand',NULL,'yes',NULL,NULL,NULL),(961,'Dinesh Kumar','','Jaichandran','jaichandrand','M','961','name961gmail.com','IN','961','961','',1,'T Technical','B160','GO IN Infrastructure Management','U1616','IM - Toolsets','OGIN','GO India Operation','3','1900-01-01 00:00:00',1,'null,null,null',1,'emp','','contract',NULL,'1234567890','0987654321',1,'2012-11-20 19:35:00','Jaichandran Dinesh Kumar',1,'o','l','jaichandrand',NULL,'yes',NULL,NULL,NULL),(962,'Dinesh PG','','Kumar','kumardp','M','962','name962gmail.com','IN','962','962','',1,'SD Service Delivery','B120','GO IN Application Management','U1281','ATM - Test Management','OGIN','GO India Operation','2','1900-01-01 00:00:00',1,'null,null,null',1,'emp','','contract',NULL,'1234567890','0987654321',1,'2012-11-20 19:35:00','Kumar Dinesh PG',1,'o','l','kumardp',NULL,'yes',NULL,NULL,NULL),(963,'Dinesh Reddy','','Peddamallu','peddamallud','M','963','name963gmail.com','IN','963','963','',1,'T Technical','B210','GO IN Professional Services','U1222','PS - E&U','OGIN','GO India Operation','3','1900-01-01 00:00:00',1,'null,null,null',1,'emp','','contract',NULL,'1234567890','0987654321',1,'2012-11-20 19:35:00','Peddamallu Dinesh Reddy',1,'o','l','peddamallud',NULL,'yes',NULL,NULL,NULL),(964,'Dineshkumar','','Rajasekar','rajasekard','M','964','name964gmail.com','IN','964','964','',1,'SD Service Delivery','B120','GO IN Application Management','U1280','AEM -  Enhancement Management','OGIN','GO India Operation','2','1900-01-01 00:00:00',1,'null,null,null',1,'emp','','contract',NULL,'1234567890','0987654321',1,'2012-11-20 19:35:00','Rajasekar Dineshkumar',1,'o','l','rajasekard',NULL,'yes',NULL,NULL,NULL),(965,'Dipanjan','','Ghosh','ghoshdi','M','965','name965gmail.com','IN','965','965','',1,'T Technical','B210','GO IN Professional Services','U1223','PS - Financial Srvcs','OGIN','GO India Operation','3','1900-01-01 00:00:00',1,'null,null,null',1,'emp','','contract',NULL,'1234567890','0987654321',1,'2012-11-20 19:35:00','Ghosh Dipanjan',1,'o','l','ghoshdi',NULL,'yes',NULL,NULL,NULL),(966,'Dipankar','','Banerjee','banerjeedi','M','966','name966gmail.com','IN','966','966','',1,'SD Service Delivery','B120','GO IN Application Management','U1279','AIM -  Incident Management','OGIN','GO India Operation','2','1900-01-01 00:00:00',1,'null,null,null',1,'emp','','contract',NULL,'1234567890','0987654321',1,'2012-11-20 19:35:00','Banerjee Dipankar',1,'o','l','banerjeedi',NULL,'yes',NULL,NULL,NULL),(967,'Divakar','','Ramu','ramud','M','967','name967gmail.com','IN','967','967','',2,'SD Service Delivery','B120','GO IN Application Management','U1281','ATM - Test Management','OGIN','GO India Operation','2','1900-01-01 00:00:00',1,'null,null,null',1,'emp','','contract',NULL,'1234567890','0987654321',1,'2012-11-20 19:35:00','Ramu Divakar',1,'o','l','ramud',NULL,'yes',NULL,NULL,NULL),(968,'Divesh Kumar','','Bora','borad','M','968','name968gmail.com','IN','968','968','',1,'SD Service Delivery','B120','GO IN Application Management','U1280','AEM -  Enhancement Management','OGIN','GO India Operation','2','1900-01-01 00:00:00',1,'null,null,null',1,'emp','','contract',NULL,'1234567890','0987654321',1,'2012-11-20 19:35:00','Bora Divesh Kumar',1,'o','l','borad',NULL,'yes',NULL,NULL,NULL),(969,'Divjot','','Singh','singhdv','M','969','name969gmail.com','IN','969','969','',2,'SD Service Delivery','B160','GO IN Infrastructure Management','U1616','IM - Toolsets','OGIN','GO India Operation','2','1900-01-01 00:00:00',1,'null,null,null',1,'emp','','contract',NULL,'1234567890','0987654321',1,'2012-11-20 19:35:00','Singh Divjot',1,'o','l','singhdv',NULL,'yes',NULL,NULL,NULL),(971,'Noufal','CC','CC','ccnoufal','M','11111111','noufal@agiledgesolutions.com',NULL,NULL,NULL,NULL,NULL,NULL,NULL,NULL,NULL,NULL,NULL,NULL,NULL,'2012-01-01 00:00:00',1,'Changara chola house',0,'emp',NULL,'contract',NULL,'7411075247',NULL,NULL,'2013-10-22 14:30:34','Noufal CC',1,NULL,'l','KEH3ACH!HE',NULL,'Yes',NULL,NULL,NULL);
/*!40000 ALTER TABLE `employee` ENABLE KEYS */;
UNLOCK TABLES;

--
-- Table structure for table `employee_schedule`
--

DROP TABLE IF EXISTS `employee_schedule`;
/*!40101 SET @saved_cs_client     = @@character_set_client */;
/*!40101 SET character_set_client = utf8 */;
CREATE TABLE `employee_schedule` (
  `id` bigint(20) NOT NULL AUTO_INCREMENT,
  `subscription_id` bigint(20) DEFAULT NULL,
  `employee_id` bigint(20) DEFAULT NULL,
  `project` varchar(50) DEFAULT NULL,
  `from_date` datetime DEFAULT NULL,
  `to_date` datetime DEFAULT NULL,
  `login_time` varchar(15) DEFAULT NULL,
  `logout_time` varchar(15) DEFAULT NULL,
  `scheduledBy` varchar(30) DEFAULT NULL,
  `log_status` varchar(5) DEFAULT NULL,
  `status` varchar(5) DEFAULT NULL,
  `cancel_date` datetime DEFAULT NULL,
  `statusDate` timestamp NULL DEFAULT CURRENT_TIMESTAMP,
  `type` varchar(15) DEFAULT 'project',
  PRIMARY KEY (`id`)
) ENGINE=InnoDB AUTO_INCREMENT=64 DEFAULT CHARSET=utf8;
/*!40101 SET character_set_client = @saved_cs_client */;

--
-- Dumping data for table `employee_schedule`
--

LOCK TABLES `employee_schedule` WRITE;
/*!40000 ALTER TABLE `employee_schedule` DISABLE KEYS */;
INSERT INTO `employee_schedule` VALUES (1,2,9,'2','2013-07-19 00:00:00','2013-07-29 00:00:00','10:00','20:00','101','both','a',NULL,'2013-07-10 09:40:04',NULL),(2,3,10,'2','2013-07-19 00:00:00','2013-07-29 00:00:00','10:00','20:00','101','both','a',NULL,'2013-07-10 09:40:04',NULL),(3,4,11,'2','2013-07-19 00:00:00','2013-07-29 00:00:00','11:00','20:00','101','both','a',NULL,'2013-07-10 09:40:04',NULL),(4,5,12,'2','2013-07-19 00:00:00','2013-07-29 00:00:00','10:00','20:00','101','both','a',NULL,'2013-07-10 09:40:04',NULL),(5,6,13,'2','2013-07-19 00:00:00','2013-07-29 00:00:00','10:00','20:00','101','both','a',NULL,'2013-07-10 09:40:04',NULL),(6,7,14,'2','2013-07-19 00:00:00','2013-07-29 00:00:00','10:00','20:00','101','both','a',NULL,'2013-07-10 09:40:04',NULL),(7,8,16,'2','2013-07-19 00:00:00','2013-07-29 00:00:00','10:00','20:00','101','both','a',NULL,'2013-07-10 09:40:04',NULL),(8,9,17,'2','2013-07-19 00:00:00','2013-07-29 00:00:00','15:00','19:00','101','both','a',NULL,'2013-07-10 10:14:44',NULL),(9,10,18,'2','2013-07-19 00:00:00','2013-07-29 00:00:00','10:00','21:00','101','both','c','2013-07-20 00:00:00','2013-07-10 09:40:04',NULL),(10,1,8,'2','2013-07-11 00:00:00','2013-07-29 00:00:00','09:00','17:00','1','both','a',NULL,'2013-07-10 10:00:18',NULL),(11,2,9,'2','2013-07-11 00:00:00','2013-07-18 00:00:00','03:00','11:00','1','both','a',NULL,'2013-07-10 10:33:09',NULL),(12,3,10,'2','2013-07-11 00:00:00','2013-07-18 00:00:00','03:00','11:00','1','both','a',NULL,'2013-07-10 10:33:09',NULL),(13,4,11,'2','2013-07-11 00:00:00','2013-07-18 00:00:00','03:00','11:00','1','both','a',NULL,'2013-07-10 10:33:09',NULL),(14,5,12,'2','2013-07-11 00:00:00','2013-07-18 00:00:00','03:00','11:00','1','both','a',NULL,'2013-07-10 10:33:09',NULL),(15,6,13,'2','2013-07-11 00:00:00','2013-07-18 00:00:00','03:00','11:00','1','both','a',NULL,'2013-07-10 10:33:09',NULL),(16,7,14,'2','2013-07-11 00:00:00','2013-07-18 00:00:00','03:00','11:00','1','both','a',NULL,'2013-07-10 10:33:09',NULL),(17,8,16,'2','2013-07-11 00:00:00','2013-07-18 00:00:00','03:00','11:00','1','both','a',NULL,'2013-07-10 10:33:09',NULL),(18,9,17,'2','2013-07-11 00:00:00','2013-07-18 00:00:00','03:00','11:00','1','both','a',NULL,'2013-07-10 10:33:09',NULL),(19,10,18,'2','2013-07-11 00:00:00','2013-07-18 00:00:00','03:00','11:00','1','both','a',NULL,'2013-07-10 10:33:09',NULL),(20,1,8,'2','2013-08-28 00:00:00','2013-09-21 00:00:00','07:00','16:00','1','both','a',NULL,'2013-08-27 13:37:02',NULL),(21,2,9,'2','2013-08-28 00:00:00','2013-09-21 00:00:00','07:00','16:00','1','both','a',NULL,'2013-08-27 13:37:02',NULL),(22,3,10,'2','2013-08-28 00:00:00','2013-09-21 00:00:00','07:00','16:00','1','both','a',NULL,'2013-08-27 13:37:02',NULL),(23,4,11,'2','2013-08-28 00:00:00','2013-09-21 00:00:00','07:00','16:00','1','both','a',NULL,'2013-08-27 13:37:02',NULL),(24,5,12,'2','2013-08-28 00:00:00','2013-09-21 00:00:00','07:00','16:00','1','both','a',NULL,'2013-08-27 13:37:02',NULL),(25,6,13,'2','2013-08-28 00:00:00','2013-09-21 00:00:00','07:00','16:00','1','both','a',NULL,'2013-08-27 13:37:02',NULL),(26,7,14,'2','2013-08-28 00:00:00','2013-09-21 00:00:00','07:00','16:00','1','both','a',NULL,'2013-08-27 13:37:02',NULL),(27,8,16,'2','2013-08-28 00:00:00','2013-09-21 00:00:00','07:00','16:00','1','both','a',NULL,'2013-08-27 13:37:02',NULL),(28,9,17,'2','2013-08-28 00:00:00','2013-09-21 00:00:00','07:00','16:00','1','both','a',NULL,'2013-08-27 13:37:02',NULL),(29,1,8,'2','2013-10-08 00:00:00','2013-10-31 00:00:00','06:00','17:00','1','both','a',NULL,'2013-10-07 06:57:10',NULL),(30,2,9,'2','2013-10-08 00:00:00','2013-10-31 00:00:00','06:00','17:00','1','both','a',NULL,'2013-10-07 06:57:11',NULL),(31,3,10,'2','2013-10-08 00:00:00','2013-10-31 00:00:00','06:00','17:00','1','both','a',NULL,'2013-10-07 06:57:11',NULL),(32,4,11,'2','2013-10-08 00:00:00','2013-10-31 00:00:00','06:00','17:00','1','both','a',NULL,'2013-10-07 06:57:11',NULL),(33,5,12,'2','2013-10-08 00:00:00','2013-10-31 00:00:00','06:00','17:00','1','both','a',NULL,'2013-10-07 06:57:11',NULL),(34,6,13,'2','2013-10-08 00:00:00','2013-10-31 00:00:00','06:00','17:00','1','both','a',NULL,'2013-10-07 07:01:04',NULL),(35,7,14,'2','2013-10-08 00:00:00','2013-10-31 00:00:00','06:00','17:00','1','both','a',NULL,'2013-10-07 07:01:04',NULL),(36,8,16,'2','2013-10-08 00:00:00','2013-10-31 00:00:00','06:00','17:00','1','both','a',NULL,'2013-10-07 07:01:04',NULL),(37,9,17,'2','2013-10-08 00:00:00','2013-10-31 00:00:00','06:00','17:00','1','both','a',NULL,'2013-10-07 07:01:04',NULL),(38,1,8,'2','2013-11-13 00:00:00','2013-12-03 00:00:00','06:00','16:00','1','both','a',NULL,'2013-11-12 10:33:24',NULL),(39,2,9,'2','2013-11-13 00:00:00','2013-12-03 00:00:00','06:00','16:00','1','both','a',NULL,'2013-11-12 10:33:24',NULL),(40,3,10,'2','2013-11-13 00:00:00','2013-12-03 00:00:00','06:00','16:00','1','both','a',NULL,'2013-11-12 10:33:24',NULL),(41,4,11,'2','2013-11-13 00:00:00','2013-12-03 00:00:00','06:00','16:00','1','both','a',NULL,'2013-11-12 10:33:24',NULL),(42,5,12,'2','2013-11-13 00:00:00','2013-12-03 00:00:00','06:00','16:00','1','both','a',NULL,'2013-11-12 10:33:24',NULL),(43,6,13,'2','2013-11-13 00:00:00','2013-12-03 00:00:00','06:00','16:00','1','both','a',NULL,'2013-11-12 10:33:24',NULL),(44,7,14,'2','2013-11-13 00:00:00','2013-12-03 00:00:00','06:00','16:00','1','both','a',NULL,'2013-11-12 10:33:24',NULL),(45,8,16,'2','2013-11-13 00:00:00','2013-12-03 00:00:00','06:00','16:00','1','both','a',NULL,'2013-11-12 10:33:24',NULL),(46,9,17,'2','2013-11-13 00:00:00','2013-12-03 00:00:00','06:00','16:00','1','both','a',NULL,'2013-11-12 10:33:24',NULL),(47,1,8,'2','2013-12-04 00:00:00','2013-12-31 00:00:00','06:00','18:00','1','both','a',NULL,'2013-12-01 09:10:22',NULL),(48,2,9,'2','2013-12-04 00:00:00','2013-12-31 00:00:00','06:00','18:00','1','both','a',NULL,'2013-12-01 09:10:22',NULL),(49,3,10,'2','2013-12-04 00:00:00','2013-12-31 00:00:00','06:00','18:00','1','both','a',NULL,'2013-12-01 09:10:22',NULL),(50,4,11,'2','2013-12-04 00:00:00','2013-12-31 00:00:00','06:00','18:00','1','both','a',NULL,'2013-12-01 09:10:22',NULL),(51,5,12,'2','2013-12-04 00:00:00','2013-12-31 00:00:00','06:00','18:00','1','both','a',NULL,'2013-12-01 09:10:22',NULL),(52,6,13,'2','2013-12-04 00:00:00','2013-12-31 00:00:00','06:00','18:00','1','both','a',NULL,'2013-12-01 09:10:22',NULL),(53,7,14,'2','2013-12-04 00:00:00','2013-12-31 00:00:00','06:00','18:00','1','both','a',NULL,'2013-12-01 09:10:22',NULL),(54,8,16,'2','2013-12-04 00:00:00','2013-12-31 00:00:00','06:00','18:00','1','both','a',NULL,'2013-12-01 09:10:22',NULL),(55,1,8,'2','2014-04-08 00:00:00','2014-04-30 00:00:00','07:00','20:00','1','both','a',NULL,'2014-04-07 07:22:44','project'),(56,2,9,'2','2014-04-08 00:00:00','2014-04-30 00:00:00','07:00','20:00','1','both','a',NULL,'2014-04-07 07:22:44','project'),(57,3,10,'2','2014-04-08 00:00:00','2014-04-30 00:00:00','07:00','20:00','1','both','a',NULL,'2014-04-07 07:22:44','project'),(58,4,11,'2','2014-04-08 00:00:00','2014-04-30 00:00:00','07:00','20:00','1','both','a',NULL,'2014-04-07 07:22:44','project'),(59,5,12,'2','2014-04-08 00:00:00','2014-04-30 00:00:00','07:00','20:00','1','both','a',NULL,'2014-04-07 07:22:44','project'),(60,6,13,'2','2014-04-08 00:00:00','2014-04-30 00:00:00','07:00','20:00','1','both','a',NULL,'2014-04-07 07:22:44','project'),(61,7,14,'2','2014-04-08 00:00:00','2014-04-30 00:00:00','07:00','20:00','1','both','a',NULL,'2014-04-07 07:22:44','project'),(62,8,16,'2','2014-04-10 00:00:00','2014-04-30 00:00:00','07:00','20:00','1','both','a',NULL,'2014-04-07 07:22:44','project'),(63,9,17,'2','2014-04-10 00:00:00','2014-04-30 00:00:00','07:00','20:00','1','both','a',NULL,'2014-04-07 07:22:44','project');
/*!40000 ALTER TABLE `employee_schedule` ENABLE KEYS */;
UNLOCK TABLES;

--
-- Table structure for table `employee_schedule_alter`
--

DROP TABLE IF EXISTS `employee_schedule_alter`;
/*!40101 SET @saved_cs_client     = @@character_set_client */;
/*!40101 SET character_set_client = utf8 */;
CREATE TABLE `employee_schedule_alter` (
  `id` bigint(20) NOT NULL AUTO_INCREMENT,
  `scheduleId` bigint(20) NOT NULL,
  `date` datetime NOT NULL,
  `login_time` varchar(15) DEFAULT NULL,
  `logout_time` varchar(15) DEFAULT NULL,
  `status` varchar(5) DEFAULT NULL,
  `statusDate` datetime DEFAULT NULL,
  `updatedBy` int(11) DEFAULT NULL,
  `routingtype` varchar(5) DEFAULT NULL,
  PRIMARY KEY (`id`)
) ENGINE=InnoDB AUTO_INCREMENT=19 DEFAULT CHARSET=utf8;
/*!40101 SET character_set_client = @saved_cs_client */;

--
-- Dumping data for table `employee_schedule_alter`
--

LOCK TABLES `employee_schedule_alter` WRITE;
/*!40000 ALTER TABLE `employee_schedule_alter` DISABLE KEYS */;
INSERT INTO `employee_schedule_alter` VALUES (1,56,'2014-04-12 00:00:00','weekly off','weekly off','a','2014-04-07 00:00:00',1,NULL),(2,56,'2014-04-13 00:00:00','weekly off','weekly off','a','2014-04-07 00:00:00',1,NULL),(3,56,'2014-04-19 00:00:00','weekly off','weekly off','a','2014-04-07 00:00:00',1,NULL),(4,56,'2014-04-20 00:00:00','weekly off','weekly off','a','2014-04-07 00:00:00',1,NULL),(5,56,'2014-04-26 00:00:00','weekly off','weekly off','a','2014-04-07 00:00:00',1,NULL),(6,56,'2014-04-27 00:00:00','weekly off','weekly off','a','2014-04-07 00:00:00',1,NULL),(7,59,'2014-04-12 00:00:00','weekly off','weekly off','a','2014-04-07 00:00:00',1,NULL),(8,59,'2014-04-13 00:00:00','weekly off','weekly off','a','2014-04-07 00:00:00',1,NULL),(9,59,'2014-04-19 00:00:00','weekly off','weekly off','a','2014-04-07 00:00:00',1,NULL),(10,59,'2014-04-20 00:00:00','weekly off','weekly off','a','2014-04-07 00:00:00',1,NULL),(11,59,'2014-04-26 00:00:00','weekly off','weekly off','a','2014-04-07 00:00:00',1,NULL),(12,59,'2014-04-27 00:00:00','weekly off','weekly off','a','2014-04-07 00:00:00',1,NULL),(13,63,'2014-04-12 00:00:00','weekly off','weekly off','a','2014-04-07 00:00:00',1,NULL),(14,63,'2014-04-13 00:00:00','weekly off','weekly off','a','2014-04-07 00:00:00',1,NULL),(15,63,'2014-04-19 00:00:00','weekly off','weekly off','a','2014-04-07 00:00:00',1,NULL),(16,63,'2014-04-20 00:00:00','weekly off','weekly off','a','2014-04-07 00:00:00',1,NULL),(17,63,'2014-04-26 00:00:00','weekly off','weekly off','a','2014-04-07 00:00:00',1,NULL),(18,63,'2014-04-27 00:00:00','weekly off','weekly off','a','2014-04-07 00:00:00',1,NULL);
/*!40000 ALTER TABLE `employee_schedule_alter` ENABLE KEYS */;
UNLOCK TABLES;

--
-- Table structure for table `employee_subscription`
--

DROP TABLE IF EXISTS `employee_subscription`;
/*!40101 SET @saved_cs_client     = @@character_set_client */;
/*!40101 SET character_set_client = utf8 */;
CREATE TABLE `employee_subscription` (
  `subscriptionID` bigint(20) NOT NULL AUTO_INCREMENT,
  `empID` bigint(20) NOT NULL,
  `supervisor` bigint(20) DEFAULT NULL,
  `spoc` bigint(20) DEFAULT NULL,
  `landMark` bigint(20) NOT NULL,
  `subscriptionDate` datetime NOT NULL,
  `fromDate` date NOT NULL,
  `subscriptionStatus` varchar(50) DEFAULT NULL,
  `aplChangeCounter` int(11) NOT NULL DEFAULT '1',
  `lastUpdatedDate` datetime DEFAULT NULL,
  PRIMARY KEY (`subscriptionID`)
) ENGINE=InnoDB AUTO_INCREMENT=14 DEFAULT CHARSET=utf8;
/*!40101 SET character_set_client = @saved_cs_client */;

--
-- Dumping data for table `employee_subscription`
--

LOCK TABLES `employee_subscription` WRITE;
/*!40000 ALTER TABLE `employee_subscription` DISABLE KEYS */;
INSERT INTO `employee_subscription` VALUES (1,8,175,175,25,'2013-07-09 00:00:00','2013-07-10','subscribed',1,NULL),(2,9,101,101,34,'2013-07-09 00:00:00','2013-07-10','subscribed',1,NULL),(3,10,101,101,37,'2013-07-09 00:00:00','2013-07-10','subscribed',1,NULL),(4,11,101,101,21,'2013-07-09 00:00:00','2013-07-10','subscribed',1,NULL),(5,12,101,101,21,'2013-07-09 00:00:00','2013-07-10','subscribed',1,NULL),(6,13,101,101,21,'2013-07-09 00:00:00','2013-07-10','subscribed',1,NULL),(7,14,101,101,37,'2013-07-09 00:00:00','2013-07-10','subscribed',1,NULL),(8,16,101,101,25,'2013-07-09 00:00:00','2013-07-10','subscribed',1,NULL),(9,17,101,101,34,'2013-07-09 00:00:00','2013-07-10','subscribed',1,NULL),(10,18,101,101,34,'2013-07-09 00:00:00','2013-07-10','unsubscribed',1,NULL),(11,3,175,175,25,'2013-09-24 00:00:00','2013-09-25','subscribed',1,NULL),(12,6,175,175,25,'2013-09-24 00:00:00','2013-10-08','unsubscribed',1,NULL),(13,19,175,175,25,'2013-09-24 00:00:00','2013-10-01','unsubscribed',1,NULL);
/*!40000 ALTER TABLE `employee_subscription` ENABLE KEYS */;
UNLOCK TABLES;

--
-- Table structure for table `employee_unsubscription`
--

DROP TABLE IF EXISTS `employee_unsubscription`;
/*!40101 SET @saved_cs_client     = @@character_set_client */;
/*!40101 SET character_set_client = utf8 */;
CREATE TABLE `employee_unsubscription` (
  `subscriptionID` bigint(20) NOT NULL AUTO_INCREMENT,
  `unsubscriptionDate` datetime NOT NULL,
  `fromDate` datetime NOT NULL,
  PRIMARY KEY (`subscriptionID`)
) ENGINE=InnoDB AUTO_INCREMENT=14 DEFAULT CHARSET=utf8;
/*!40101 SET character_set_client = @saved_cs_client */;

--
-- Dumping data for table `employee_unsubscription`
--

LOCK TABLES `employee_unsubscription` WRITE;
/*!40000 ALTER TABLE `employee_unsubscription` DISABLE KEYS */;
INSERT INTO `employee_unsubscription` VALUES (10,'2013-07-10 00:00:00','2013-07-11 00:00:00'),(12,'2013-10-23 00:00:00','2013-10-28 00:00:00'),(13,'2013-11-10 00:00:00','2013-11-26 00:00:00');
/*!40000 ALTER TABLE `employee_unsubscription` ENABLE KEYS */;
UNLOCK TABLES;

--
-- Table structure for table `escalationmatrix`
--

DROP TABLE IF EXISTS `escalationmatrix`;
/*!40101 SET @saved_cs_client     = @@character_set_client */;
/*!40101 SET character_set_client = utf8 */;
CREATE TABLE `escalationmatrix` (
  `level` varchar(10) DEFAULT NULL,
  `escalationGroup` varchar(25) DEFAULT NULL,
  `personId` bigint(20) DEFAULT NULL,
  `timeSlot` varchar(10) DEFAULT NULL
) ENGINE=InnoDB DEFAULT CHARSET=utf8;
/*!40101 SET character_set_client = @saved_cs_client */;

--
-- Dumping data for table `escalationmatrix`
--

LOCK TABLES `escalationmatrix` WRITE;
/*!40000 ALTER TABLE `escalationmatrix` DISABLE KEYS */;
INSERT INTO `escalationmatrix` VALUES ('Level1','Vendor',1,'00'),('Level1','Security',1,'00'),('Level1','Admin',10,'00'),('Level2','Vendor',2,'01'),('Level2','Security',2,'01'),('Level2','Admin',16,'01'),('Level3','Vendor',3,'02'),('Level3','Security',3,'02'),('Level3','Admin',17,'02');
/*!40000 ALTER TABLE `escalationmatrix` ENABLE KEYS */;
UNLOCK TABLES;

--
-- Table structure for table `escort`
--

DROP TABLE IF EXISTS `escort`;
/*!40101 SET @saved_cs_client     = @@character_set_client */;
/*!40101 SET character_set_client = utf8 */;
CREATE TABLE `escort` (
  `id` int(11) NOT NULL AUTO_INCREMENT,
  `escortClock` bigint(20) NOT NULL,
  `name` varchar(70) DEFAULT NULL,
  `Address` varchar(200) DEFAULT NULL,
  `phone` varchar(15) NOT NULL,
  `email` varchar(75) DEFAULT NULL,
  `password` varchar(45) DEFAULT NULL,
  `site` int(11) DEFAULT NULL,
  PRIMARY KEY (`id`),
  UNIQUE KEY `escortClock_UNIQUE` (`escortClock`)
) ENGINE=InnoDB AUTO_INCREMENT=5 DEFAULT CHARSET=utf8;
/*!40101 SET character_set_client = @saved_cs_client */;

--
-- Dumping data for table `escort`
--

LOCK TABLES `escort` WRITE;
/*!40000 ALTER TABLE `escort` DISABLE KEYS */;
INSERT INTO `escort` VALUES (1,765,'namh','sjnmasvkj;','9986403796','nba@hs.ca','cc22@ggg.com',1),(2,76554,'nfdjnjkl','7328uu3782y23','9986403796','ssssssssss','456',1),(3,8976,'mnajinh','dfghnm., dskjbdskjl','9986403796','cdnx@gx.ss','234',1),(4,33939,'SOME jj','THING','39939939','dd@g.com','12345',1);
/*!40000 ALTER TABLE `escort` ENABLE KEYS */;
UNLOCK TABLES;

--
-- Table structure for table `etms_user`
--

DROP TABLE IF EXISTS `etms_user`;
/*!40101 SET @saved_cs_client     = @@character_set_client */;
/*!40101 SET character_set_client = utf8 */;
CREATE TABLE `etms_user` (
  `username` varchar(20) NOT NULL,
  `password` varchar(20) NOT NULL,
  `role` varchar(5) NOT NULL,
  `employee_id` varchar(15) NOT NULL,
  UNIQUE KEY `UQ__etms_use__F3DBC57296AB8303` (`username`)
) ENGINE=InnoDB DEFAULT CHARSET=utf8;
/*!40101 SET character_set_client = @saved_cs_client */;

--
-- Dumping data for table `etms_user`
--

LOCK TABLES `etms_user` WRITE;
/*!40000 ALTER TABLE `etms_user` DISABLE KEYS */;
INSERT INTO `etms_user` VALUES ('aa','0','emp','476'),('aallab','0','emp','669'),('aav','0','emp','509'),('abdulrazzaka','0','ta','20'),('abrahamao','0','emp','282'),('acharyab','0','emp','714'),('adamalakotaa','0','emp','280'),('adhichakkravarthya','0','emp','254'),('adhinarayanand','0','emp','949'),('agarwalak','0','emp','104'),('agarwalar','0','emp','346'),('agarwalas','0','emp','111'),('agasheat','0','emp','504'),('agrawala','0','emp','310'),('ahmedah','0','emp','450'),('ahmedal','0','emp','118'),('ajithb','0','emp','688'),('akbaralib','0','emp','533'),('akulaa','0','emp','176'),('alagukumara','0','emp','437'),('alamsetya','0','emp','153'),('allangib','0','emp','665'),('alphonseac','0','emp','288'),('alunia','0','emp','360'),('amalac','0','emp','729'),('amalakulandairaja','0','emp','289'),('ambujakshande','0','emp','835'),('ametab','0','emp','666'),('anbua','0','emp','392'),('andavand','0','emp','906'),('anjanappad','0','emp','911'),('annamalaib','0','emp','550'),('antonyrajb','0','emp','636'),('arangaezhilarasand','0','emp','909'),('arigelaa','0','emp','393'),('arjunana','0','emp','255'),('arockiadassb','0','emp','522'),('arokiasamya','0','emp','382'),('arumugama','0','emp','308'),('aryaa','0','emp','297'),('aryaag','0','emp','73'),('ashokana','0','emp','484'),('ashokkumarak','0','emp','108'),('astagia','0','emp','482'),('aswathnarayanaiahc','0','emp','792'),('atom','atom','tm','3'),('augustineb','0','emp','635'),('augustinec','0','emp','730'),('ava','0','emp','22'),('avarthid','0','emp','845'),('babuan','0','emp','245'),('babuprasadc','0','emp','793'),('babya','0','emp','81'),('babyam','0','emp','89'),('badurferrya','0','emp','75'),('baiga','0','emp','72'),('balac','0','emp','734'),('balajia','0','emp','321'),('balakrishnanar','0','emp','394'),('balakrishnanb','0','emp','595'),('balarajaiahb','0','emp','545'),('balasubramanianas','0','emp','443'),('balasubramanianc','0','emp','808'),('balasubramanid','0','emp','846'),('balasundarama','0','emp','499'),('balekayic','0','emp','778'),('balid','0','emp','893'),('balinenib','0','emp','576'),('balraja','0','emp','494'),('balub','0','emp','622'),('bandarud','0','emp','891'),('banea','0','emp','444'),('banerjeea','0','emp','357'),('banerjeed','0','emp','830'),('banerjeedi','0','emp','966'),('bankurua','0','emp','326'),('basavanahallib','0','emp','640'),('basavangowdrub','0','emp','613'),('basavarajua','0','emp','485'),('basud','0','emp','832'),('bathulaa','0','emp','92'),('beelurb','0','emp','614'),('beheraa','0','emp','38'),('beherach','0','emp','795'),('beheradh','0','emp','916'),('belurc','0','emp','775'),('bhakthavathsalamb','0','emp','655'),('bharadwaja','0','emp','145'),('bharatha','0','emp','395'),('bhatnagara','0','emp','373'),('bhattacharyyaa','0','emp','363'),('bheerappak','0','emp','673'),('bhola','0','emp','39'),('bhupathya','0','emp','201'),('bhutib','0','emp','617'),('biddandac','0','emp','799'),('birlab','0','emp','703'),('bishta','0','emp','364'),('biswasar','0','emp','369'),('boinab','0','emp','577'),('boopala','0','emp','256'),('borab','0','emp','543'),('borad','0','emp','968'),('boseb','0','emp','715'),('bouraseb','0','emp','722'),('butaila','0','emp','154'),('chakaravarthid','0','emp','923'),('chakrabortya','0','emp','200'),('chakrabortyar','0','emp','361'),('challaan','0','emp','268'),('chandragiria','0','emp','95'),('chandramurugana','0','emp','178'),('chandrana','0','emp','228'),('chandranan','0','emp','246'),('chandranb','0','emp','598'),('chandranc','0','emp','784'),('chandrasekarana','0','emp','45'),('chandrasekaranar','0','emp','428'),('chandrasekarand','0','emp','960'),('chandrashekarc','0','emp','786'),('chandrua','0','emp','119'),('chattopadhyaya','0','emp','40'),('chattopadhyayar','0','emp','362'),('chaturvedulaa','0','emp','459'),('chaudharyaj','0','emp','82'),('chaugulea','0','emp','322'),('chelladuraid','0','emp','896'),('chellaiahb','0','emp','548'),('chemirac','0','emp','785'),('chenepallid','0','emp','902'),('chennurid','0','emp','847'),('chidambarama','0','emp','208'),('chinchwadkara','0','emp','516'),('chinnasamydevarajanb','0','emp','651'),('chinnerid','0','emp','901'),('chinnikrishnana','0','emp','46'),('chintapallia','0','emp','229'),('chithambalamd','0','emp','918'),('chittaa','0','emp','230'),('chittanbm','0','emp','541'),('chokkalingamd','0','emp','944'),('chopparapua','0','emp','460'),('choppavarapua','0','emp','123'),('choubeya','0','emp','267'),('choudharya','0','emp','235'),('choudhuryap','0','emp','323'),('choudhuryas','0','emp','456'),('chourasiaa','0','emp','102'),('chowdhurya','0','emp','489'),('coimbatorec','0','emp','748'),('daamodarana','0','emp','377'),('dada','0','emp','86'),('dadhicha','0','emp','396'),('damodaranc','0','emp','781'),('daniela','0','emp','214'),('danielan','0','emp','320'),('danieldp','0','emp','821'),('dasai','0','emp','174'),('dasbi','0','emp','701'),('dasdn','0','emp','946'),('dasha','0','emp','137'),('dashb','0','emp','690'),('dashbh','0','emp','657'),('debbarmac','0','emp','796'),('dencils','0','emp','889'),('deshmukha','0','emp','23'),('deshpandear','0','emp','330'),('devairakkamc','0','emp','810'),('devanathanb','0','emp','544'),('devaraja','0','emp','412'),('devarajb','0','emp','664'),('devendranb','0','emp','551'),('devendrappab','0','emp','615'),('devraja','0','emp','32'),('deyb','0','emp','685'),('dhanasekara','0','emp','445'),('dhanushkodid','0','emp','844'),('dhatchinamoorthyd','0','emp','915'),('dhayalana','0','emp','467'),('dokaniaa','0','emp','155'),('donepudia','0','emp','506'),('dorairajd','0','emp','912'),('dorasingama','0','emp','136'),('doulata','0','emp','193'),('duddub','0','emp','604'),('dupatia','0','emp','28'),('duraia','0','emp','413'),('duraipandiana','0','emp','202'),('durairajd','0','emp','914'),('duttaar','0','emp','374'),('duvvurib','0','emp','534'),('e1','0','emp','3'),('e10','0','emp','12'),('e11','0','emp','13'),('e12','0','emp','14'),('e13','0','emp','15'),('e14','0','emp','16'),('e15','0','emp','17'),('e16','0','emp','18'),('e17','0','emp','19'),('e2','0','emp','4'),('e3','0','emp','5'),('e4','0','emp','6'),('e5','0','emp','7'),('e6','0','emp','8'),('e7','0','emp','9'),('e8','0','emp','10'),('e9','0','emp','11'),('easuraja','0','emp','384'),('ektarea','0','emp','173'),('elangovana','0','emp','257'),('emp1','0','tm','1'),('emp2','0','emp','2'),('empk','0','emp','185'),('eshwaregowdad','0','emp','848'),('eswarisc','0','emp','787'),('ethirajana','0','emp','146'),('ettamsettyb','0','emp','659'),('francisba','0','emp','531'),('francisbe','0','emp','631'),('gadoa','0','emp','25'),('gan','0','emp','309'),('ganapathya','0','emp','383'),('gandhia','0','emp','112'),('gandikotaa','0','emp','266'),('ganesana','0','emp','179'),('ganesanaa','0','emp','47'),('ganesanai','0','emp','76'),('ganesanar','0','emp','429'),('ganesanba','0','emp','579'),('gangadharana','0','emp','218'),('gangadhikara','0','emp','375'),('gangireddya','0','emp','140'),('gannavarapud','0','emp','849'),('gantac','0','emp','773'),('gatlad','0','emp','939'),('gaurava','0','emp','397'),('gautama','0','emp','61'),('georgeb','0','emp','708'),('georgebe','0','emp','638'),('georgebj','0','emp','630'),('ghoshan','0','emp','243'),('ghoshde','0','emp','833'),('ghoshdi','0','emp','965'),('giria','0','emp','252'),('girijapadmana','0','emp','365'),('glaranceb','0','emp','633'),('glassoc','0','emp','813'),('gojjimib','0','emp','618'),('gokarama','0','emp','180'),('gokuldasb','0','emp','716'),('goneb','0','emp','539'),('gonuguntlaa','0','emp','316'),('gopalakrishnand','0','emp','933'),('gopalakrishnannaira','0','emp','251'),('gopalanas','0','emp','496'),('gopaland','0','emp','879'),('gopichandera','0','emp','474'),('gopid','0','emp','850'),('goudb','0','emp','627'),('gourabathinaa','0','emp','93'),('govardhansinghb','0','emp','552'),('govindanb','0','emp','694'),('govindar','0','emp','347'),('govindasamyb','0','emp','623'),('govindhanb','0','emp','609'),('govindrajua','0','emp','281'),('gowrisankara','0','emp','317'),('gsa','0','emp','29'),('gubbichikkannanapalb','0','emp','726'),('guheshwaraiahbh','0','emp','681'),('gulatia','0','emp','277'),('gunaseelana','0','emp','427'),('gunasekeranb','0','emp','553'),('gunaswamyd','0','emp','920'),('gunturyc','0','emp','776'),('guptaac','0','emp','253'),('guptaad','0','emp','272'),('guptaah','0','emp','109'),('guptaan','0','emp','247'),('guptaao','0','emp','434'),('guptaap','0','emp','302'),('guptab','0','emp','725'),('guptad','0','emp','851'),('guptea','0','emp','24'),('gurjalwara','0','emp','181'),('gurumurthid','0','emp','852'),('guruswamya','0','emp','414'),('guruvinamathc','0','emp','779'),('hajia','0','emp','21'),('halemanib','0','emp','616'),('hariharanan','0','emp','319'),('hariharand','0','emp','919'),('hegdeac','0','emp','54'),('hegdear','0','emp','398'),('hembhaa','0','emp','143'),('ippaguntab','0','emp','647'),('jacobak','0','emp','301'),('jagannathanbl','0','emp','554'),('jagannathanc','0','emp','803'),('jaichandrand','0','emp','961'),('jainaam','0','emp','168'),('jainai','0','emp','156'),('jaiswala','0','emp','157'),('jaiswalb','0','emp','709'),('jamesab','0','emp','52'),('jammulac','0','emp','800'),('janardhanamb','0','emp','684'),('janardhand','0','emp','853'),('janarthanana','0','emp','77'),('jangalac','0','emp','755'),('javarappaa','0','emp','100'),('javaregowdac','0','emp','743'),('jayabalana','0','emp','328'),('jayabalanc','0','emp','742'),('jayakumarar','0','emp','399'),('jayanthia','0','emp','442'),('jayapalb','0','emp','593'),('jayaprakasha','0','emp','466'),('jayaprakashb','0','emp','581'),('jayaramanc','0','emp','769'),('jayaveerab','0','emp','527'),('jb','0','emp','707'),('jeevanathanb','0','emp','555'),('jeyakumard','0','emp','886'),('jhaa','0','emp','518'),('jhaam','0','emp','133'),('jimmya','0','emp','70'),('joelb','0','emp','648'),('johnaj','0','hrm','101'),('johnbrittoc','0','emp','732'),('johnkasahd','0','emp','950'),('josea','0','emp','495'),('josepha','0','emp','248'),('josepham','0','emp','250'),('josephb','0','emp','728'),('josephbi','0','emp','695'),('josephrajd','0','emp','932'),('joshiap','0','emp','324'),('jothia','0','emp','508'),('joyal','0','emp','120'),('joyb','0','emp','637'),('jwalanta','0','emp','182'),('kabbinb','0','emp','530'),('kachhwahaa','0','emp','311'),('kadajjid','0','emp','854'),('kadaphab','0','emp','662'),('kadirvela','0','emp','381'),('kailasapathyd','0','emp','883'),('kaisettyb','0','emp','556'),('kajampadya','0','emp','342'),('kakarlac','0','emp','750'),('kalakatd','0','emp','855'),('kalavacharlaa','0','emp','62'),('kaliyaperumala','0','emp','212'),('kallubalumuniyappaa','0','emp','196'),('kalubhaia','0','emp','124'),('kalugotlaa','0','emp','446'),('kamarajua','0','emp','219'),('kamparakkala','0','emp','294'),('kanatta','0','emp','217'),('kandasamya','0','emp','441'),('kandaswamyd','0','emp','903'),('kandepib','0','emp','641'),('kandotha','0','emp','415'),('kandyb','0','emp','532'),('kannallia','0','emp','236'),('kannanad','0','emp','60'),('kannanan','0','emp','183'),('kannand','0','emp','910'),('kannandg','0','emp','865'),('kanthakurub','0','emp','594'),('kanugaa','0','emp','510'),('kapikada','0','emp','304'),('kapireddyb','0','emp','678'),('karam','0','emp','167'),('karantha','0','emp','438'),('karasid','0','emp','937'),('karmheab','0','emp','41'),('karthikb','0','emp','680'),('karthikeyanb','0','emp','696'),('karthikeyanc','0','emp','804'),('karunanithid','0','emp','898'),('karuppamudaliara','0','emp','344'),('kashinatha','0','emp','511'),('kashyapaj','0','emp','83'),('kashyna','0','emp','503'),('kasibatlab','0','emp','578'),('kasinathanb','0','emp','605'),('kathiresana','0','emp','348'),('keelarashivaramaiahc','0','emp','806'),('keerthiraja','0','emp','423'),('kelothd','0','emp','885'),('keneya','0','emp','90'),('kesavaa','0','emp','416'),('kesavanba','0','emp','599'),('kesavanc','0','emp','764'),('khanujaa','0','emp','138'),('kirana','0','emp','349'),('kishorec','0','emp','751'),('kizhakatrajayand','0','emp','856'),('kochharc','0','emp','782'),('kolakara','0','emp','194'),('kolakia','0','emp','339'),('kommac','0','emp','756'),('kondangibalajia','0','emp','50'),('kongarad','0','emp','836'),('korasanea','0','emp','400'),('koria','0','emp','305'),('kotac','0','emp','757'),('koteshwaraa','0','emp','366'),('kothaab','0','emp','35'),('kothaam','0','emp','139'),('kotharid','0','emp','869'),('kotkarba','0','emp','676'),('kotteeswarand','0','emp','888'),('kpnd','0','emp','890'),('krishnaa','0','emp','220'),('krishnamurthya','0','emp','237'),('krishnamurthyak','0','emp','231'),('krishnanb','0','emp','629'),('krishnand','0','emp','921'),('krishnarajd','0','emp','913'),('kuduvakannana','0','emp','78'),('kulkarnicr','0','emp','789'),('kumara12','0','emp','37'),('kumara14','0','emp','401'),('kumara18','0','emp','84'),('kumara25','0','emp','158'),('kumara28','0','emp','340'),('kumara31','0','emp','461'),('kumara32','0','emp','184'),('kumara34','0','emp','402'),('kumara35','0','emp','221'),('kumaraa','0','emp','507'),('kumarag','0','emp','190'),('kumarah','0','emp','477'),('kumaram','0','emp','169'),('kumaranb','0','emp','523'),('kumarap','0','emp','303'),('kumaras','0','emp','462'),('kumarau','0','emp','479'),('kumaravelub','0','emp','596'),('kumarbi','0','emp','702'),('kumarbr','0','emp','723'),('kumarcn','0','emp','744'),('kumardb','0','emp','857'),('kumarde','0','emp','884'),('kumardh','0','emp','927'),('kumardn','0','emp','951'),('kumardp','0','emp','962'),('kumarhga','0','emp','224'),('kumaria','0','emp','269'),('kumarja','0','emp','222'),('kumarpna','0','emp','97'),('kumarvpa','0','emp','223'),('kuppusamya','0','emp','468'),('lakhanib','0','emp','668'),('lakshmanasamya','0','emp','430'),('lawrenceaj','0','emp','315'),('linginenic','0','emp','740'),('livingstonsd','0','emp','819'),('loboa','0','emp','422'),('logajanarthanamb','0','emp','557'),('loganathana','0','emp','435'),('louisa','0','emp','292'),('m.sd','0','emp','873'),('ma','0','emp','403'),('maddheria','0','emp','404'),('madhanagurusamyb','0','emp','558'),('madichettyar','0','emp','332'),('magudapathib','0','emp','606'),('maheshwarian','0','emp','273'),('mahib','0','emp','677'),('mahimaidossa','0','emp','286'),('mallurgurappab','0','emp','612'),('manalia','0','emp','417'),('manchikantid','0','emp','880'),('mandavaa','0','emp','225'),('mangalasserya','0','emp','283'),('maniar','0','emp','333'),('manickamc','0','emp','739'),('manid','0','emp','900'),('manimaranb','0','emp','546'),('manivannanb','0','emp','582'),('manjappaiaha','0','emp','258'),('manjid','0','emp','925'),('manjunathap','0','emp','325'),('manogarana','0','emp','209'),('manoharanb','0','emp','526'),('manoharanch','0','emp','802'),('mariappanc','0','emp','798'),('marimuthua','0','emp','388'),('marimuthud','0','emp','827'),('marripudia','0','emp','30'),('martinah','0','emp','380'),('matchaa','0','emp','59'),('mathewb','0','emp','700'),('mathiasa','0','emp','405'),('mehraa','0','emp','159'),('menond','0','emp','867'),('merlinb','0','emp','628'),('michaelak','0','emp','129'),('michealselvaraja','0','emp','293'),('mirlekantharajuc','0','emp','735'),('misaoc','0','emp','731'),('mishraai','0','emp','241'),('mishraak','0','emp','491'),('mishraap','0','emp','451'),('mitraa','0','emp','160'),('mitraak','0','emp','242'),('mogala','0','emp','449'),('moghula','0','emp','177'),('mohamedah','0','emp','452'),('mohammada','0','emp','519'),('mohammedba','0','emp','529'),('mohanan','0','emp','259'),('mohanarangana','0','emp','204'),('mohanpva','0','emp','91'),('mohantya','0','emp','343'),('mohantyan','0','emp','312'),('mohantyc','0','emp','794'),('mohapatraa','0','emp','502'),('mosesd','0','emp','935'),('mukherjeeb','0','emp','713'),('mukkurvaradhanb','0','emp','528'),('mulaa','0','emp','197'),('munirajua','0','emp','431'),('munisawmyb','0','emp','674'),('munnangiar','0','emp','475'),('muralib','0','emp','654'),('muralidharand','0','emp','874'),('murthyb','0','emp','682'),('musuvathivittald','0','emp','948'),('muthiahb','0','emp','600'),('muthudi','0','emp','952'),('muthukooric','0','emp','761'),('muthuvelmanickamd','0','emp','894'),('mysorea','0','emp','478'),('nadigara','0','emp','406'),('nagalingama','0','emp','389'),('nagarajach','0','emp','791'),('nagarajai','0','emp','260'),('nagashekharab','0','emp','619'),('nagasundaramd','0','emp','887'),('nageswaranc','0','emp','772'),('nagulaa','0','emp','350'),('naiduan','0','emp','295'),('naikak','0','emp','26'),('naira','0','emp','88'),('nairb','0','emp','712'),('nairsd','0','emp','938'),('naladigaa','0','emp','314'),('naladigavenkata','0','emp','334'),('nallaballec','0','emp','736'),('nallathambia','0','emp','49'),('nammalvard','0','emp','907'),('nandamuric','0','emp','758'),('nandya','0','emp','359'),('nangavaramrajamania','0','emp','421'),('nanjec','0','emp','745'),('naraharisettyb','0','emp','540'),('narasappad','0','emp','866'),('narayananas','0','emp','493'),('narayananb','0','emp','535'),('narayanareddya','0','emp','238'),('narayanasamyb','0','emp','625'),('narayanaswamya','0','emp','351'),('narayanaswamyd','0','emp','825'),('nareshd','0','emp','823'),('natarajanba','0','emp','601'),('natarajanbl','0','emp','583'),('natarajand','0','emp','875'),('natarajandi','0','emp','953'),('natesana','0','emp','390'),('nathan','0','emp','244'),('nayakbi','0','emp','691'),('nayakc','0','emp','807'),('nda','0','emp','824'),('neelakandab','0','emp','656'),('nimmagaddab','0','emp','542'),('niranjand','0','emp','858'),('nittalaa','0','emp','63'),('nookalab','0','emp','547'),('ojhab','0','emp','667'),('packiama','0','emp','191'),('padhya','0','emp','307'),('padmanabhana','0','emp','284'),('padmanabhanc','0','emp','777'),('paduchuria','0','emp','141'),('palania','0','emp','48'),('pallapothub','0','emp','536'),('pamidighantamd','0','emp','942'),('pandaan','0','emp','265'),('pandeyah','0','emp','107'),('pandiana','0','emp','203'),('pappachanb','0','emp','697'),('pappireddyb','0','emp','672'),('paradesid','0','emp','954'),('pasumarthid','0','emp','940'),('pasupuletic','0','emp','759'),('patelbu','0','emp','686'),('pathanam','0','emp','43'),('patila','0','emp','486'),('patilb','0','emp','611'),('patilda','0','emp','816'),('patilde','0','emp','859'),('pattanaikam','0','emp','151'),('pattanaikd','0','emp','831'),('paulan','0','emp','290'),('paulraja','0','emp','213'),('pavated','0','emp','843'),('pazhayampillila','0','emp','55'),('pedapudib','0','emp','660'),('peddamallud','0','emp','963'),('perurub','0','emp','559'),('pillaia','0','emp','205'),('pintodm','0','emp','945'),('pittalac','0','emp','801'),('ponnambalama','0','emp','418'),('ponnusamyb','0','emp','584'),('poornachandrana','0','emp','327'),('potdara','0','emp','150'),('prabhua','0','emp','270'),('prabhuswamyd','0','emp','868'),('prabua','0','emp','79'),('pradhana','0','emp','517'),('prakasha','0','emp','407'),('pramanika','0','emp','195'),('prasadab','0','emp','31'),('prasadal','0','emp','127'),('prasadav','0','emp','68'),('prasadba','0','emp','560'),('pratapa','0','emp','105'),('premkumarb','0','emp','634'),('preshanta','0','emp','335'),('prustya','0','emp','490'),('puligandlab','0','emp','575'),('pullaa','0','emp','33'),('punyakotia','0','emp','135'),('purushothamana','0','emp','463'),('pusuluria','0','emp','232'),('puthukudya','0','emp','313'),('puttib','0','emp','671'),('pydimarria','0','emp','142'),('radhakrishnanar','0','emp','439'),('radhakrishnanb','0','emp','624'),('radhakrishnand','0','emp','917'),('raghavande','0','emp','837'),('raghunathanb','0','emp','561'),('raghunathc','0','emp','797'),('ragupathya','0','emp','512'),('rahamathullaa','0','emp','57'),('raiai','0','emp','249'),('raiak','0','emp','110'),('raikwara','0','emp','454'),('raja','0','emp','492'),('rajagopalb','0','emp','711'),('rajagopalba','0','emp','580'),('rajagopalde','0','emp','872'),('rajamanickamd','0','emp','838'),('rajaramanb','0','emp','592'),('rajaramanc','0','emp','749'),('rajarambr','0','emp','574'),('rajasekaranc','0','emp','770'),('rajasekarand','0','emp','947'),('rajasekarandh','0','emp','931'),('rajasekard','0','emp','964'),('rajendirana','0','emp','379'),('rajendraa','0','emp','409'),('rajendrana','0','emp','122'),('rajendranai','0','emp','152'),('rajendrand','0','emp','870'),('rajga','0','emp','371'),('rajuay','0','emp','520'),('rakshitb','0','emp','689'),('ramachandranar','0','emp','440'),('ramachandrand','0','emp','876'),('ramachandraraoa','0','emp','372'),('ramaiahb','0','emp','585'),('ramakrishnad','0','emp','839'),('ramalingamd','0','emp','897'),('ramamoorthyd','0','emp','840'),('ramanana','0','emp','207'),('ramanbk','0','emp','724'),('ramarajd','0','emp','934'),('ramasamyb','0','emp','562'),('ramasamyc','0','emp','768'),('ramaswamyd','0','emp','904'),('ramrajd','0','emp','877'),('ramud','0','emp','967'),('ranaas','0','emp','424'),('ranganathana','0','emp','206'),('rangaraja','0','emp','345'),('raoan','0','emp','299'),('rapellya','0','emp','27'),('rastogia','0','emp','298'),('ratha','0','emp','453'),('rathc','0','emp','774'),('rathorea','0','emp','69'),('rau','0','emp','408'),('raveendrana','0','emp','264'),('raviai','0','emp','239'),('ravial','0','emp','226'),('ravikumarb','0','emp','643'),('rawatb','0','emp','675'),('rawatr','0','emp','161'),('rayalab','0','emp','721'),('rayapudia','0','emp','227'),('rayapudic','0','emp','747'),('reddappagaria','0','emp','448'),('reddivarib','0','emp','650'),('reddyad','0','emp','64'),('reddyak','0','emp','192'),('reddyb','0','emp','645'),('reddybr','0','emp','524'),('reddyc','0','emp','762'),('reddykondab','0','emp','652'),('regulaa','0','emp','464'),('regumadogud','0','emp','881'),('rengarajana','0','emp','115'),('rengasamyd','0','emp','892'),('robertd','0','emp','820'),('rokhadea','0','emp','233'),('ronalda','0','emp','130'),('royao','0','emp','370'),('roychoudhurya','0','emp','358'),('rudrappab','0','emp','607'),('s.ja','0','emp','419'),('sabnisas','0','emp','455'),('sadania','0','emp','356'),('sahoob','0','emp','727'),('sahooc','0','emp','811'),('sahood','0','emp','929'),('sahoode','0','emp','829'),('sainib','0','emp','717'),('sakthivelam','0','emp','131'),('salasd','0','emp','822'),('saldanhaa','0','emp','457'),('samalde','0','emp','828'),('samantaa','0','emp','134'),('saminsankard','0','emp','930'),('sampathkumarc','0','emp','805'),('samuela','0','emp','121'),('samuelai','0','emp','98'),('samuelcm','0','emp','753'),('sanana','0','emp','458'),('sanchiherc','0','emp','783'),('sanea','0','emp','410'),('sanganahallia','0','emp','469'),('sanghavid','0','emp','922'),('sankaranarayanansh','0','emp','741'),('sankarathanua','0','emp','391'),('sankpala','0','emp','96'),('santhanamar','0','emp','336'),('sanyald','0','emp','834'),('sapurua','0','emp','513'),('saravanamuthub','0','emp','586'),('sarinan','0','emp','65'),('saroeaa','0','emp','262'),('sarwateb','0','emp','679'),('sathyanarayana','0','emp','465'),('sathyanarayanab','0','emp','663'),('sathyanarayanac','0','emp','780'),('saurabha','0','emp','128'),('saxenaak','0','emp','56'),('sayapinenid','0','emp','941'),('sca','0','emp','737'),('scariab','0','emp','710'),('sebastina','0','emp','287'),('sellamuthub','0','emp','525'),('selvanayagamb','0','emp','608'),('selvarajar','0','emp','337'),('selvasekaranb','0','emp','602'),('sembusellid','0','emp','905'),('senthilkumara','0','emp','387'),('senthilveld','0','emp','959'),('seshagirib','0','emp','563'),('seshushankardi','0','emp','924'),('sethiyad','0','emp','955'),('sethumadhavana','0','emp','36'),('sethuramand','0','emp','817'),('shaa','0','emp','148'),('shaikhpatela','0','emp','149'),('shanbhaga','0','emp','318'),('shankaran','0','emp','279'),('shankarar','0','emp','352'),('shankaregowdaa','0','emp','514'),('shanmugamar','0','emp','432'),('shanmugamb','0','emp','603'),('shanmugamc','0','emp','766'),('sharmaak','0','emp','274'),('sharmaap','0','emp','166'),('sharmabi','0','emp','699'),('shastria','0','emp','172'),('shekarcr','0','emp','754'),('shenoyd','0','emp','860'),('sheraa','0','emp','147'),('shettigard','0','emp','956'),('shettigarda','0','emp','826'),('shettyam','0','emp','170'),('shettyd','0','emp','928'),('shilpac','0','emp','752'),('shivajib','0','emp','564'),('shivarajb','0','emp','706'),('shivashankarc','0','emp','788'),('shreedharb','0','emp','610'),('shrivastavaad','0','emp','66'),('siddaramaiaha','0','emp','487'),('singha1','0','emp','263'),('singha13','0','emp','42'),('singha3','0','emp','515'),('singha4','0','emp','165'),('singha8','0','emp','175'),('singhab','0','emp','34'),('singhau','0','emp','368'),('singhav','0','emp','480'),('singhdk','0','emp','943'),('singhdv','0','emp','969'),('sinhaak','0','emp','103'),('sitaramd','0','emp','878'),('sivakumara','0','emp','353'),('sivakumaram','0','emp','132'),('sivakumarana','0','emp','80'),('sivakumarb','0','emp','537'),('sivanandama','0','emp','436'),('sivaramakrishnanb','0','emp','597'),('sivasd','0','emp','861'),('sokkalingama','0','emp','114'),('solletid','0','emp','882'),('solomonde','0','emp','862'),('somakaimala','0','emp','433'),('somlarba','0','emp','565'),('sontinenia','0','emp','426'),('sougonaradjoua','0','emp','470'),('soundararajanb','0','emp','587'),('sra','0','emp','186'),('sridharand','0','emp','863'),('srinivasanba','0','emp','626'),('srinivasanbh','0','emp','644'),('srinivasc','0','emp','733'),('srivastavaaa','0','emp','187'),('srivastavaak','0','emp','87'),('srivastavaan','0','emp','306'),('srivastavac','0','emp','746'),('stephenrajinia','0','emp','216'),('subbannad','0','emp','841'),('subbiahc','0','emp','809'),('subramanianak','0','emp','473'),('subramanianap','0','emp','341'),('subramanianas','0','emp','500'),('subramanianav','0','emp','338'),('subramanianba','0','emp','588'),('subramanianbj','0','emp','566'),('subramanianbk','0','emp','646'),('subramanianbr','0','emp','573'),('subramaniand','0','emp','958'),('subramaniandi','0','emp','957'),('subramaniandm','0','emp','871'),('subramanib','0','emp','538'),('sudarsanamc','0','emp','767'),('sukumara','0','emp','497'),('sukumaranam','0','emp','162'),('sulkunteb','0','emp','620'),('sultanaa','0','emp','71'),('sultanaal','0','emp','125'),('sumanatha','0','emp','331'),('sundaramb','0','emp','567'),('sundaramba','0','emp','589'),('sundaramoorthya','0','emp','261'),('sundararaja','0','emp','188'),('sundararajana','0','emp','425'),('sundararajanal','0','emp','116'),('sundararajb','0','emp','720'),('sundharanathana','0','emp','117'),('sundramurthyc','0','emp','771'),('supportb','0','emp','719'),('supportbl','0','emp','718'),('supreethbudhyab','0','emp','705'),('suresha','0','emp','488'),('survea','0','emp','106'),('suryanarayanana','0','emp','198'),('swainb','0','emp','687'),('swainbh','0','emp','639'),('swainbi','0','emp','693'),('swainbk','0','emp','692'),('swaminatha','0','emp','300'),('syamalaa','0','emp','271'),('syedaz','0','emp','521'),('sylvesterc','0','emp','814'),('tabassuma','0','emp','378'),('tadakaraar','0','emp','94'),('tamrakara','0','emp','481'),('tandona','0','emp','296'),('tauroa','0','emp','189'),('tayala','0','emp','275'),('thakuraj','0','emp','85'),('thallamd','0','emp','818'),('thallurib','0','emp','642'),('thangapandiisaacb','0','emp','632'),('thangarajan','0','emp','211'),('thangarajua','0','emp','471'),('thangarajuan','0','emp','210'),('thangavelb','0','emp','683'),('thangavelua','0','emp','385'),('theerkadasa','0','emp','376'),('thenamankalama','0','emp','285'),('thennarangamb','0','emp','568'),('thennerimanid','0','emp','926'),('thiagarajanak','0','emp','51'),('thirumalaisamya','0','emp','386'),('thirumalasettya','0','emp','501'),('thirumoorthyb','0','emp','569'),('thomasab','0','emp','44'),('thomasas','0','emp','447'),('thomascm','0','emp','815'),('thumattipattabib','0','emp','570'),('tiwariak','0','emp','113'),('tugashettic','0','emp','790'),('tuluvaa','0','emp','67'),('tyagiam','0','emp','163'),('udayakumara','0','emp','355'),('udayasankarb','0','emp','590'),('umakumara','0','emp','411'),('unnikrishnana','0','emp','329'),('unnikrishnanaj','0','emp','99'),('upadhyayai','0','emp','164'),('upadhyayas','0','emp','472'),('utukurub','0','emp','653'),('v','v','v','1'),('v1','0','v','2'),('valakatlab','0','emp','649'),('varadana','0','emp','420'),('varadarajand','0','emp','864'),('vardhanapub','0','emp','698'),('varshaa','0','emp','171'),('vasudevanam','0','emp','53'),('vasudevanb','0','emp','549'),('veerasimmanat','0','emp','199'),('veeria','0','emp','74'),('velamuric','0','emp','760'),('velub','0','emp','591'),('vempatia','0','emp','234'),('vendotib','0','emp','661'),('venkatappac','0','emp','763'),('venkatesand','0','emp','908'),('venkatesha','0','emp','483'),('venkateshaa','0','emp','278'),('vetriselvand','0','emp','899'),('vickramadhithana','0','emp','126'),('vidyashankara','0','emp','367'),('vijayb','0','emp','670'),('vijeeshb','0','emp','704'),('vikramd','0','emp','842'),('vincentbrahmakulama','0','emp','215'),('viswambharana','0','emp','498'),('viswanathanb','0','emp','658'),('viswanathanc','0','emp','765'),('vraic','0','emp','738'),('vsdd','0','emp','895'),('vummidia','0','emp','58'),('xavierag','0','emp','291'),('xavierc','0','emp','812'),('yadavan','0','emp','276'),('yalpib','0','emp','621'),('yasodharababub','0','emp','571'),('yatnala','0','emp','144'),('yeddulaa','0','emp','240'),('yerukolab','0','emp','572'),('yevalea','0','emp','505'),('yovand','0','emp','936'),('yuvarajar','0','emp','354');
/*!40000 ALTER TABLE `etms_user` ENABLE KEYS */;
UNLOCK TABLES;

--
-- Table structure for table `full_vehicle_position`
--

DROP TABLE IF EXISTS `full_vehicle_position`;
/*!40101 SET @saved_cs_client     = @@character_set_client */;
/*!40101 SET character_set_client = utf8 */;
CREATE TABLE `full_vehicle_position` (
  `id` bigint(20) NOT NULL AUTO_INCREMENT,
  `dvId` bigint(20) NOT NULL,
  `date_time` datetime NOT NULL,
  `lattitude` double NOT NULL,
  `longitude` double NOT NULL,
  PRIMARY KEY (`id`)
) ENGINE=InnoDB AUTO_INCREMENT=13 DEFAULT CHARSET=utf8;
/*!40101 SET character_set_client = @saved_cs_client */;

--
-- Dumping data for table `full_vehicle_position`
--

LOCK TABLES `full_vehicle_position` WRITE;
/*!40000 ALTER TABLE `full_vehicle_position` DISABLE KEYS */;
INSERT INTO `full_vehicle_position` VALUES (1,1,'2014-04-15 00:00:00',16,47),(2,1,'2014-04-15 00:00:00',16.0076983333333,48),(3,1,'2014-04-15 20:14:46',16.0076983333333,48.3736),(4,1,'2014-04-16 12:46:37',12.3379983333333,37.2299),(5,2,'2014-04-16 12:46:52',12.33844,37.2299),(6,2,'2014-04-16 12:47:06',12.3304383333333,37.9699),(7,2,'2014-04-16 12:47:19',12.3302383333333,37.9639),(8,2,'2014-04-16 12:47:36',12.3082383333333,37.9688483333333),(9,1,'2014-04-16 16:13:15',10.8641583333333,75.9759483333333),(10,2,'2014-04-16 16:13:15',10.8641583333333,75.9759483333333),(12,1,'2014-04-16 16:32:01',8.071785,77.56279);
/*!40000 ALTER TABLE `full_vehicle_position` ENABLE KEYS */;
UNLOCK TABLES;

--
-- Table structure for table `general_shift`
--

DROP TABLE IF EXISTS `general_shift`;
/*!40101 SET @saved_cs_client     = @@character_set_client */;
/*!40101 SET character_set_client = utf8 */;
CREATE TABLE `general_shift` (
  `id` bigint(20) NOT NULL AUTO_INCREMENT,
  `config_id` bigint(20) NOT NULL,
  `logtime` varchar(50) NOT NULL,
  `logtype` varchar(10) DEFAULT NULL,
  `status` varchar(10) NOT NULL,
  PRIMARY KEY (`id`)
) ENGINE=InnoDB DEFAULT CHARSET=utf8;
/*!40101 SET character_set_client = @saved_cs_client */;

--
-- Dumping data for table `general_shift`
--

LOCK TABLES `general_shift` WRITE;
/*!40000 ALTER TABLE `general_shift` DISABLE KEYS */;
/*!40000 ALTER TABLE `general_shift` ENABLE KEYS */;
UNLOCK TABLES;

--
-- Table structure for table `general_shift_config`
--

DROP TABLE IF EXISTS `general_shift_config`;
/*!40101 SET @saved_cs_client     = @@character_set_client */;
/*!40101 SET character_set_client = utf8 */;
CREATE TABLE `general_shift_config` (
  `id` bigint(20) NOT NULL AUTO_INCREMENT,
  `approval_req` varchar(10) NOT NULL,
  `approved_by` varchar(20) DEFAULT NULL,
  `cutoffdays` int(11) DEFAULT NULL,
  `deduction` varchar(10) NOT NULL,
  `deduction_type` bigint(20) DEFAULT NULL,
  `deduction_amt` bigint(20) DEFAULT NULL,
  `waitlist_reconf` varchar(10) NOT NULL,
  `cutoff_waitlist` bigint(20) DEFAULT NULL,
  `cutoff_cancel` varchar(10) NOT NULL,
  `site_id` bigint(20) NOT NULL,
  `status` varchar(10) NOT NULL,
  `from_date` datetime NOT NULL,
  `to_date` datetime DEFAULT NULL,
  PRIMARY KEY (`id`)
) ENGINE=InnoDB DEFAULT CHARSET=utf8;
/*!40101 SET character_set_client = @saved_cs_client */;

--
-- Dumping data for table `general_shift_config`
--

LOCK TABLES `general_shift_config` WRITE;
/*!40000 ALTER TABLE `general_shift_config` DISABLE KEYS */;
/*!40000 ALTER TABLE `general_shift_config` ENABLE KEYS */;
UNLOCK TABLES;

--
-- Table structure for table `km_based_classic_trip_config`
--

DROP TABLE IF EXISTS `km_based_classic_trip_config`;
/*!40101 SET @saved_cs_client     = @@character_set_client */;
/*!40101 SET character_set_client = utf8 */;
CREATE TABLE `km_based_classic_trip_config` (
  `id` bigint(20) NOT NULL AUTO_INCREMENT,
  `km_billing_id` bigint(20) NOT NULL,
  `vehicle_type` int(11) NOT NULL,
  `trip_rate` float NOT NULL,
  `status` varchar(5) NOT NULL DEFAULT 'a',
  `escort_billing_type` varchar(10) DEFAULT NULL,
  `escort_billing_rate` float DEFAULT NULL,
  `ac_constraint` varchar(5) DEFAULT NULL,
  PRIMARY KEY (`id`)
) ENGINE=InnoDB AUTO_INCREMENT=7 DEFAULT CHARSET=utf8;
/*!40101 SET character_set_client = @saved_cs_client */;

--
-- Dumping data for table `km_based_classic_trip_config`
--

LOCK TABLES `km_based_classic_trip_config` WRITE;
/*!40000 ALTER TABLE `km_based_classic_trip_config` DISABLE KEYS */;
INSERT INTO `km_based_classic_trip_config` VALUES (6,1,1,26,'a','Flat',400,'YES');
/*!40000 ALTER TABLE `km_based_classic_trip_config` ENABLE KEYS */;
UNLOCK TABLES;

--
-- Table structure for table `km_based_map_trip_config`
--

DROP TABLE IF EXISTS `km_based_map_trip_config`;
/*!40101 SET @saved_cs_client     = @@character_set_client */;
/*!40101 SET character_set_client = utf8 */;
CREATE TABLE `km_based_map_trip_config` (
  `id` bigint(20) NOT NULL AUTO_INCREMENT,
  `km_billing_id` bigint(20) NOT NULL,
  `vehicle_type` int(11) NOT NULL,
  `distance_type` varchar(50) NOT NULL,
  `calculation_type` varchar(50) NOT NULL,
  `rate` float NOT NULL,
  `status` varchar(5) NOT NULL DEFAULT 'a',
  `escort_billing_type` varchar(10) DEFAULT NULL,
  `escort_billing_rate` float DEFAULT NULL,
  `ac_constraint` varchar(5) DEFAULT 'NO',
  `trip_rate` float DEFAULT NULL,
  PRIMARY KEY (`id`)
) ENGINE=InnoDB DEFAULT CHARSET=utf8;
/*!40101 SET character_set_client = @saved_cs_client */;

--
-- Dumping data for table `km_based_map_trip_config`
--

LOCK TABLES `km_based_map_trip_config` WRITE;
/*!40000 ALTER TABLE `km_based_map_trip_config` DISABLE KEYS */;
/*!40000 ALTER TABLE `km_based_map_trip_config` ENABLE KEYS */;
UNLOCK TABLES;

--
-- Table structure for table `km_based_template`
--

DROP TABLE IF EXISTS `km_based_template`;
/*!40101 SET @saved_cs_client     = @@character_set_client */;
/*!40101 SET character_set_client = utf8 */;
CREATE TABLE `km_based_template` (
  `id` bigint(20) NOT NULL AUTO_INCREMENT,
  `name` varchar(50) DEFAULT NULL,
  `site` int(11) DEFAULT NULL,
  `status` varchar(5) DEFAULT 'a',
  `km_billing_id` bigint(20) DEFAULT NULL,
  PRIMARY KEY (`id`)
) ENGINE=InnoDB DEFAULT CHARSET=utf8;
/*!40101 SET character_set_client = @saved_cs_client */;

--
-- Dumping data for table `km_based_template`
--

LOCK TABLES `km_based_template` WRITE;
/*!40000 ALTER TABLE `km_based_template` DISABLE KEYS */;
/*!40000 ALTER TABLE `km_based_template` ENABLE KEYS */;
UNLOCK TABLES;

--
-- Table structure for table `km_based_template_child`
--

DROP TABLE IF EXISTS `km_based_template_child`;
/*!40101 SET @saved_cs_client     = @@character_set_client */;
/*!40101 SET character_set_client = utf8 */;
CREATE TABLE `km_based_template_child` (
  `landmark` bigint(20) NOT NULL,
  `distance` float NOT NULL,
  `status` varchar(5) DEFAULT 'a',
  `template_id` bigint(20) NOT NULL
) ENGINE=InnoDB DEFAULT CHARSET=utf8;
/*!40101 SET character_set_client = @saved_cs_client */;

--
-- Dumping data for table `km_based_template_child`
--

LOCK TABLES `km_based_template_child` WRITE;
/*!40000 ALTER TABLE `km_based_template_child` DISABLE KEYS */;
/*!40000 ALTER TABLE `km_based_template_child` ENABLE KEYS */;
UNLOCK TABLES;

--
-- Table structure for table `km_based_template_trip_config`
--

DROP TABLE IF EXISTS `km_based_template_trip_config`;
/*!40101 SET @saved_cs_client     = @@character_set_client */;
/*!40101 SET character_set_client = utf8 */;
CREATE TABLE `km_based_template_trip_config` (
  `id` bigint(20) NOT NULL AUTO_INCREMENT,
  `km_billing_id` bigint(20) NOT NULL,
  `vehicle_type` int(11) NOT NULL,
  `templateId` bigint(20) NOT NULL,
  `swingRateType` varchar(10) NOT NULL,
  `swingRate` float NOT NULL,
  `escort_billing_type` varchar(10) DEFAULT NULL,
  `escort_billing_rate` float DEFAULT NULL,
  `ac_constraint` varchar(5) DEFAULT 'NO',
  `status` varchar(5) DEFAULT NULL,
  `trip_rate` float DEFAULT NULL,
  PRIMARY KEY (`id`)
) ENGINE=InnoDB DEFAULT CHARSET=utf8;
/*!40101 SET character_set_client = @saved_cs_client */;

--
-- Dumping data for table `km_based_template_trip_config`
--

LOCK TABLES `km_based_template_trip_config` WRITE;
/*!40000 ALTER TABLE `km_based_template_trip_config` DISABLE KEYS */;
/*!40000 ALTER TABLE `km_based_template_trip_config` ENABLE KEYS */;
UNLOCK TABLES;

--
-- Table structure for table `km_based_trip_config`
--

DROP TABLE IF EXISTS `km_based_trip_config`;
/*!40101 SET @saved_cs_client     = @@character_set_client */;
/*!40101 SET character_set_client = utf8 */;
CREATE TABLE `km_based_trip_config` (
  `id` bigint(20) NOT NULL AUTO_INCREMENT,
  `billing_type_id` bigint(20) NOT NULL,
  `km_billing_type` varchar(50) NOT NULL,
  `status` varchar(5) DEFAULT 'a',
  PRIMARY KEY (`id`)
) ENGINE=InnoDB AUTO_INCREMENT=2 DEFAULT CHARSET=utf8;
/*!40101 SET character_set_client = @saved_cs_client */;

--
-- Dumping data for table `km_based_trip_config`
--

LOCK TABLES `km_based_trip_config` WRITE;
/*!40000 ALTER TABLE `km_based_trip_config` DISABLE KEYS */;
INSERT INTO `km_based_trip_config` VALUES (1,4,'classic','a');
/*!40000 ALTER TABLE `km_based_trip_config` ENABLE KEYS */;
UNLOCK TABLES;

--
-- Table structure for table `landmark`
--

DROP TABLE IF EXISTS `landmark`;
/*!40101 SET @saved_cs_client     = @@character_set_client */;
/*!40101 SET character_set_client = utf8 */;
CREATE TABLE `landmark` (
  `id` bigint(20) NOT NULL AUTO_INCREMENT,
  `landmark` varchar(40) NOT NULL,
  `latitude` double DEFAULT '0',
  `longitude` double DEFAULT '0',
  `place` bigint(20) NOT NULL,
  PRIMARY KEY (`id`)
) ENGINE=InnoDB AUTO_INCREMENT=71 DEFAULT CHARSET=utf8;
/*!40101 SET character_set_client = @saved_cs_client */;

--
-- Dumping data for table `landmark`
--

LOCK TABLES `landmark` WRITE;
/*!40000 ALTER TABLE `landmark` DISABLE KEYS */;
INSERT INTO `landmark` VALUES (21,'Water Tank',12.92354956,77.55764008,11),(25,'Bhuvaneshwarinagar Bus Stop',12.9218555,77.55079508,12),(34,'Maramma Temple',12.92769052,77.55227566,17),(37,'S.R.R. Kalyana Mantapa',13.0076102,77.65467167,20),(63,'NR Colony',12.93785441,77.56914139,35),(64,'Neelasandra',12.9306137858004,77.6139497755139,1),(65,'My Home & Tip',12.9533666832638,77.6125764844983,1),(66,'Bore well',12.9453364856589,77.6747179019731,126),(67,'Logica',12.949565092515,77.6896908885101,126),(68,'TEEE',12.8904565548746,77.5974702833264,13),(69,'nooufa',12.9918411174016,77.4937868116467,3),(70,'UUU',12.9891648277161,77.5555849073498,1);
/*!40000 ALTER TABLE `landmark` ENABLE KEYS */;
UNLOCK TABLES;

--
-- Table structure for table `landmark1`
--

DROP TABLE IF EXISTS `landmark1`;
/*!40101 SET @saved_cs_client     = @@character_set_client */;
/*!40101 SET character_set_client = utf8 */;
CREATE TABLE `landmark1` (
  `id` int(11) NOT NULL AUTO_INCREMENT,
  `landmark1` varchar(40) DEFAULT NULL,
  `latitude` double DEFAULT NULL,
  `longitude` double DEFAULT NULL,
  `place` int(11) DEFAULT NULL,
  PRIMARY KEY (`id`)
) ENGINE=InnoDB DEFAULT CHARSET=utf8;
/*!40101 SET character_set_client = @saved_cs_client */;

--
-- Dumping data for table `landmark1`
--

LOCK TABLES `landmark1` WRITE;
/*!40000 ALTER TABLE `landmark1` DISABLE KEYS */;
/*!40000 ALTER TABLE `landmark1` ENABLE KEYS */;
UNLOCK TABLES;

--
-- Table structure for table `landmarkshuttle`
--

DROP TABLE IF EXISTS `landmarkshuttle`;
/*!40101 SET @saved_cs_client     = @@character_set_client */;
/*!40101 SET character_set_client = utf8 */;
CREATE TABLE `landmarkshuttle` (
  `id` int(11) NOT NULL AUTO_INCREMENT,
  `landmark` varchar(60) DEFAULT NULL,
  `latitude` float DEFAULT NULL,
  `longitude` float DEFAULT NULL,
  `place` int(11) DEFAULT NULL,
  PRIMARY KEY (`id`)
) ENGINE=InnoDB DEFAULT CHARSET=utf8;
/*!40101 SET character_set_client = @saved_cs_client */;

--
-- Dumping data for table `landmarkshuttle`
--

LOCK TABLES `landmarkshuttle` WRITE;
/*!40000 ALTER TABLE `landmarkshuttle` DISABLE KEYS */;
/*!40000 ALTER TABLE `landmarkshuttle` ENABLE KEYS */;
UNLOCK TABLES;

--
-- Table structure for table `log_tst`
--

DROP TABLE IF EXISTS `log_tst`;
/*!40101 SET @saved_cs_client     = @@character_set_client */;
/*!40101 SET character_set_client = utf8 */;
CREATE TABLE `log_tst` (
  `data` varchar(1000) NOT NULL,
  `date` datetime DEFAULT NULL
) ENGINE=InnoDB DEFAULT CHARSET=utf8;
/*!40101 SET character_set_client = @saved_cs_client */;

--
-- Dumping data for table `log_tst`
--

LOCK TABLES `log_tst` WRITE;
/*!40000 ALTER TABLE `log_tst` DISABLE KEYS */;
INSERT INTO `log_tst` VALUES (' before lastOfPreviousMonth','2014-04-28 17:43:41'),(' after lastOfPreviousMonth','2014-04-28 17:43:41'),(' before lastOfNextMonth ','2014-04-28 17:43:41'),(' before lastOfPreviousMonth','2014-04-28 17:53:06'),(' after lastOfPreviousMonth','2014-04-28 17:53:06'),(' before lastOfNextMonth ','2014-04-28 17:53:06'),(' before lastOfPreviousMonth','2014-04-29 08:44:05'),(' after lastOfPreviousMonth','2014-04-29 08:44:05'),(' before lastOfNextMonth ','2014-04-29 08:44:05'),(' before lastOfPreviousMonth','2014-04-29 15:15:36'),(' after lastOfPreviousMonth','2014-04-29 15:15:36'),(' before lastOfNextMonth ','2014-04-29 15:15:36'),(' before lastOfPreviousMonth','2014-04-29 15:19:38'),(' after lastOfPreviousMonth','2014-04-29 15:19:38'),(' before lastOfNextMonth ','2014-04-29 15:19:38'),(' before lastOfPreviousMonth','2014-04-29 15:34:40'),(' after lastOfPreviousMonth','2014-04-29 15:34:40'),(' before lastOfNextMonth ','2014-04-29 15:34:40'),(' before lastOfPreviousMonth','2014-04-29 15:52:25'),(' after lastOfPreviousMonth','2014-04-29 15:52:25'),(' before lastOfNextMonth ','2014-04-29 15:52:25'),(' before lastOfPreviousMonth','2014-04-29 15:53:27'),(' after lastOfPreviousMonth','2014-04-29 15:53:27'),(' before lastOfNextMonth ','2014-04-29 15:53:27'),(' before lastOfPreviousMonth','2014-04-29 16:00:36'),(' after lastOfPreviousMonth','2014-04-29 16:00:36'),(' before lastOfNextMonth ','2014-04-29 16:00:36'),(' before lastOfPreviousMonth','2014-04-29 16:01:06'),(' after lastOfPreviousMonth','2014-04-29 16:01:06'),(' before lastOfNextMonth ','2014-04-29 16:01:06'),(' before lastOfPreviousMonth','2014-04-29 16:01:51'),(' after lastOfPreviousMonth','2014-04-29 16:01:51'),(' before lastOfNextMonth ','2014-04-29 16:01:51'),(' before lastOfPreviousMonth','2014-04-29 16:02:55'),(' after lastOfPreviousMonth','2014-04-29 16:02:55'),(' before lastOfNextMonth ','2014-04-29 16:02:55'),(' before lastOfPreviousMonth','2014-04-29 16:21:27'),(' after lastOfPreviousMonth','2014-04-29 16:21:27'),(' before lastOfNextMonth ','2014-04-29 16:21:27'),(' before lastOfPreviousMonth','2014-04-29 16:21:42'),(' after lastOfPreviousMonth','2014-04-29 16:21:42'),(' before lastOfNextMonth ','2014-04-29 16:21:42'),(' before lastOfPreviousMonth','2014-04-29 16:21:51'),(' after lastOfPreviousMonth','2014-04-29 16:21:51'),(' before lastOfNextMonth ','2014-04-29 16:21:51'),(' before lastOfPreviousMonth','2014-04-29 16:22:00'),(' after lastOfPreviousMonth','2014-04-29 16:22:00'),(' before lastOfNextMonth ','2014-04-29 16:22:00'),(' before lastOfPreviousMonth','2014-04-29 16:22:07'),(' after lastOfPreviousMonth','2014-04-29 16:22:07'),(' before lastOfNextMonth ','2014-04-29 16:22:07'),(' before lastOfPreviousMonth','2014-04-29 16:22:37'),(' after lastOfPreviousMonth','2014-04-29 16:22:37'),(' before lastOfNextMonth ','2014-04-29 16:22:37'),(' before lastOfPreviousMonth','2014-05-07 15:47:37'),(' after lastOfPreviousMonth','2014-05-07 15:47:37'),(' before lastOfNextMonth ','2014-05-07 15:47:37'),(' before lastOfPreviousMonth','2014-05-07 15:48:19'),(' after lastOfPreviousMonth','2014-05-07 15:48:19'),(' before lastOfNextMonth ','2014-05-07 15:48:19'),(' before lastOfPreviousMonth','2014-05-07 15:49:37'),(' after lastOfPreviousMonth','2014-05-07 15:49:37'),(' before lastOfNextMonth ','2014-05-07 15:49:37'),(' before lastOfPreviousMonth','2014-05-07 15:50:52'),(' after lastOfPreviousMonth','2014-05-07 15:50:52'),(' before lastOfNextMonth ','2014-05-07 15:50:52'),(' before lastOfPreviousMonth','2014-05-07 15:52:05'),(' after lastOfPreviousMonth','2014-05-07 15:52:06'),(' before lastOfNextMonth ','2014-05-07 15:52:06'),(' before lastOfPreviousMonth','2014-05-07 15:52:11'),(' after lastOfPreviousMonth','2014-05-07 15:52:11'),(' before lastOfNextMonth ','2014-05-07 15:52:11'),(' before lastOfPreviousMonth','2014-05-07 15:54:20'),(' after lastOfPreviousMonth','2014-05-07 15:54:20'),(' before lastOfNextMonth ','2014-05-07 15:54:20'),(' before lastOfPreviousMonth','2014-05-07 15:57:39'),(' after lastOfPreviousMonth','2014-05-07 15:57:39'),(' before lastOfNextMonth ','2014-05-07 15:57:39'),(' before lastOfPreviousMonth','2014-05-07 15:57:50'),(' after lastOfPreviousMonth','2014-05-07 15:57:50'),(' before lastOfNextMonth ','2014-05-07 15:57:50'),(' before lastOfPreviousMonth','2014-05-07 15:58:40'),(' after lastOfPreviousMonth','2014-05-07 15:58:40'),(' before lastOfNextMonth ','2014-05-07 15:58:40'),(' before lastOfPreviousMonth','2014-05-07 15:58:59'),(' after lastOfPreviousMonth','2014-05-07 15:59:00'),(' before lastOfNextMonth ','2014-05-07 15:59:00'),(' before lastOfPreviousMonth','2014-05-07 15:59:27'),(' after lastOfPreviousMonth','2014-05-07 15:59:27'),(' before lastOfNextMonth ','2014-05-07 15:59:27'),(' before lastOfPreviousMonth','2014-05-07 16:00:03'),(' after lastOfPreviousMonth','2014-05-07 16:00:03'),(' before lastOfNextMonth ','2014-05-07 16:00:03'),(' before lastOfPreviousMonth','2014-05-07 16:12:03'),(' after lastOfPreviousMonth','2014-05-07 16:12:03'),(' before lastOfNextMonth ','2014-05-07 16:12:03'),(' before lastOfPreviousMonth','2014-05-07 16:12:49'),(' after lastOfPreviousMonth','2014-05-07 16:12:49'),(' before lastOfNextMonth ','2014-05-07 16:12:49'),(' before lastOfPreviousMonth','2014-05-07 16:16:12'),(' after lastOfPreviousMonth','2014-05-07 16:16:12'),(' before lastOfNextMonth ','2014-05-07 16:16:12'),(' before lastOfPreviousMonth','2014-05-07 16:16:17'),(' after lastOfPreviousMonth','2014-05-07 16:16:17'),(' before lastOfNextMonth ','2014-05-07 16:16:17'),(' before lastOfPreviousMonth','2014-05-07 16:21:33'),(' after lastOfPreviousMonth','2014-05-07 16:21:34'),(' before lastOfNextMonth ','2014-05-07 16:21:34'),(' before lastOfPreviousMonth','2014-05-07 16:21:37'),(' after lastOfPreviousMonth','2014-05-07 16:21:37'),(' before lastOfNextMonth ','2014-05-07 16:21:37'),(' before lastOfPreviousMonth','2014-05-07 16:21:56'),(' after lastOfPreviousMonth','2014-05-07 16:21:56'),(' before lastOfNextMonth ','2014-05-07 16:21:56'),(' before lastOfPreviousMonth','2014-05-07 16:22:52'),(' after lastOfPreviousMonth','2014-05-07 16:22:52'),(' before lastOfNextMonth ','2014-05-07 16:22:52'),(' before lastOfPreviousMonth','2014-05-07 16:23:05'),(' after lastOfPreviousMonth','2014-05-07 16:23:05'),(' before lastOfNextMonth ','2014-05-07 16:23:05'),(' before lastOfPreviousMonth','2014-05-07 16:23:10'),(' after lastOfPreviousMonth','2014-05-07 16:23:11'),(' before lastOfNextMonth ','2014-05-07 16:23:11'),(' before lastOfPreviousMonth','2014-05-07 16:28:36'),(' after lastOfPreviousMonth','2014-05-07 16:28:36'),(' before lastOfNextMonth ','2014-05-07 16:28:36'),(' before lastOfPreviousMonth','2014-05-07 16:29:13'),(' after lastOfPreviousMonth','2014-05-07 16:29:13'),(' before lastOfNextMonth ','2014-05-07 16:29:13'),(' before lastOfPreviousMonth','2014-05-07 16:36:25'),(' after lastOfPreviousMonth','2014-05-07 16:36:25'),(' before lastOfNextMonth ','2014-05-07 16:36:25'),(' before lastOfPreviousMonth','2014-05-07 16:36:48'),(' after lastOfPreviousMonth','2014-05-07 16:36:48'),(' before lastOfNextMonth ','2014-05-07 16:36:48'),(' before lastOfPreviousMonth','2014-05-07 16:39:15'),(' after lastOfPreviousMonth','2014-05-07 16:39:15'),(' before lastOfNextMonth ','2014-05-07 16:39:15'),(' before lastOfPreviousMonth','2014-05-07 16:40:52'),(' after lastOfPreviousMonth','2014-05-07 16:40:52'),(' before lastOfNextMonth ','2014-05-07 16:40:52'),(' before lastOfPreviousMonth','2014-05-07 17:18:42'),(' after lastOfPreviousMonth','2014-05-07 17:18:42'),(' before lastOfNextMonth ','2014-05-07 17:18:42'),(' before lastOfPreviousMonth','2014-05-07 18:14:26'),(' after lastOfPreviousMonth','2014-05-07 18:14:26'),(' before lastOfNextMonth ','2014-05-07 18:14:26'),(' before lastOfPreviousMonth','2014-05-07 18:15:52'),(' after lastOfPreviousMonth','2014-05-07 18:15:52'),(' before lastOfNextMonth ','2014-05-07 18:15:52'),(' before lastOfPreviousMonth','2014-05-07 18:16:25'),(' after lastOfPreviousMonth','2014-05-07 18:16:25'),(' before lastOfNextMonth ','2014-05-07 18:16:25'),(' before lastOfPreviousMonth','2014-05-07 18:17:23'),(' after lastOfPreviousMonth','2014-05-07 18:17:23'),(' before lastOfNextMonth ','2014-05-07 18:17:23'),(' before lastOfPreviousMonth','2014-05-07 18:17:29'),(' after lastOfPreviousMonth','2014-05-07 18:17:29'),(' before lastOfNextMonth ','2014-05-07 18:17:29'),(' before lastOfPreviousMonth','2014-05-07 18:18:10'),(' after lastOfPreviousMonth','2014-05-07 18:18:10'),(' before lastOfNextMonth ','2014-05-07 18:18:10'),(' before lastOfPreviousMonth','2014-05-07 18:28:12'),(' after lastOfPreviousMonth','2014-05-07 18:28:12'),(' before lastOfNextMonth ','2014-05-07 18:28:12'),(' before lastOfPreviousMonth','2014-05-07 18:28:24'),(' after lastOfPreviousMonth','2014-05-07 18:28:24'),(' before lastOfNextMonth ','2014-05-07 18:28:24'),(' before lastOfPreviousMonth','2014-05-07 18:28:55'),(' after lastOfPreviousMonth','2014-05-07 18:28:55'),(' before lastOfNextMonth ','2014-05-07 18:28:55'),(' before lastOfPreviousMonth','2014-05-07 18:56:00'),(' after lastOfPreviousMonth','2014-05-07 18:56:00'),(' before lastOfNextMonth ','2014-05-07 18:56:00'),(' before lastOfPreviousMonth','2014-05-07 18:57:23'),(' after lastOfPreviousMonth','2014-05-07 18:57:23'),(' before lastOfNextMonth ','2014-05-07 18:57:23'),(' before lastOfPreviousMonth','2014-05-07 18:58:50'),(' after lastOfPreviousMonth','2014-05-07 18:58:50'),(' before lastOfNextMonth ','2014-05-07 18:58:50'),(' before lastOfPreviousMonth','2014-05-07 18:59:35'),(' after lastOfPreviousMonth','2014-05-07 18:59:35'),(' before lastOfNextMonth ','2014-05-07 18:59:35'),(' before lastOfPreviousMonth','2014-05-07 19:00:00'),(' after lastOfPreviousMonth','2014-05-07 19:00:00'),(' before lastOfNextMonth ','2014-05-07 19:00:00'),(' before lastOfPreviousMonth','2014-05-07 19:01:35'),(' after lastOfPreviousMonth','2014-05-07 19:01:35'),(' before lastOfNextMonth ','2014-05-07 19:01:35'),(' before lastOfPreviousMonth','2014-05-07 19:03:28'),(' after lastOfPreviousMonth','2014-05-07 19:03:28'),(' before lastOfNextMonth ','2014-05-07 19:03:28'),(' before lastOfPreviousMonth','2014-05-07 19:04:44'),(' after lastOfPreviousMonth','2014-05-07 19:04:44'),(' before lastOfNextMonth ','2014-05-07 19:04:44'),(' before lastOfPreviousMonth','2014-05-07 19:05:00'),(' after lastOfPreviousMonth','2014-05-07 19:05:00'),(' before lastOfNextMonth ','2014-05-07 19:05:00'),(' before lastOfPreviousMonth','2014-05-07 19:11:43'),(' after lastOfPreviousMonth','2014-05-07 19:11:43'),(' before lastOfNextMonth ','2014-05-07 19:11:43'),(' before lastOfPreviousMonth','2014-05-07 19:12:57'),(' after lastOfPreviousMonth','2014-05-07 19:12:57'),(' before lastOfNextMonth ','2014-05-07 19:12:57');
/*!40000 ALTER TABLE `log_tst` ENABLE KEYS */;
UNLOCK TABLES;

--
-- Table structure for table `logtime`
--

DROP TABLE IF EXISTS `logtime`;
/*!40101 SET @saved_cs_client     = @@character_set_client */;
/*!40101 SET character_set_client = utf8 */;
CREATE TABLE `logtime` (
  `id` int(11) NOT NULL AUTO_INCREMENT,
  `logtime` varchar(20) NOT NULL,
  `status` varchar(50) DEFAULT NULL,
  `logtype` varchar(20) NOT NULL,
  `datedif` int(11) DEFAULT NULL,
  `combroute` varchar(5) DEFAULT 'no',
  PRIMARY KEY (`id`),
  UNIQUE KEY `UQ__logtime__3213E83E32B2D74A` (`id`)
) ENGINE=InnoDB AUTO_INCREMENT=49 DEFAULT CHARSET=utf8;
/*!40101 SET character_set_client = @saved_cs_client */;

--
-- Dumping data for table `logtime`
--

LOCK TABLES `logtime` WRITE;
/*!40000 ALTER TABLE `logtime` DISABLE KEYS */;
INSERT INTO `logtime` VALUES (1,'01:00','active','IN',0,'no'),(2,'02:00','active','IN',0,'no'),(3,'03:00','active','IN',0,'no'),(4,'04:00','active','IN',0,'no'),(5,'05:00','active','IN',0,'no'),(6,'06:00','active','IN',0,'no'),(7,'07:00','active','IN',0,'no'),(8,'08:00','active','IN',0,'no'),(9,'09:00','active','IN',0,'no'),(10,'10:00','active','IN',0,'no'),(11,'11:00','active','IN',0,'no'),(12,'12:00','active','IN',0,'no'),(13,'13:00','active','IN',0,'no'),(14,'14:00','active','IN',0,'no'),(15,'15:00','active','IN',0,'no'),(16,'16:00','active','IN',0,'no'),(17,'17:00','active','IN',0,'no'),(18,'18:00','active','IN',0,'no'),(19,'19:00','active','IN',0,'no'),(20,'20:00','active','IN',0,'no'),(21,'21:00','active','IN',0,'no'),(22,'22:00','active','IN',0,'no'),(23,'23:00','active','IN',0,'no'),(24,'01:00','active','OUT',0,'no'),(25,'02:00','active','OUT',0,'no'),(26,'03:00','active','OUT',0,'no'),(27,'04:00','active','OUT',0,'no'),(28,'05:00','active','OUT',0,'no'),(29,'06:00','active','OUT',0,'no'),(30,'07:00','active','OUT',0,'no'),(31,'08:00','active','OUT',0,'no'),(32,'09:00','active','OUT',0,'no'),(33,'10:00','active','OUT',0,'no'),(34,'11:00','active','OUT',0,'no'),(35,'12:00','active','OUT',0,'no'),(36,'13:00','active','OUT',0,'no'),(37,'14:00','active','OUT',0,'no'),(38,'15:00','active','OUT',0,'no'),(39,'16:00','active','OUT',0,'no'),(40,'17:00','active','OUT',0,'no'),(41,'18:00','active','OUT',0,'no'),(42,'19:00','active','OUT',0,'no'),(43,'20:00','active','OUT',0,'no'),(44,'21:00','active','OUT',0,'no'),(45,'22:00','active','OUT',0,'no'),(46,'23:00','active','OUT',0,'no'),(47,'00:00','active','OUT',0,'no'),(48,'00:00','active','IN',NULL,'no');
/*!40000 ALTER TABLE `logtime` ENABLE KEYS */;
UNLOCK TABLES;

--
-- Table structure for table `mail`
--

DROP TABLE IF EXISTS `mail`;
/*!40101 SET @saved_cs_client     = @@character_set_client */;
/*!40101 SET character_set_client = utf8 */;
CREATE TABLE `mail` (
  `id` bigint(20) NOT NULL AUTO_INCREMENT,
  `message` varchar(5000) DEFAULT NULL,
  `status` varchar(10) DEFAULT NULL,
  `subject` varchar(200) DEFAULT NULL,
  PRIMARY KEY (`id`)
) ENGINE=InnoDB AUTO_INCREMENT=2 DEFAULT CHARSET=utf8;
/*!40101 SET character_set_client = @saved_cs_client */;

--
-- Dumping data for table `mail`
--

LOCK TABLES `mail` WRITE;
/*!40000 ALTER TABLE `mail` DISABLE KEYS */;
INSERT INTO `mail` VALUES (1,'sss','sent',NULL);
/*!40000 ALTER TABLE `mail` ENABLE KEYS */;
UNLOCK TABLES;

--
-- Table structure for table `mail_address`
--

DROP TABLE IF EXISTS `mail_address`;
/*!40101 SET @saved_cs_client     = @@character_set_client */;
/*!40101 SET character_set_client = utf8 */;
CREATE TABLE `mail_address` (
  `id` bigint(20) NOT NULL AUTO_INCREMENT,
  `mail` bigint(20) NOT NULL,
  `address` varchar(200) NOT NULL,
  `type` varchar(10) NOT NULL,
  PRIMARY KEY (`id`)
) ENGINE=InnoDB AUTO_INCREMENT=7 DEFAULT CHARSET=utf8;
/*!40101 SET character_set_client = @saved_cs_client */;

--
-- Dumping data for table `mail_address`
--

LOCK TABLES `mail_address` WRITE;
/*!40000 ALTER TABLE `mail_address` DISABLE KEYS */;
INSERT INTO `mail_address` VALUES (2,1,'hh@gg.com','to'),(3,1,'hh0@gog.com','cc'),(4,1,'hipP0@yoog.com','bcc'),(5,1,'yoo@g.com','bcc'),(6,1,'sdfsdfjd','to');
/*!40000 ALTER TABLE `mail_address` ENABLE KEYS */;
UNLOCK TABLES;

--
-- Table structure for table `menu_url`
--

DROP TABLE IF EXISTS `menu_url`;
/*!40101 SET @saved_cs_client     = @@character_set_client */;
/*!40101 SET character_set_client = utf8 */;
CREATE TABLE `menu_url` (
  `id` bigint(20) NOT NULL AUTO_INCREMENT,
  `menuKey` varchar(100) DEFAULT NULL,
  `url` varchar(100) DEFAULT NULL,
  `type` varchar(10) DEFAULT NULL,
  PRIMARY KEY (`id`)
) ENGINE=InnoDB AUTO_INCREMENT=60 DEFAULT CHARSET=utf8;
/*!40101 SET character_set_client = @saved_cs_client */;

--
-- Dumping data for table `menu_url`
--

LOCK TABLES `menu_url` WRITE;
/*!40000 ALTER TABLE `menu_url` DISABLE KEYS */;
INSERT INTO `menu_url` VALUES (1,'1','1','MAIN'),(2,'57','57','MAIN'),(3,'62','62','MAIN'),(4,'64','64','MAIN'),(5,'94','94','MAIN'),(6,'96','96','MAIN'),(7,'98','98','MAIN'),(8,'142','142','MAIN'),(9,'147','147','MAIN'),(10,'275','275','MAIN'),(11,'303','303','MAIN'),(12,'346','346','MAIN'),(13,'346','346','MAIN'),(14,'346','346','MAIN'),(15,'346','346','MAIN'),(16,'346','346','MAIN'),(17,'346','346','MAIN'),(18,'346','346','MAIN'),(19,'346','346','MAIN'),(20,'346','346','MAIN'),(21,'346','346','MAIN'),(22,'7','7','MAIN'),(23,'12','12','MAIN'),(24,'13','13','MAIN'),(25,'13','13','MAIN'),(26,'14','14','MAIN'),(27,'16','16','MAIN'),(28,'21','21','MAIN'),(29,'24','24','MAIN'),(30,'30','30','MAIN'),(31,'31','31','MAIN'),(32,'32','32','MAIN'),(33,'34','34','MAIN'),(34,'35','35','MAIN'),(35,'37','37','MAIN'),(36,'39','39','MAIN'),(37,'40','40','MAIN'),(38,'43','43','MAIN'),(39,'44','44','MAIN'),(40,'77','77','MAIN'),(41,'84','84','MAIN'),(42,'91','91','MAIN'),(43,'92','92','MAIN'),(44,'103','103','MAIN'),(45,'105','105','MAIN'),(46,'116','116','MAIN'),(47,'117','117','MAIN'),(48,'118','118','MAIN'),(49,'120','120','MAIN'),(50,'122','122','MAIN'),(51,'124','124','MAIN'),(52,'137','137','MAIN'),(53,'345','345','MAIN'),(54,'139','139','MAIN'),(55,'140','140','MAIN'),(56,'149','149','MAIN'),(57,'154','154','MAIN'),(58,'245','245','MAIN'),(59,'303','303','MAIN');
/*!40000 ALTER TABLE `menu_url` ENABLE KEYS */;
UNLOCK TABLES;

--
-- Table structure for table `page`
--

DROP TABLE IF EXISTS `page`;
/*!40101 SET @saved_cs_client     = @@character_set_client */;
/*!40101 SET character_set_client = utf8 */;
CREATE TABLE `page` (
  `id` int(11) NOT NULL AUTO_INCREMENT,
  `url` varchar(250) DEFAULT NULL,
  `type` varchar(10) DEFAULT NULL,
  PRIMARY KEY (`id`)
) ENGINE=InnoDB AUTO_INCREMENT=557 DEFAULT CHARSET=utf8;
/*!40101 SET character_set_client = @saved_cs_client */;

--
-- Dumping data for table `page`
--

LOCK TABLES `page` WRITE;
/*!40000 ALTER TABLE `page` DISABLE KEYS */;
INSERT INTO `page` VALUES (1,'transportmanager_home.jsp','PAGE'),(2,'employee_home.jsp','PAGE'),(3,'manager_home.jsp','PAGE'),(4,'.#getproject.jsp.1.6','PAGE'),(5,'.#schedule_modify_all.jsp.1.29','PAGE'),(6,'.#transadmin_schedulemodify.jsp.1.24','PAGE'),(7,'addCompany.jsp','PAGE'),(8,'addExternalemp.jsp','PAGE'),(9,'AddroleView.jsp','PAGE'),(10,'AddSubview.jsp','PAGE'),(11,'AddView.jsp','PAGE'),(12,'add_route.jsp','PAGE'),(13,'AllView.jsp','PAGE'),(14,'area.jsp','PAGE'),(15,'Atom_Help.pps','PAGE'),(16,'automatic_routing.jsp','PAGE'),(17,'board_tripsheet.jsp','PAGE'),(18,'branch.jsp','PAGE'),(19,'capacityutilizationdashboard.jsp','PAGE'),(20,'changePassword.jsp','PAGE'),(21,'ChangeRole.jsp','PAGE'),(22,'compare_trips.jsp','PAGE'),(23,'dashboard.jsp','PAGE'),(24,'delegateRole.jsp','PAGE'),(25,'delegateRoleModify.jsp','PAGE'),(26,'display_actualTrips.jsp','PAGE'),(27,'display_AgileBillingReport.jsp','PAGE'),(28,'display_billing_breakups.jsp','PAGE'),(29,'display_CapacityUtilizationReport.jsp','PAGE'),(30,'display_CapacityUtilizationSummaryReport.jsp','PAGE'),(31,'display_employeeSubscriptionReport.jsp','PAGE'),(32,'display_emp_sch_report.jsp','PAGE'),(33,'display_emp_sub_report.jsp','PAGE'),(34,'display_emp_unsub_report.jsp','PAGE'),(35,'display_exceptionReport.jsp','PAGE'),(36,'display_manager_projectWiseTripBillingReport.jsp','PAGE'),(37,'display_OnShowTipCount.jsp','PAGE'),(38,'display_OTA_OTD.jsp','PAGE'),(39,'display_projectWiseTripBillingReport.jsp','PAGE'),(40,'display_TrackedTripBucket.jsp','PAGE'),(41,'display_tranadmin_emp_sch_report.jsp','PAGE'),(42,'display_transadmin_tripSheet_no_show_count_report.jsp','PAGE'),(43,'display_TripBillingSummary.jsp','PAGE'),(44,'display_tripSheet_no_show_count_report.jsp','PAGE'),(45,'downloadapl.jsp','PAGE'),(46,'downloadnotschedule.jsp','PAGE'),(47,'downloadPayroll.jsp','PAGE'),(48,'downloadroute.jsp','PAGE'),(49,'download_display_billing_breakups.jsp','PAGE'),(50,'drilldownReport.jsp','PAGE'),(51,'editSubview.jsp','PAGE'),(52,'editView.jsp','PAGE'),(53,'edit_route.jsp','PAGE'),(54,'EmployeeSearch.jsp','PAGE'),(55,'employeesearchaddress.jsp','PAGE'),(56,'emp_modifySubscription.jsp','PAGE'),(57,'emp_schedulecancel.jsp','PAGE'),(58,'emp_schedule_report.jsp','PAGE'),(59,'emp_schedulingHistory.jsp','PAGE'),(60,'emp_showSubscription.jsp','PAGE'),(61,'emp_subscription.jsp','PAGE'),(62,'emp_subscriptionHistory.jsp','PAGE'),(63,'emp_subscription_report.jsp','PAGE'),(64,'emp_unsubscriptionRequest.jsp','PAGE'),(65,'emp_unsubscription_report.jsp','PAGE'),(66,'error.jsp','PAGE'),(67,'ExternalEmpTemplate.xlsx','PAGE'),(68,'Footer.jsp','PAGE'),(69,'getemployee.jsp','PAGE'),(70,'getproject.jsp','PAGE'),(71,'get_site_vehicle.jsp','PAGE'),(72,'Header.jsp','PAGE'),(73,'hrm_Header.jsp','PAGE'),(74,'index.jsp','PAGE'),(75,'landmark.jsp','PAGE'),(76,'LandMarkSearch.jsp','PAGE'),(77,'logtime_list.jsp','PAGE'),(78,'log_time.jsp','PAGE'),(79,'log_time_modify.jsp','PAGE'),(80,'modifyDelegation.jsp','PAGE'),(81,'modify_trip.jsp','PAGE'),(82,'NoShowdashboard.jsp','PAGE'),(83,'OTAOTDDashboard.jsp','PAGE'),(84,'payrolldetails.jsp','PAGE'),(85,'payroll_setup.jsp','PAGE'),(86,'place.jsp','PAGE'),(87,'print_trips.jsp','PAGE'),(88,'projectwisenoshowdashboard.jsp','PAGE'),(89,'rolepage.jsp','PAGE'),(90,'roleView.jsp','PAGE'),(91,'routeSetup.jsp','PAGE'),(92,'route_list.jsp','PAGE'),(93,'route_modify.jsp','PAGE'),(94,'scheduled_employee.jsp','PAGE'),(95,'schedule_alter.jsp','PAGE'),(96,'schedule_employee.jsp','PAGE'),(97,'schedule_modify.jsp','PAGE'),(98,'schedule_modify_all.jsp','PAGE'),(99,'SearchEmployeeAndSetSubscriptionDetails.jsp','PAGE'),(100,'setSpecial.jsp','PAGE'),(101,'ShowAuditLog.jsp','PAGE'),(102,'site.jsp','PAGE'),(103,'site_shift.jsp','PAGE'),(104,'site_vehicle_list.jsp','PAGE'),(105,'site_vehicle_type.jsp','PAGE'),(106,'SupervisorSearch1.jsp','PAGE'),(107,'SupervisorSearch2.jsp','PAGE'),(108,'termsAndConditions.html','PAGE'),(109,'Test.jsp','PAGE'),(110,'Test1.html','PAGE'),(111,'Tomorrows.jsp','PAGE'),(112,'trackedTripDownloads.jsp','PAGE'),(113,'transadminviewDelegatedRole.jsp','PAGE'),(114,'transadmin_approvedTrips.jsp','PAGE'),(115,'transadmin_delegateRole.jsp','PAGE'),(116,'transadmin_modifysubscription.jsp','PAGE'),(117,'transadmin_scheduledemployee.jsp','PAGE'),(118,'transadmin_schedulemodify.jsp','PAGE'),(119,'transadmin_schedule_alter.jsp','PAGE'),(120,'transadmin_schedule_employee.jsp','PAGE'),(121,'transadmin_subscriptioncancel.jsp','PAGE'),(122,'transadmin_subscriptionforemp.jsp','PAGE'),(123,'transadmin_trackedTrips.jsp','PAGE'),(124,'transadmin_vendorSetUp.jsp','PAGE'),(125,'transadmin_viewschedule.jsp','PAGE'),(126,'transadmin_viewTrackedTripSheet.jsp','PAGE'),(127,'tripAuditLog.jsp','PAGE'),(128,'TripCostCalandar.jsp','PAGE'),(129,'trip_details.jsp','PAGE'),(130,'trip_details_modify.jsp','PAGE'),(131,'UnitDataTemplate.xlsx','PAGE'),(132,'UnituploadExcel.jsp','PAGE'),(133,'uploadExcel.jsp','PAGE'),(134,'upload_route.jsp','PAGE'),(135,'urlAssign.jsp','PAGE'),(136,'urlSetup.jsp','PAGE'),(137,'userRoleSetUp.jsp','PAGE'),(138,'VehicleMixdashboard.jsp','PAGE'),(139,'vehicle_type.jsp','PAGE'),(140,'vehicle_type_list.jsp','PAGE'),(141,'vehicle_type_modify.jsp','PAGE'),(142,'vendors_home.jsp','PAGE'),(143,'Vendor_Header.jsp','PAGE'),(144,'vendor_site.jsp','PAGE'),(145,'vendor_tripApproval.jsp','PAGE'),(146,'vendor_trip_details.jsp','PAGE'),(147,'vendor_viewTripSheet.jsp','PAGE'),(148,'viewallExternal.jsp','PAGE'),(149,'viewDelegatedRole.jsp','PAGE'),(150,'viewSettings.jsp','PAGE'),(151,'ViewSubview.jsp','PAGE'),(152,'viewUnit.jsp','PAGE'),(153,'view_all_special.jsp','PAGE'),(154,'view_routing.jsp','PAGE'),(155,'view_tracked_trip.jsp','PAGE'),(156,'Common','SERVLET'),(157,'Main','SERVLET'),(158,'OtherFunctions','SERVLET'),(159,'PasswordGenerator','SERVLET'),(160,'PropertyClass','SERVLET'),(161,'AuditLogConstants','SERVLET'),(162,'BranchDao$addEmployee','SERVLET'),(163,'CompanyDao$addEmployee','SERVLET'),(164,'OtherDao$OtherFunctionsHolder','SERVLET'),(165,'RouteUpload','SERVLET'),(166,'SettingsDoa','SERVLET'),(167,'ValidateUser','SERVLET'),(168,'DbConnect$1','SERVLET'),(169,'DbConnect','SERVLET'),(170,'EmployeeSubscriptionDto$status$1','SERVLET'),(171,'EmployeeSubscriptionDto$status$2','SERVLET'),(172,'EmployeeSubscriptionDto$status$3','SERVLET'),(173,'EmployeeSubscriptionDto$status','SERVLET'),(174,'PayrollReportDto$DetailClass','SERVLET'),(175,'Check','SERVLET'),(176,'SendGmail$1','SERVLET'),(177,'SendGmail','SERVLET'),(178,'SendMail','SERVLET'),(179,'SendMailFactory','SERVLET'),(180,'SendMailLogica','SERVLET'),(181,'SendMailUAT','SERVLET'),(182,'SendSMS','SERVLET'),(183,'Export2PDF','SERVLET'),(184,'ActualCapacity','SERVLET'),(185,'ActualCapacityServlet','SERVLET'),(186,'DailyCapacityUtilization','SERVLET'),(187,'DailyCapacityUtilizationServlet','SERVLET'),(188,'DailyNoShow','SERVLET'),(189,'DailyNoShowServlet','SERVLET'),(190,'DailyVehicleMixServlet','SERVLET'),(191,'NoShowbyProjectsServlet','SERVLET'),(192,'OTA','SERVLET'),(193,'OTAServlet','SERVLET'),(194,'OTD','SERVLET'),(195,'OTDServlet','SERVLET'),(196,'PerPersonCost','SERVLET'),(197,'PerPersonCostServlet','SERVLET'),(198,'PlannedActualCapacity','SERVLET'),(199,'PlannedCapacity','SERVLET'),(200,'ProjectwiseNoShow','SERVLET'),(201,'ProjectwiseNoShowServlet','SERVLET'),(202,'ShiftCapacityUtilization','SERVLET'),(203,'ShiftCapacityUtilizationServlet','SERVLET'),(204,'ShiftNoShow','SERVLET'),(205,'ShiftNoShowServlet','SERVLET'),(206,'SiteCostSummary','SERVLET'),(207,'SiteCostSummaryServlet','SERVLET'),(208,'SiteNoShow','SERVLET'),(209,'SiteNoShowServlet','SERVLET'),(210,'VehicleMix','SERVLET'),(211,'VehicleMixServlet','SERVLET'),(212,'VendorCost','SERVLET'),(213,'VendorCostServlet','SERVLET'),(214,'EmpSchedule','SERVLET'),(215,'EmpSubDataSource','SERVLET'),(216,'EmpSubscription','SERVLET'),(217,'EmpUnsubscription','SERVLET'),(218,'EmpScheduleReportHelper','SERVLET'),(219,'EmpSubscriptionReportHelper','SERVLET'),(220,'EmpUnSubscriptionReportHelper','SERVLET'),(221,'SchedulingReport','SERVLET'),(222,'TripBillingBreakUpsReportHelper','SERVLET'),(223,'TripBucketReportHelper','SERVLET'),(224,'TripSheetNoShowCountReportHelper','SERVLET'),(225,'PayrollService$1','SERVLET'),(226,'Test','SERVLET'),(227,'AddCompany','SERVLET'),(228,'AddProjectToTime','SERVLET'),(229,'AddRoute','SERVLET'),(230,'AddSettings','SERVLET'),(231,'AddTripRate','SERVLET'),(232,'AddUnit','SERVLET'),(233,'AddVendor','SERVLET'),(234,'AddVendorToSite','SERVLET'),(235,'AddArea','SERVLET'),(236,'AddLandmark','SERVLET'),(237,'AddPlace','SERVLET'),(238,'GetLandMark','SERVLET'),(239,'Pre','SERVLET'),(240,'UpdateArea','SERVLET'),(241,'UpdateLandmark','SERVLET'),(242,'UpdatePlace','SERVLET'),(243,'ApproveTrips','SERVLET'),(244,'Branch','SERVLET'),(245,'ChangeUser','SERVLET'),(246,'CheckData','SERVLET'),(247,'DelegateRole','SERVLET'),(248,'DeleteLogModify','SERVLET'),(249,'DeleteSettings','SERVLET'),(250,'deleteVendor','SERVLET'),(251,'EditEmployee','SERVLET'),(252,'EditUnit','SERVLET'),(253,'AddExternalEmployee','SERVLET'),(254,'ChangePassword','SERVLET'),(255,'CheckLoginId','SERVLET'),(256,'GetEmployee','SERVLET'),(257,'GetEmployeeData','SERVLET'),(258,'GetEmployeeDetails','SERVLET'),(259,'GetEmployeeForManagerData','SERVLET'),(260,'GetEmployeeView','SERVLET'),(261,'GetSubscribedEmployeeData','SERVLET'),(262,'UpdateEmployeesRole','SERVLET'),(263,'EmployeeScheduleCancel','SERVLET'),(264,'Export2PDFServlet','SERVLET'),(265,'GetEmployeeAddress','SERVLET'),(266,'GetEmployeeSpecial','SERVLET'),(267,'GetLogTime','SERVLET'),(268,'GetProject','SERVLET'),(269,'GetProjectSpecificShiftTime_Ajax','SERVLET'),(270,'GetSettings','SERVLET'),(271,'GetSiteShift','SERVLET'),(272,'GetUnits','SERVLET'),(273,'GetVehicleNotInSite','SERVLET'),(274,'IsWithinSchedules','SERVLET'),(275,'Logout','SERVLET'),(276,'LogTime','SERVLET'),(277,'LogTimeModify','SERVLET'),(278,'ModifyDelegateRole','SERVLET'),(279,'ModifyMasterRoute','SERVLET'),(280,'ModifyRoute','SERVLET'),(281,'NewClass','SERVLET'),(282,'GetPayrollDetails','SERVLET'),(283,'removeAssignment','SERVLET'),(284,'ResetPassword','SERVLET'),(285,'Routing','SERVLET'),(286,'SaveTrip','SERVLET'),(287,'ScheduleAlter','SERVLET'),(288,'ScheduleEmployee','SERVLET'),(289,'ScheduleModify','SERVLET'),(290,'ScheduleModifyCancel','SERVLET'),(291,'SetGetRolePage','SERVLET'),(292,'SetRouteRule','SERVLET'),(293,'SetSiteShift','SERVLET'),(294,'SetSpecial','SERVLET'),(295,'AddSite','SERVLET'),(296,'UpdateSite','SERVLET'),(297,'SiteVehicle','SERVLET'),(298,'Startup','SERVLET'),(299,'GetEmployeeDataFromSubscription','SERVLET'),(300,'GetLastSubscriptionDetails_Ajax','SERVLET'),(301,'ModifySubscribeRequest','SERVLET'),(302,'Subscribe','SERVLET'),(303,'SubscriptionSelector','SERVLET'),(304,'UnsubscriptionRequest','SERVLET'),(305,'UnsubscriptionSelector','SERVLET'),(306,'UpdateSubscription','SERVLET'),(307,'Test','SERVLET'),(308,'TrackTripSheet','SERVLET'),(309,'UnitUploadExcel','SERVLET'),(310,'UpdatePayrollAmount','SERVLET'),(311,'UpdateStatus','SERVLET'),(312,'UpdateTrip','SERVLET'),(313,'Updateunit','SERVLET'),(314,'UpdateVendor','SERVLET'),(315,'UploadExcel','SERVLET'),(316,'UserValidation','SERVLET'),(317,'VehicleType','SERVLET'),(318,'VehicleTypeModify','SERVLET'),(319,'VendorContract','SERVLET'),(320,'SettingStatus','SERVLET'),(321,'GetEmps','SERVLET'),(322,'GetProject','SERVLET'),(323,'ConnectDB','SERVLET'),(324,'Scheduler','SERVLET'),(325,'UtilityServices','SERVLET'),(326,'AddPage','SERVLET'),(327,'AddSubview','SERVLET'),(328,'AddUserRole','SERVLET'),(329,'AddView','SERVLET'),(330,'AddViewRole','SERVLET'),(331,'CheckUserNameExists','SERVLET'),(332,'CheckUserTypeExists','SERVLET'),(333,'DeleteSubview','SERVLET'),(334,'DeleteView','SERVLET'),(335,'DeleteViewRole','SERVLET'),(336,'EditPage','SERVLET'),(337,'EditSubview','SERVLET'),(338,'EditView','SERVLET'),(339,'GetAssignedUrls','SERVLET'),(340,'GroupUrls','SERVLET'),(341,'SetRolesHomePage','SERVLET'),(342,'UpdateUserRole','SERVLET'),(343,'PageManagementStatus','SERVLET'),(344,'ViewManagementStatus','SERVLET'),(345,'transporttype_mapping.jsp','PAGE'),(346,'#','PAGE'),(347,'.#display_TripBillingSummary.jsp.1.6','PAGE'),(348,'.#display_TripBillingSummary.jsp.1.7','PAGE'),(349,'.#schedule_employee.jsp.1.10','PAGE'),(350,'.#schedule_employee.jsp.1.6','PAGE'),(351,'.#schedule_employee.jsp.1.8','PAGE'),(352,'.#transadmin_schedule_employee.jsp.1.6','PAGE'),(353,'.#transadmin_schedule_employee.jsp.1.9','PAGE'),(354,'.#vendorVehicleEntry.jsp.1.3','PAGE'),(355,'.#vendorVehicleEntry.jsp.1.9','PAGE'),(356,'.#vendor_tripApproval.jsp.1.3','PAGE'),(357,'AddRole.jsp','PAGE'),(358,'addSite.jsp','PAGE'),(359,'addvehicle.jsp','PAGE'),(360,'add_driver.jsp','PAGE'),(361,'all_apl.jsp','PAGE'),(362,'assignVendor.jsp','PAGE'),(363,'backtoback_routing.jsp','PAGE'),(364,'display_ByVehicleTypeReport.jsp','PAGE'),(365,'display_employeeAverageTripTimeReport.jsp','PAGE'),(366,'display_tripUsageReport.jsp','PAGE'),(367,'display_vehicleStatusReport.jsp','PAGE'),(368,'driver_vehicle.jsp','PAGE'),(369,'editRole.jsp','PAGE'),(370,'escalation.jsp','PAGE'),(371,'escalationEdit.jsp','PAGE'),(372,'escalationSearch.jsp','PAGE'),(373,'escortSetUp.jsp','PAGE'),(374,'fenceArea.jsp','PAGE'),(375,'geofencing.jsp','PAGE'),(376,'marklandmark.jsp','PAGE'),(377,'panicAlarmTrip.jsp','PAGE'),(378,'panicStop.jsp','PAGE'),(379,'runningVehicleStatus.jsp','PAGE'),(380,'setdistchart.jsp','PAGE'),(381,'showRoute.jsp','PAGE'),(382,'showTimeSloat.jsp','PAGE'),(383,'showTripRoute.jsp','PAGE'),(384,'timeSloat.jsp','PAGE'),(385,'tracevehicle.jsp','PAGE'),(386,'traceVehiclePath.jsp','PAGE'),(387,'trackVehicle.jsp','PAGE'),(388,'trip_details_backtoback.jsp','PAGE'),(389,'vehiclePath.jsp','PAGE'),(390,'vehicleStatusReport.jsp','PAGE'),(391,'vendorVehicleEntry.jsp','PAGE'),(392,'vendor_TrackFilter.jsp','PAGE'),(393,'ViewRoles.jsp','PAGE'),(394,'view_backtoback_routing.jsp','PAGE'),(395,'view_saved_trip.jsp','PAGE'),(396,'view_vehicle.jsp','PAGE'),(397,'AccessRightConstants','SERVLET'),(398,'RandomString','SERVLET'),(399,'SendGmail$SMTPAuthenticator','SERVLET'),(400,'AndroidServlet','SERVLET'),(401,'MobileLayer','SERVLET'),(402,'Subject','SERVLET'),(403,'ByVehicleTypeReportHelper','SERVLET'),(404,'EmployeeTripReportHelper','SERVLET'),(405,'TripUtilisationReportHelper','SERVLET'),(406,'BackToBackRoutingService$1','SERVLET'),(407,'AddDriver','SERVLET'),(408,'AddEscort','SERVLET'),(409,'AddVehicle','SERVLET'),(410,'GetLandmarks','SERVLET'),(411,'GetPlace','SERVLET'),(412,'AssignVendor','SERVLET'),(413,'BackToBackRouting','SERVLET'),(414,'DeleteDriver','SERVLET'),(415,'DriverVehicle','SERVLET'),(416,'EscalationMatrix','SERVLET'),(417,'GetRoute','SERVLET'),(418,'GetSrcDestLandmark','SERVLET'),(419,'GetVehicleDriver','SERVLET'),(420,'GetVehiclePosition','SERVLET'),(421,'GetVehicleTrip','SERVLET'),(422,'PanicAlarmAction','SERVLET'),(423,'PreServeltFilter','SERVLET'),(424,'SetFenceArea','SERVLET'),(425,'SendSmsGetAck','SERVLET'),(426,'SendSmsToDriver','SERVLET'),(427,'SendSmsToEscort','SERVLET'),(428,'TimeSloat','SERVLET'),(429,'TripAssignVehicle','SERVLET'),(430,'TripWiseDetails','SERVLET'),(431,'UpdateDriver','SERVLET'),(432,'UpdateEscort','SERVLET'),(433,'PanicSMS','SERVLET'),(434,'PinSMS','SERVLET'),(435,'billingtype_mapping.jsp','PAGE'),(436,'BillingProcessDaoImpl','SERVLET'),(437,'BillingProcessKmBasedClassicDaoImpl','SERVLET'),(438,'BillingProcessKmBasedMapDaoImpl','SERVLET'),(439,'BillingProcessKmBasedTemplateDaoImpl','SERVLET'),(440,'BillingProcessSlabBasedDaoImpl','SERVLET'),(441,'BillingProcessTripBasedDaoImpl','SERVLET'),(442,'BillingProcess','SERVLET'),(443,'BillingProcessFactory','SERVLET'),(444,'BillingProcessKmBasedClassic','SERVLET'),(445,'BillingProcessKmBasedMap','SERVLET'),(446,'BillingProcessKmBasedTemplate$DistanceChecker','SERVLET'),(447,'BillingProcessKmBasedTemplate','SERVLET'),(448,'BillingProcessSlabBased','SERVLET'),(449,'BillingProcessTripBased','SERVLET'),(450,'BillingProcessUtil','SERVLET'),(451,'EmployeeBoardChecker','SERVLET'),(452,'AddKmBasedBillingConfig','SERVLET'),(453,'AddKmBasedClassicBillingConfig','SERVLET'),(454,'AddKmBasedMapBillingConfig','SERVLET'),(455,'AddKmBasedTemplateBillingConfig','SERVLET'),(456,'AddSlabBasedBillingConfig','SERVLET'),(457,'AddTripBasedBillingConfig','SERVLET'),(458,'DeleteKmBasedClassicBillingConfig','SERVLET'),(459,'DeleteKmBasedMapBillingConfig','SERVLET'),(460,'DeleteKmBasedTemplateBillingConfig','SERVLET'),(461,'DeleteSlabBasedBillingConfig','SERVLET'),(462,'DeleteTripBasedBillingConfig','SERVLET'),(463,'GetSlabBasedBillingConfigTypes','SERVLET'),(464,'UpdateKmBasedClassicBillingConfig','SERVLET'),(465,'UpdateKmBasedMapBillingConfig','SERVLET'),(466,'UpdateKmBasedTemplateBillingConfig','SERVLET'),(467,'UpdateSlabBasedBillingConfig','SERVLET'),(468,'UpdateTripBasedBillingConfig','SERVLET'),(469,'BillingTypeConfigConstants','SERVLET'),(470,'KmBasedBillingConfigConstants','SERVLET'),(471,'KmTemplateDto$KmTemplateChildDto','SERVLET'),(472,'AddKmRateForVehicle','SERVLET'),(473,'CheckBillingTypeMappingExists','SERVLET'),(474,'DeleteBillingTypeMapping','SERVLET'),(475,'DeleteVehicleKmRate','SERVLET'),(476,'MapBillingType','SERVLET'),(477,'UploadBillingTemplate','SERVLET'),(478,'BillingTypeConstant','SERVLET'),(479,'CheckTransportTypeMappingExists','SERVLET'),(480,'DeleteTransportTypeMapping','SERVLET'),(481,'GetTransportTypes','SERVLET'),(482,'MapTransportType','SERVLET'),(483,'TransportTypeConfig','SERVLET'),(484,'.#tripBasedBillingConfig.jsp.-1.1','PAGE'),(485,'addgenconfig.jsp','PAGE'),(486,'addShuttleRoute.jsp','PAGE'),(487,'addspocemp.jsp','PAGE'),(488,'adhocBooking.jsp','PAGE'),(489,'adhocRouting.jsp','PAGE'),(490,'adhocSetup.jsp','PAGE'),(491,'AdhocSetupEdit.jsp','PAGE'),(492,'adhocTripAssign.jsp','PAGE'),(493,'adhoc_shift.jsp','PAGE'),(494,'approveAdhoc.jsp','PAGE'),(495,'areaShuttle.jsp','PAGE'),(496,'assignShuttleVehicle.jsp','PAGE'),(497,'displayTripBasedBilling4GeneralShift.jsp','PAGE'),(498,'downloadshuttleapl.jsp','PAGE'),(499,'editShuttleRoute.jsp','PAGE'),(500,'employee_adhock_booking.jsp','PAGE'),(501,'emptospouc.jsp','PAGE'),(502,'landmarkSearchForRegister.jsp','PAGE'),(503,'landmarkShuttle.jsp','PAGE'),(504,'placeShuttle.jsp','PAGE'),(505,'register_employee.jsp','PAGE'),(506,'routeListShuttle.jsp','PAGE'),(507,'showAdhocTrips.jsp','PAGE'),(508,'shuttleBookingDetails.jsp','PAGE'),(509,'shuttleRouteModify.jsp','PAGE'),(510,'spsearch.jsp','PAGE'),(511,'subscribeForShuttle.jsp','PAGE'),(512,'subscription.jsp','PAGE'),(513,'Test1.jsp','PAGE'),(514,'trackAdhocTrip.jsp','PAGE'),(515,'tripCostReport.jsp','PAGE'),(516,'vendorMasterSetUp.jsp','PAGE'),(517,'viewAdhocBooking.jsp','PAGE'),(518,'viewAllAdhocBooking.jsp','PAGE'),(519,'viewallconfig.jsp','PAGE'),(520,'viewgenshift.jsp','PAGE'),(521,'viewKmTemplate.jsp','PAGE'),(522,'viewspocemp.jsp','PAGE'),(523,'viewspocs.jsp','PAGE'),(524,'Checker','SERVLET'),(525,'CollectionUtil','SERVLET'),(526,'SettingsConstant','SERVLET'),(527,'SpocSetup','SERVLET'),(528,'ShuttleServcie','SERVLET'),(529,'AddEmployeeSpoc','SERVLET'),(530,'AddGeneralShiftConfig','SERVLET'),(531,'AddMultiSpoc','SERVLET'),(532,'AddVendorMaster','SERVLET'),(533,'AdhocBooking','SERVLET'),(534,'AdhocRouting','SERVLET'),(535,'AdhocSetup','SERVLET'),(536,'AdhocTripUpdate','SERVLET'),(537,'ApproveRejectAdhoc','SERVLET'),(538,'AssignShuttleVehicle','SERVLET'),(539,'CheckAssignEmp','SERVLET'),(540,'CheckSpoc','SERVLET'),(541,'DeleteConfig','SERVLET'),(542,'DeleteVendorMaster','SERVLET'),(543,'RegisterEmployee','SERVLET'),(544,'GetExtensionShift','SERVLET'),(545,'GetSetAdhocSiteShift','SERVLET'),(546,'GetShuttleRoute','SERVLET'),(547,'GetSpocs','SERVLET'),(548,'RemoveEmployee','SERVLET'),(549,'SpocStatus','SERVLET'),(550,'UpdateVendorMaster','SERVLET'),(551,'TripDetailsConstant','SERVLET'),(552,'kmBasedTripBillingConfig.jsp','PAGE'),(553,'slabBasedBillingConfig.jsp','PAGE'),(554,'tripBasedBillingConfig.jsp','PAGE'),(555,'SubscribeForShuttle.do','PAGE'),(556,'subscribeForShuttle.do','PAGE');
/*!40000 ALTER TABLE `page` ENABLE KEYS */;
UNLOCK TABLES;

--
-- Table structure for table `panicaction`
--

DROP TABLE IF EXISTS `panicaction`;
/*!40101 SET @saved_cs_client     = @@character_set_client */;
/*!40101 SET character_set_client = utf8 */;
CREATE TABLE `panicaction` (
  `id` int(11) NOT NULL AUTO_INCREMENT,
  `tripId` bigint(20) DEFAULT NULL,
  `alarmCause` varchar(25) DEFAULT NULL,
  `primaryAction` varchar(500) DEFAULT NULL,
  `primaryActiontakenBy` varchar(15) DEFAULT NULL,
  `approvedBy` varchar(15) DEFAULT NULL,
  `curStatus` varchar(10) DEFAULT NULL,
  `actionTime` timestamp NULL DEFAULT CURRENT_TIMESTAMP,
  `stopTime` datetime DEFAULT NULL,
  `acknowledgeBy` varchar(15) DEFAULT NULL,
  `acknowledgeOn` datetime DEFAULT NULL,
  PRIMARY KEY (`id`)
) ENGINE=InnoDB AUTO_INCREMENT=2 DEFAULT CHARSET=utf8;
/*!40101 SET character_set_client = @saved_cs_client */;

--
-- Dumping data for table `panicaction`
--

LOCK TABLES `panicaction` WRITE;
/*!40000 ALTER TABLE `panicaction` DISABLE KEYS */;
INSERT INTO `panicaction` VALUES (1,2,NULL,NULL,NULL,NULL,'open','2013-10-23 14:10:54',NULL,'1','2013-10-23 19:40:54');
/*!40000 ALTER TABLE `panicaction` ENABLE KEYS */;
UNLOCK TABLES;

--
-- Table structure for table `payroll`
--

DROP TABLE IF EXISTS `payroll`;
/*!40101 SET @saved_cs_client     = @@character_set_client */;
/*!40101 SET character_set_client = utf8 */;
CREATE TABLE `payroll` (
  `id` bigint(20) NOT NULL AUTO_INCREMENT,
  `subscriptionID` bigint(20) NOT NULL,
  `empid` bigint(20) NOT NULL,
  `payrollDate` datetime NOT NULL,
  `month` datetime NOT NULL,
  `amount` bigint(20) NOT NULL,
  `status` varchar(50) DEFAULT NULL,
  `site` int(11) DEFAULT NULL,
  `reason` varchar(500) DEFAULT NULL,
  `updatedBy` bigint(20) DEFAULT NULL,
  `updatedDate` datetime DEFAULT NULL,
  PRIMARY KEY (`id`)
) ENGINE=InnoDB AUTO_INCREMENT=142 DEFAULT CHARSET=utf8;
/*!40101 SET character_set_client = @saved_cs_client */;

--
-- Dumping data for table `payroll`
--

LOCK TABLES `payroll` WRITE;
/*!40000 ALTER TABLE `payroll` DISABLE KEYS */;
INSERT INTO `payroll` VALUES (1,1,8,'2013-07-20 00:00:00','2013-07-01 00:00:00',2500,'fixed',1,NULL,NULL,NULL),(2,2,9,'2013-07-20 00:00:00','2013-07-01 00:00:00',2500,'fixed',1,NULL,NULL,NULL),(3,3,10,'2013-07-20 00:00:00','2013-07-01 00:00:00',2500,'fixed',1,NULL,NULL,NULL),(4,4,11,'2013-07-20 00:00:00','2013-07-01 00:00:00',2500,'fixed',1,NULL,NULL,NULL),(5,5,12,'2013-07-20 00:00:00','2013-07-01 00:00:00',2500,'fixed',1,NULL,NULL,NULL),(6,6,13,'2013-07-20 00:00:00','2013-07-01 00:00:00',2500,'fixed',1,NULL,NULL,NULL),(7,7,14,'2013-07-20 00:00:00','2013-07-01 00:00:00',2500,'fixed',1,NULL,NULL,NULL),(8,8,16,'2013-07-20 00:00:00','2013-07-01 00:00:00',2500,'fixed',1,NULL,NULL,NULL),(9,9,17,'2013-07-20 00:00:00','2013-07-01 00:00:00',2500,'fixed',1,NULL,NULL,NULL),(10,10,18,'2013-07-20 00:00:00','2013-07-01 00:00:00',2500,'fixed',1,NULL,NULL,NULL),(11,1,8,'2013-09-20 00:00:00','2013-09-01 00:00:00',2500,'fixed',1,NULL,NULL,NULL),(12,2,9,'2013-09-20 00:00:00','2013-09-01 00:00:00',2500,'fixed',1,NULL,NULL,NULL),(13,3,10,'2013-09-20 00:00:00','2013-09-01 00:00:00',2500,'fixed',1,NULL,NULL,NULL),(14,4,11,'2013-09-20 00:00:00','2013-09-01 00:00:00',2500,'fixed',1,NULL,NULL,NULL),(15,5,12,'2013-09-20 00:00:00','2013-09-01 00:00:00',2500,'fixed',1,NULL,NULL,NULL),(16,6,13,'2013-09-20 00:00:00','2013-09-01 00:00:00',2500,'fixed',1,NULL,NULL,NULL),(17,7,14,'2013-09-20 00:00:00','2013-09-01 00:00:00',2500,'fixed',1,NULL,NULL,NULL),(18,8,16,'2013-09-20 00:00:00','2013-09-01 00:00:00',2500,'fixed',1,NULL,NULL,NULL),(19,9,17,'2013-09-20 00:00:00','2013-09-01 00:00:00',2500,'fixed',1,NULL,NULL,NULL),(20,1,8,'2013-11-20 00:00:00','2013-11-01 00:00:00',2500,'fixed',1,NULL,NULL,NULL),(21,2,9,'2013-11-20 00:00:00','2013-11-01 00:00:00',2500,'fixed',1,NULL,NULL,NULL),(22,3,10,'2013-11-20 00:00:00','2013-11-01 00:00:00',2500,'fixed',1,NULL,NULL,NULL),(23,4,11,'2013-11-20 00:00:00','2013-11-01 00:00:00',2500,'fixed',1,NULL,NULL,NULL),(24,5,12,'2013-11-20 00:00:00','2013-11-01 00:00:00',2500,'fixed',1,NULL,NULL,NULL),(25,6,13,'2013-11-20 00:00:00','2013-11-01 00:00:00',2500,'fixed',1,NULL,NULL,NULL),(26,7,14,'2013-11-20 00:00:00','2013-11-01 00:00:00',2500,'fixed',1,NULL,NULL,NULL),(27,8,16,'2013-11-20 00:00:00','2013-11-01 00:00:00',2500,'fixed',1,NULL,NULL,NULL),(28,9,17,'2013-11-20 00:00:00','2013-11-01 00:00:00',2500,'fixed',1,NULL,NULL,NULL),(29,1,8,'2014-01-20 00:00:00','2014-01-01 00:00:00',2500,'fixed',1,NULL,NULL,NULL),(30,2,9,'2014-01-20 00:00:00','2014-01-01 00:00:00',2500,'fixed',1,NULL,NULL,NULL),(31,3,10,'2014-01-20 00:00:00','2014-01-01 00:00:00',2500,'fixed',1,NULL,NULL,NULL),(32,4,11,'2014-01-20 00:00:00','2014-01-01 00:00:00',2500,'fixed',1,NULL,NULL,NULL),(33,5,12,'2014-01-20 00:00:00','2014-01-01 00:00:00',2500,'fixed',1,NULL,NULL,NULL),(34,6,13,'2014-01-20 00:00:00','2014-01-01 00:00:00',2500,'fixed',1,NULL,NULL,NULL),(35,7,14,'2014-01-20 00:00:00','2014-01-01 00:00:00',2500,'fixed',1,NULL,NULL,NULL),(36,8,16,'2014-01-20 00:00:00','2014-01-01 00:00:00',2500,'fixed',1,NULL,NULL,NULL),(37,9,17,'2014-01-20 00:00:00','2014-01-01 00:00:00',2500,'fixed',1,NULL,NULL,NULL),(38,1,8,'2014-03-20 00:00:00','2014-03-01 00:00:00',2500,'fixed',1,NULL,NULL,NULL),(39,2,9,'2014-03-20 00:00:00','2014-03-01 00:00:00',2500,'fixed',1,NULL,NULL,NULL),(40,3,10,'2014-03-20 00:00:00','2014-03-01 00:00:00',2500,'fixed',1,NULL,NULL,NULL),(41,4,11,'2014-03-20 00:00:00','2014-03-01 00:00:00',2500,'fixed',1,NULL,NULL,NULL),(42,5,12,'2014-03-20 00:00:00','2014-03-01 00:00:00',2500,'fixed',1,NULL,NULL,NULL),(43,6,13,'2014-03-20 00:00:00','2014-03-01 00:00:00',2500,'fixed',1,NULL,NULL,NULL),(44,7,14,'2014-03-20 00:00:00','2014-03-01 00:00:00',2500,'fixed',1,NULL,NULL,NULL),(45,8,16,'2014-03-20 00:00:00','2014-03-01 00:00:00',2500,'fixed',1,NULL,NULL,NULL),(46,9,17,'2014-03-20 00:00:00','2014-03-01 00:00:00',2500,'fixed',1,NULL,NULL,NULL),(47,1,8,'2014-05-20 00:00:00','2014-05-01 00:00:00',2500,'fixed',1,NULL,NULL,NULL),(48,2,9,'2014-05-20 00:00:00','2014-05-01 00:00:00',2500,'fixed',1,NULL,NULL,NULL),(49,3,10,'2014-05-20 00:00:00','2014-05-01 00:00:00',2500,'fixed',1,NULL,NULL,NULL),(50,4,11,'2014-05-20 00:00:00','2014-05-01 00:00:00',2500,'fixed',1,NULL,NULL,NULL),(51,5,12,'2014-05-20 00:00:00','2014-05-01 00:00:00',2500,'fixed',1,NULL,NULL,NULL),(52,6,13,'2014-05-20 00:00:00','2014-05-01 00:00:00',2500,'fixed',1,NULL,NULL,NULL),(53,7,14,'2014-05-20 00:00:00','2014-05-01 00:00:00',2500,'fixed',1,NULL,NULL,NULL),(54,8,16,'2014-05-20 00:00:00','2014-05-01 00:00:00',2500,'fixed',1,NULL,NULL,NULL),(55,9,17,'2014-05-20 00:00:00','2014-05-01 00:00:00',2500,'fixed',1,NULL,NULL,NULL),(56,11,3,'2014-05-20 00:00:00','2014-05-01 00:00:00',2500,'fixed',1,NULL,NULL,NULL),(132,1,8,'2014-04-22 00:00:00','2014-04-01 00:00:00',399,'fixed',1,NULL,NULL,NULL),(133,2,9,'2014-04-22 00:00:00','2014-04-01 00:00:00',399,'fixed',1,NULL,NULL,NULL),(134,3,10,'2014-04-22 00:00:00','2014-04-01 00:00:00',399,'fixed',1,NULL,NULL,NULL),(135,4,11,'2014-04-22 00:00:00','2014-04-01 00:00:00',399,'fixed',1,NULL,NULL,NULL),(136,5,12,'2014-04-22 00:00:00','2014-04-01 00:00:00',399,'fixed',1,NULL,NULL,NULL),(137,6,13,'2014-04-22 00:00:00','2014-04-01 00:00:00',399,'fixed',1,NULL,NULL,NULL),(138,7,14,'2014-04-22 00:00:00','2014-04-01 00:00:00',399,'fixed',1,NULL,NULL,NULL),(139,8,16,'2014-04-22 00:00:00','2014-04-01 00:00:00',399,'fixed',1,NULL,NULL,NULL),(140,9,17,'2014-04-22 00:00:00','2014-04-01 00:00:00',399,'fixed',1,NULL,NULL,NULL),(141,11,3,'2014-04-22 00:00:00','2014-04-01 00:00:00',399,'fixed',1,NULL,NULL,NULL);
/*!40000 ALTER TABLE `payroll` ENABLE KEYS */;
UNLOCK TABLES;

--
-- Table structure for table `payroll_config`
--

DROP TABLE IF EXISTS `payroll_config`;
/*!40101 SET @saved_cs_client     = @@character_set_client */;
/*!40101 SET character_set_client = utf8 */;
CREATE TABLE `payroll_config` (
  `id` bigint(20) NOT NULL AUTO_INCREMENT,
  `site` int(11) NOT NULL,
  `transportType` int(11) NOT NULL,
  `payrollType` varchar(45) NOT NULL,
  `flatRate` double DEFAULT NULL,
  `oneWayDivider` varchar(6) DEFAULT NULL,
  `oneWayDivRate` double DEFAULT NULL,
  `fromDate` timestamp NOT NULL DEFAULT CURRENT_TIMESTAMP ON UPDATE CURRENT_TIMESTAMP,
  `toDate` datetime DEFAULT NULL,
  PRIMARY KEY (`id`)
) ENGINE=InnoDB AUTO_INCREMENT=6 DEFAULT CHARSET=utf8;
/*!40101 SET character_set_client = @saved_cs_client */;

--
-- Dumping data for table `payroll_config`
--

LOCK TABLES `payroll_config` WRITE;
/*!40000 ALTER TABLE `payroll_config` DISABLE KEYS */;
INSERT INTO `payroll_config` VALUES (4,1,1,'flatrate',399,NULL,NULL,'2014-01-07 11:16:33',NULL),(5,1,3,'prorata',3222,NULL,NULL,'2014-01-07 11:21:12',NULL);
/*!40000 ALTER TABLE `payroll_config` ENABLE KEYS */;
UNLOCK TABLES;

--
-- Table structure for table `payroll_dupe`
--

DROP TABLE IF EXISTS `payroll_dupe`;
/*!40101 SET @saved_cs_client     = @@character_set_client */;
/*!40101 SET character_set_client = utf8 */;
CREATE TABLE `payroll_dupe` (
  `id` bigint(20) NOT NULL AUTO_INCREMENT,
  `subscriptionID` bigint(20) NOT NULL,
  `empid` bigint(20) NOT NULL,
  `payrollDate` datetime NOT NULL,
  `month` datetime NOT NULL,
  `amount` bigint(20) NOT NULL,
  `status` varchar(50) DEFAULT NULL,
  `reason` varchar(500) DEFAULT NULL,
  `updatedBy` bigint(20) DEFAULT NULL,
  `updatedDate` datetime DEFAULT NULL,
  PRIMARY KEY (`id`)
) ENGINE=InnoDB AUTO_INCREMENT=88 DEFAULT CHARSET=utf8;
/*!40101 SET character_set_client = @saved_cs_client */;

--
-- Dumping data for table `payroll_dupe`
--

LOCK TABLES `payroll_dupe` WRITE;
/*!40000 ALTER TABLE `payroll_dupe` DISABLE KEYS */;
INSERT INTO `payroll_dupe` VALUES (1,1,8,'2013-07-22 00:00:00','2013-07-01 00:00:00',1277,'fixed',NULL,NULL,NULL),(2,2,9,'2013-07-22 00:00:00','2013-07-01 00:00:00',1277,'fixed',NULL,NULL,NULL),(3,3,10,'2013-07-22 00:00:00','2013-07-01 00:00:00',1277,'fixed',NULL,NULL,NULL),(4,4,11,'2013-07-22 00:00:00','2013-07-01 00:00:00',1277,'fixed',NULL,NULL,NULL),(5,5,12,'2013-07-22 00:00:00','2013-07-01 00:00:00',1277,'fixed',NULL,NULL,NULL),(6,6,13,'2013-07-22 00:00:00','2013-07-01 00:00:00',1277,'fixed',NULL,NULL,NULL),(7,7,14,'2013-07-22 00:00:00','2013-07-01 00:00:00',1277,'fixed',NULL,NULL,NULL),(8,8,16,'2013-07-22 00:00:00','2013-07-01 00:00:00',1277,'fixed',NULL,NULL,NULL),(9,9,17,'2013-07-22 00:00:00','2013-07-01 00:00:00',1277,'fixed',NULL,NULL,NULL),(10,10,18,'2013-07-22 00:00:00','2013-07-01 00:00:00',58,'fixed',NULL,NULL,NULL),(16,1,8,'2013-08-22 00:00:00','2013-08-01 00:00:00',1800,'fixed',NULL,NULL,NULL),(17,2,9,'2013-08-22 00:00:00','2013-08-01 00:00:00',1800,'fixed',NULL,NULL,NULL),(18,3,10,'2013-08-22 00:00:00','2013-08-01 00:00:00',1800,'fixed',NULL,NULL,NULL),(19,4,11,'2013-08-22 00:00:00','2013-08-01 00:00:00',1800,'fixed',NULL,NULL,NULL),(20,5,12,'2013-08-22 00:00:00','2013-08-01 00:00:00',1800,'fixed',NULL,NULL,NULL),(21,6,13,'2013-08-22 00:00:00','2013-08-01 00:00:00',1800,'fixed',NULL,NULL,NULL),(22,7,14,'2013-08-22 00:00:00','2013-08-01 00:00:00',1800,'fixed',NULL,NULL,NULL),(23,8,16,'2013-08-22 00:00:00','2013-08-01 00:00:00',1800,'fixed',NULL,NULL,NULL),(24,9,17,'2013-08-22 00:00:00','2013-08-01 00:00:00',1800,'fixed',NULL,NULL,NULL),(31,1,8,'2013-09-22 00:00:00','2013-09-01 00:00:00',1800,'fixed',NULL,NULL,NULL),(32,2,9,'2013-09-22 00:00:00','2013-09-01 00:00:00',1800,'fixed',NULL,NULL,NULL),(33,3,10,'2013-09-22 00:00:00','2013-09-01 00:00:00',1800,'fixed',NULL,NULL,NULL),(34,4,11,'2013-09-22 00:00:00','2013-09-01 00:00:00',1800,'fixed',NULL,NULL,NULL),(35,5,12,'2013-09-22 00:00:00','2013-09-01 00:00:00',1800,'fixed',NULL,NULL,NULL),(36,6,13,'2013-09-22 00:00:00','2013-09-01 00:00:00',1800,'fixed',NULL,NULL,NULL),(37,7,14,'2013-09-22 00:00:00','2013-09-01 00:00:00',1800,'fixed',NULL,NULL,NULL),(38,8,16,'2013-09-22 00:00:00','2013-09-01 00:00:00',1800,'fixed',NULL,NULL,NULL),(39,9,17,'2013-09-22 00:00:00','2013-09-01 00:00:00',1800,'fixed',NULL,NULL,NULL),(40,11,3,'2013-09-22 00:00:00','2013-09-01 00:00:00',360,'fixed',NULL,NULL,NULL),(46,1,8,'2013-10-22 00:00:00','2013-10-01 00:00:00',1800,'fixed',NULL,NULL,NULL),(47,2,9,'2013-10-22 00:00:00','2013-10-01 00:00:00',1800,'fixed',NULL,NULL,NULL),(48,3,10,'2013-10-22 00:00:00','2013-10-01 00:00:00',1800,'fixed',NULL,NULL,NULL),(49,4,11,'2013-10-22 00:00:00','2013-10-01 00:00:00',1800,'fixed',NULL,NULL,NULL),(50,5,12,'2013-10-22 00:00:00','2013-10-01 00:00:00',1800,'fixed',NULL,NULL,NULL),(51,6,13,'2013-10-22 00:00:00','2013-10-01 00:00:00',1800,'fixed',NULL,NULL,NULL),(52,7,14,'2013-10-22 00:00:00','2013-10-01 00:00:00',1800,'fixed',NULL,NULL,NULL),(53,8,16,'2013-10-22 00:00:00','2013-10-01 00:00:00',1800,'fixed',NULL,NULL,NULL),(54,9,17,'2013-10-22 00:00:00','2013-10-01 00:00:00',1800,'fixed',NULL,NULL,NULL),(55,11,3,'2013-10-22 00:00:00','2013-10-01 00:00:00',1800,'fixed',NULL,NULL,NULL),(56,12,6,'2013-10-22 00:00:00','2013-10-01 00:00:00',1161,'fixed',NULL,NULL,NULL),(57,13,19,'2013-10-22 00:00:00','2013-10-01 00:00:00',1800,'fixed',NULL,NULL,NULL),(61,11,3,'2013-10-22 00:00:00','2013-09-01 00:00:00',360,'fixed',NULL,NULL,NULL),(62,1,8,'2013-11-22 00:00:00','2013-11-01 00:00:00',1800,'fixed',NULL,NULL,NULL),(63,2,9,'2013-11-22 00:00:00','2013-11-01 00:00:00',1800,'fixed',NULL,NULL,NULL),(64,3,10,'2013-11-22 00:00:00','2013-11-01 00:00:00',1800,'fixed',NULL,NULL,NULL),(65,4,11,'2013-11-22 00:00:00','2013-11-01 00:00:00',1800,'fixed',NULL,NULL,NULL),(66,5,12,'2013-11-22 00:00:00','2013-11-01 00:00:00',1800,'fixed',NULL,NULL,NULL),(67,6,13,'2013-11-22 00:00:00','2013-11-01 00:00:00',1800,'fixed',NULL,NULL,NULL),(68,7,14,'2013-11-22 00:00:00','2013-11-01 00:00:00',1800,'fixed',NULL,NULL,NULL),(69,8,16,'2013-11-22 00:00:00','2013-11-01 00:00:00',1800,'fixed',NULL,NULL,NULL),(70,9,17,'2013-11-22 00:00:00','2013-11-01 00:00:00',1800,'fixed',NULL,NULL,NULL),(71,11,3,'2013-11-22 00:00:00','2013-11-01 00:00:00',1800,'fixed',NULL,NULL,NULL),(72,13,19,'2013-11-22 00:00:00','2013-11-01 00:00:00',1500,'fixed',NULL,NULL,NULL),(77,12,6,'2013-11-22 00:00:00','2013-10-01 00:00:00',-290,'fixed',NULL,NULL,NULL),(78,1,8,'2013-12-22 00:00:00','2013-12-01 00:00:00',1800,'fixed',NULL,NULL,NULL),(79,2,9,'2013-12-22 00:00:00','2013-12-01 00:00:00',1800,'fixed',NULL,NULL,NULL),(80,3,10,'2013-12-22 00:00:00','2013-12-01 00:00:00',1800,'fixed',NULL,NULL,NULL),(81,4,11,'2013-12-22 00:00:00','2013-12-01 00:00:00',1800,'fixed',NULL,NULL,NULL),(82,5,12,'2013-12-22 00:00:00','2013-12-01 00:00:00',1800,'fixed',NULL,NULL,NULL),(83,6,13,'2013-12-22 00:00:00','2013-12-01 00:00:00',1800,'fixed',NULL,NULL,NULL),(84,7,14,'2013-12-22 00:00:00','2013-12-01 00:00:00',1800,'fixed',NULL,NULL,NULL),(85,8,16,'2013-12-22 00:00:00','2013-12-01 00:00:00',1800,'fixed',NULL,NULL,NULL),(86,9,17,'2013-12-22 00:00:00','2013-12-01 00:00:00',1800,'fixed',NULL,NULL,NULL),(87,11,3,'2013-12-22 00:00:00','2013-12-01 00:00:00',1800,'fixed',NULL,NULL,NULL);
/*!40000 ALTER TABLE `payroll_dupe` ENABLE KEYS */;
UNLOCK TABLES;

--
-- Table structure for table `place`
--

DROP TABLE IF EXISTS `place`;
/*!40101 SET @saved_cs_client     = @@character_set_client */;
/*!40101 SET character_set_client = utf8 */;
CREATE TABLE `place` (
  `id` bigint(20) NOT NULL AUTO_INCREMENT,
  `place` varchar(50) NOT NULL,
  `area` bigint(20) NOT NULL,
  PRIMARY KEY (`id`)
) ENGINE=InnoDB AUTO_INCREMENT=229 DEFAULT CHARSET=utf8;
/*!40101 SET character_set_client = @saved_cs_client */;

--
-- Dumping data for table `place`
--

LOCK TABLES `place` WRITE;
/*!40000 ALTER TABLE `place` DISABLE KEYS */;
INSERT INTO `place` VALUES (1,'Allalsandra',1),(2,'Amruthahalli',2),(3,'Anjanapura',3),(4,'Allalsandara Main Road',4),(5,'Hebbal',4),(6,'BTM 1st Stage',5),(7,'BTM 2nd Stage',5),(8,'BTM layout',5),(9,'Bagalur',6),(10,'Banashankari 1st Stage',7),(11,'Banashankari 2nd Stage',7),(12,'Banashankari 3rd Stage',7),(13,'Kathirguppe',7),(14,'Kathriguppe Main Road',7),(15,'Srinagar',7),(16,'Srinivasa Nagar',7),(17,'Vidyapeeta Road',7),(18,'Chikka Banaswadi',8),(19,'Dodda Banaswadi',8),(20,'OMBR Layout',8),(21,'Arakere',9),(22,'Arekere',9),(23,'Bannerghatta Road',9),(24,'Bilekahalli',9),(25,'Devarachikkanahalli',9),(26,'Devarchikkanahalli',9),(27,'Gottigere',9),(28,'Hulimavu',9),(29,'Kammahalli',9),(30,'Vijaya Bank Colony',9),(31,'Basavanagar',10),(32,'Basavanagudi',11),(33,'Gandhi Bazaar',11),(34,'KR Road',11),(35,'NR Colony',11),(36,'RV Road',11),(37,'Basaveshwaranagar',12),(38,'Vishwa Priya Layout',13),(39,'Bellandur',14),(40,'Marappa Garden',15),(41,'KP Agrahara',16),(42,'CV Raman Nagar',17),(43,'Chandra Layout',18),(44,'Chandra Layout Extn',18),(45,'Chikkadugodi',19),(46,'Chikkalsandra',20),(47,'Chikkamaranahalli',21),(48,'Doddabommasandra',22),(49,'Frazer Town',23),(50,'Mosque Road',23),(51,'GM Palya',24),(52,'Ganganagar',25),(53,'HSR Layout',26),(54,'Gedalahalli',27),(55,'Hennur Main Road',27),(56,'Bagalgunte',28),(57,'Hesarghatta',28),(58,'Hongasandra',29),(59,'Hormavu',30),(60,'Begur Road',31),(61,'Electronics City',31),(62,'Hosa Road Junction',31),(63,'Konappana Agrahara',31),(64,'CMH Road',32),(65,'Domlur',32),(66,'Indiranagar',32),(67,'Thippasandra',32),(68,'JP Nagar 1st Phase',33),(69,'JP Nagar 2nd Phase',33),(70,'JP Nagar 3rd Phase',33),(71,'JP Nagar 4th Phase',33),(72,'JP Nagar 5th Phase',33),(73,'JP Nagar 6th Phase',33),(74,'JP Nagar 7th Phase',33),(75,'JP Nagar 8th Phase',33),(76,'JP Nagar 9th Phase',33),(77,'Teachers Colony',33),(78,'Jalahalli',34),(79,'Jalahalli Village',34),(80,'Jalahalli West',34),(81,'T Dasarahalli',34),(82,'Jayanagar 4th Block',35),(83,'Jayanagar 5th Block',35),(84,'Jayanagar 7th Block',35),(85,'Jayanagar 9th Block',35),(86,'Jeevanbhima Nagar',36),(87,'Kadugodi',37),(88,'Kagdaspura',38),(89,'HRBR Layout',39),(90,'Kalyan Nagar',39),(91,'kammanahalli',40),(92,'Gubbalalla',41),(93,'2nd G Main Road',42),(94,'East of NGEF',42),(95,'Kengeri',43),(96,'Doddkallsandra',44),(97,'Harinagar',44),(98,'Konankunte',44),(99,'Koramangala',45),(100,'Koramangala 1st Block',45),(101,'Koramangala 6th Block',45),(102,'Kothanur',46),(103,'B Narayanpura',47),(104,'Devasandra',47),(105,'Gangothri Nagar',47),(106,'Kodigehalli',47),(107,'Krishnarajapuram',47),(108,'Pai Layout',47),(109,'TC Palya',47),(110,'Tin Factory',47),(111,'Serpentine Road',48),(112,'BWSSB Service Road',49),(113,'Kumaraswamy layout',49),(114,'AECS Layout',50),(115,'Wilson Garden',51),(116,'Lingarajapuram',52),(117,'Lingarajpuram',53),(118,'Madiwala',54),(119,'Anjana Nagar',55),(120,'Anjananagar',55),(121,'Kamakshipalya',55),(122,'Magadi Road',55),(123,'Sunkadkatte',55),(124,'8th Main Road',56),(125,'Mahalakshmi Layout',56),(126,'Malathahalli',57),(127,'Gayathrinagar',58),(128,'Malleswaram',58),(129,'Sampige Road',58),(130,'Doddanekundi',59),(131,'Marathahalli',59),(132,'Munnekollal',59),(133,'Outer Ring Road',59),(134,'Mathikere',60),(135,'Wind Tunnel Road',61),(136,'Chamarajpet',62),(137,'Annapurneshwari Nagar',63),(138,'Kottigepalya',63),(139,'Nagarbhavi',63),(140,'Sanjaynagar Main Road',64),(141,'Nagawara',65),(142,'Vyalikaval Layout',65),(143,'Nandini Layout',66),(144,'Srinivasnagar',66),(145,'Devasandra',67),(146,'New BEL Road',67),(147,'New Thippasandra',68),(148,'Vignan nagar',68),(149,'OMBR Layout',69),(150,'Basavanagar',70),(151,'LB Shastrinagar',70),(152,'Murugesh Palya',70),(153,'Yemalur',70),(154,'Padmanabhanagar',71),(155,'Panathur',72),(156,'RMV 2nd Stage',73),(157,'BEML Layout',74),(158,'Ideal Homes Layout',74),(159,'RR Nagar',74),(160,'Chinnappa Garden',75),(161,'RS Palya',75),(162,'Amruthnagar',76),(163,'Ananda Nagar',76),(164,'Kavalbyrasandra',76),(165,'RT Nagar',76),(166,'Racecourse Road',77),(167,'1st N Block',78),(168,'Dr. Rajkumar Road',78),(169,'Gayathri nagar',78),(170,'Manjunath Nagar',78),(171,'Rajajinagar',78),(172,'Rajajinagar 2nd Block',78),(173,'Rajajinagar 5th Block',78),(174,'Shiva Nagar',78),(175,'subramanyanagar',78),(176,'Akshaynagar',79),(177,'Ramurthy Nagar',79),(178,'TC Palya Main Road',79),(179,'Yerannapalya',79),(180,'SG Palya',80),(181,'Sadashivanagar',81),(182,'Kodigehalli Road',82),(183,'Sahakaranagar',82),(184,'RMV 2nd Stage',83),(185,'Sanjaynagar',83),(186,'UAS Layout',83),(187,'Sarjapur Junction',84),(188,'Shampura',85),(189,'Deviah Park',86),(190,'LN Puram',86),(191,'Srirampuram',86),(192,'Mallasandra',87),(193,'T Dasarahalli',87),(194,'Taverkere',88),(195,'Tavrekere',89),(196,'Thanisandra',90),(197,'Thippasandra',91),(198,'CMH Road',92),(199,'Cambridge Layout',92),(200,'Cambridge Road',92),(201,'Ulsoor',92),(202,'Uttarahalli',93),(203,'Varthur Main Road',94),(204,'Varthur Road',94),(205,'MV Jayaram Road',95),(206,'Vasanthnagar',95),(207,'Veeranapalya',96),(208,'Balaji Layout',97),(209,'Vidyaranyapura',97),(210,'Chord Road',98),(211,'RPC Layout',98),(212,'Vijayanagar',98),(213,'Vinayaka Layout',98),(214,'Vivek Nagar',99),(215,'Viveknagar',100),(216,'Garudacharpalya',101),(217,'Hoodi',101),(218,'Ramagondanahalli',101),(219,'Varthur',101),(220,'Whitefield',101),(221,'Lakkasandra',102),(222,'Shanthi Nagar',102),(223,'Attur Layout',103),(224,'Yelahanka',103),(225,'Yelahanka New Town',103),(226,'Yeshwanthpur',104),(227,'Yeshwanthpur Toll Gate',104),(228,'new place1',105);
/*!40000 ALTER TABLE `place` ENABLE KEYS */;
UNLOCK TABLES;

--
-- Table structure for table `placeshuttle`
--

DROP TABLE IF EXISTS `placeshuttle`;
/*!40101 SET @saved_cs_client     = @@character_set_client */;
/*!40101 SET character_set_client = utf8 */;
CREATE TABLE `placeshuttle` (
  `id` int(11) NOT NULL AUTO_INCREMENT,
  `place` varchar(60) DEFAULT NULL,
  `area` int(11) DEFAULT NULL,
  PRIMARY KEY (`id`)
) ENGINE=InnoDB DEFAULT CHARSET=utf8;
/*!40101 SET character_set_client = @saved_cs_client */;

--
-- Dumping data for table `placeshuttle`
--

LOCK TABLES `placeshuttle` WRITE;
/*!40000 ALTER TABLE `placeshuttle` DISABLE KEYS */;
/*!40000 ALTER TABLE `placeshuttle` ENABLE KEYS */;
UNLOCK TABLES;

--
-- Table structure for table `project_shifttime`
--

DROP TABLE IF EXISTS `project_shifttime`;
/*!40101 SET @saved_cs_client     = @@character_set_client */;
/*!40101 SET character_set_client = utf8 */;
CREATE TABLE `project_shifttime` (
  `project` bigint(20) NOT NULL,
  `shifttime` bigint(20) NOT NULL,
  PRIMARY KEY (`project`,`shifttime`)
) ENGINE=InnoDB DEFAULT CHARSET=utf8;
/*!40101 SET character_set_client = @saved_cs_client */;

--
-- Dumping data for table `project_shifttime`
--

LOCK TABLES `project_shifttime` WRITE;
/*!40000 ALTER TABLE `project_shifttime` DISABLE KEYS */;
/*!40000 ALTER TABLE `project_shifttime` ENABLE KEYS */;
UNLOCK TABLES;

--
-- Table structure for table `registertransport`
--

DROP TABLE IF EXISTS `registertransport`;
/*!40101 SET @saved_cs_client     = @@character_set_client */;
/*!40101 SET character_set_client = utf8 */;
CREATE TABLE `registertransport` (
  `id` bigint(20) NOT NULL AUTO_INCREMENT,
  `employeeId` bigint(20) DEFAULT NULL,
  `transportType` varchar(30) DEFAULT NULL,
  `reguestedDate` datetime DEFAULT NULL,
  `landmark` bigint(20) DEFAULT NULL,
  `status` varchar(30) DEFAULT NULL,
  PRIMARY KEY (`id`)
) ENGINE=InnoDB DEFAULT CHARSET=utf8;
/*!40101 SET character_set_client = @saved_cs_client */;

--
-- Dumping data for table `registertransport`
--

LOCK TABLES `registertransport` WRITE;
/*!40000 ALTER TABLE `registertransport` DISABLE KEYS */;
/*!40000 ALTER TABLE `registertransport` ENABLE KEYS */;
UNLOCK TABLES;

--
-- Table structure for table `role_page`
--

DROP TABLE IF EXISTS `role_page`;
/*!40101 SET @saved_cs_client     = @@character_set_client */;
/*!40101 SET character_set_client = utf8 */;
CREATE TABLE `role_page` (
  `ids` int(11) NOT NULL AUTO_INCREMENT,
  `role` varchar(5) DEFAULT NULL,
  `page` int(11) DEFAULT NULL,
  PRIMARY KEY (`ids`)
) ENGINE=InnoDB AUTO_INCREMENT=100 DEFAULT CHARSET=utf8;
/*!40101 SET character_set_client = @saved_cs_client */;

--
-- Dumping data for table `role_page`
--

LOCK TABLES `role_page` WRITE;
/*!40000 ALTER TABLE `role_page` DISABLE KEYS */;
INSERT INTO `role_page` VALUES (1,'emp',275),(2,'emp',303),(3,'emp',64),(4,'emp',62),(5,'emp',57),(6,'tm',346),(7,'tm',275),(8,'v',346),(9,'v',275),(10,'v',147),(11,'hrm',96),(12,'hrm',275),(27,'Admin',1),(28,'Admin',346),(29,'Admin',7),(30,'Admin',13),(31,'Admin',24),(32,'Admin',77),(33,'Admin',103),(34,'Admin',105),(35,'Admin',124),(36,'Admin',137),(37,'Admin',139),(38,'Admin',140),(39,'Admin',149),(42,'ta',1),(43,'ta',346),(44,'ta',275),(45,'ta',7),(46,'ta',12),(47,'ta',13),(48,'ta',14),(49,'ta',16),(50,'ta',21),(51,'ta',24),(52,'ta',30),(53,'ta',31),(54,'ta',32),(55,'ta',34),(56,'ta',35),(57,'ta',37),(58,'ta',39),(59,'ta',40),(60,'ta',43),(61,'ta',44),(62,'ta',77),(63,'ta',84),(64,'ta',91),(65,'ta',92),(66,'ta',103),(67,'ta',105),(68,'ta',116),(69,'ta',117),(70,'ta',118),(71,'ta',120),(72,'ta',122),(73,'ta',124),(74,'ta',139),(75,'ta',140),(76,'ta',149),(77,'ta',154),(78,'v',346),(79,'v',275),(80,'v',16),(81,'v',40),(82,'v',154),(83,'v',147),(84,'v',145),(85,'emp',1),(86,'emp',346),(87,'emp',62),(88,'emp',57),(89,'emp',275),(90,'emp',555),(91,'emp',488),(92,'hrm',1),(93,'hrm',346),(94,'hrm',275),(95,'hrm',555),(96,'hrm',96),(97,'hrm',488),(98,'hrm',518),(99,'hrm',94);
/*!40000 ALTER TABLE `role_page` ENABLE KEYS */;
UNLOCK TABLES;

--
-- Table structure for table `roledelegation`
--

DROP TABLE IF EXISTS `roledelegation`;
/*!40101 SET @saved_cs_client     = @@character_set_client */;
/*!40101 SET character_set_client = utf8 */;
CREATE TABLE `roledelegation` (
  `id` bigint(20) NOT NULL AUTO_INCREMENT,
  `employeeId` bigint(20) NOT NULL,
  `delegatedEmployeeId` bigint(20) NOT NULL,
  `from_date` date DEFAULT NULL,
  `to_date` date DEFAULT NULL,
  `status` varchar(5) DEFAULT NULL,
  PRIMARY KEY (`id`)
) ENGINE=InnoDB DEFAULT CHARSET=utf8;
/*!40101 SET character_set_client = @saved_cs_client */;

--
-- Dumping data for table `roledelegation`
--

LOCK TABLES `roledelegation` WRITE;
/*!40000 ALTER TABLE `roledelegation` DISABLE KEYS */;
/*!40000 ALTER TABLE `roledelegation` ENABLE KEYS */;
UNLOCK TABLES;

--
-- Table structure for table `roles`
--

DROP TABLE IF EXISTS `roles`;
/*!40101 SET @saved_cs_client     = @@character_set_client */;
/*!40101 SET character_set_client = utf8 */;
CREATE TABLE `roles` (
  `id` int(11) NOT NULL AUTO_INCREMENT,
  `name` varchar(50) NOT NULL,
  `description` varchar(50) NOT NULL,
  `usertype` varchar(10) DEFAULT NULL,
  `TYPE` varchar(25) DEFAULT 'PRIMARY',
  PRIMARY KEY (`id`)
) ENGINE=InnoDB AUTO_INCREMENT=7 DEFAULT CHARSET=utf8;
/*!40101 SET character_set_client = @saved_cs_client */;

--
-- Dumping data for table `roles`
--

LOCK TABLES `roles` WRITE;
/*!40000 ALTER TABLE `roles` DISABLE KEYS */;
INSERT INTO `roles` VALUES (1,'EMPLOYEE','COMPANY STAFF','emp','PRIMARY'),(2,'TRANSPORT MANAGER','MANAGES TRANSPORT','tm','PRIMARY'),(3,'VENDOR','ON CONTRACT EMPLOYEE','v','PRIMARY'),(4,'MANAGER','Employees Manage','hrm','PRIMARY'),(5,'Transport Admin','Transport Admin','ta','PRIMARY'),(6,'Admin','Admin','Admin','SECONDARY');
/*!40000 ALTER TABLE `roles` ENABLE KEYS */;
UNLOCK TABLES;

--
-- Table structure for table `roles_views_association`
--

DROP TABLE IF EXISTS `roles_views_association`;
/*!40101 SET @saved_cs_client     = @@character_set_client */;
/*!40101 SET character_set_client = utf8 */;
CREATE TABLE `roles_views_association` (
  `id` int(11) NOT NULL AUTO_INCREMENT,
  `role_id` int(11) NOT NULL,
  `view_id` int(11) NOT NULL,
  `display` int(11) DEFAULT '0',
  PRIMARY KEY (`id`)
) ENGINE=InnoDB AUTO_INCREMENT=63 DEFAULT CHARSET=utf8;
/*!40101 SET character_set_client = @saved_cs_client */;

--
-- Dumping data for table `roles_views_association`
--

LOCK TABLES `roles_views_association` WRITE;
/*!40000 ALTER TABLE `roles_views_association` DISABLE KEYS */;
INSERT INTO `roles_views_association` VALUES (29,2,12,0),(30,2,13,0),(31,2,14,0),(32,2,15,0),(33,2,16,0),(34,2,19,0),(35,2,18,0),(36,2,10,0),(40,6,1,0),(41,6,12,0),(42,6,20,0),(43,5,1,0),(44,5,12,0),(45,5,13,0),(46,5,14,0),(47,5,15,0),(48,5,16,0),(49,5,18,0),(50,5,10,0),(51,3,14,0),(52,3,62,0),(53,3,10,0),(54,1,1,0),(55,1,67,0),(56,1,3,0),(57,1,2,0),(58,1,10,0),(59,4,1,0),(60,4,71,0),(61,4,75,0),(62,4,10,0);
/*!40000 ALTER TABLE `roles_views_association` ENABLE KEYS */;
UNLOCK TABLES;

--
-- Table structure for table `route`
--

DROP TABLE IF EXISTS `route`;
/*!40101 SET @saved_cs_client     = @@character_set_client */;
/*!40101 SET character_set_client = utf8 */;
CREATE TABLE `route` (
  `id` int(11) NOT NULL AUTO_INCREMENT,
  `routeName` varchar(100) DEFAULT NULL,
  `siteId` int(11) NOT NULL,
  `type` varchar(5) DEFAULT NULL,
  PRIMARY KEY (`id`)
) ENGINE=InnoDB AUTO_INCREMENT=106 DEFAULT CHARSET=utf8;
/*!40101 SET character_set_client = @saved_cs_client */;

--
-- Dumping data for table `route`
--

LOCK TABLES `route` WRITE;
/*!40000 ALTER TABLE `route` DISABLE KEYS */;
INSERT INTO `route` VALUES (1,'1',1,'p'),(2,'2',1,'p'),(3,'3',1,'p'),(4,'4',1,'p'),(5,'5',1,'p'),(6,'6',1,'p'),(7,'7',1,'p'),(8,'8',1,'p'),(9,'9',1,'p'),(10,'10',1,'p'),(11,'11',1,'p'),(12,'12',1,'p'),(13,'13',1,'p'),(14,'14',1,'p'),(15,'15',1,'p'),(16,'16',1,'p'),(17,'17',1,'p'),(18,'18',1,'p'),(19,'19',1,'p'),(20,'20',1,'p'),(21,'21',1,'p'),(22,'22',1,'p'),(23,'23',1,'p'),(24,'24',1,'p'),(25,'25',1,'p'),(26,'26',1,'p'),(27,'27',1,'p'),(28,'28',1,'p'),(29,'29',1,'p'),(30,'30',1,'p'),(31,'31',1,'p'),(32,'32',1,'p'),(33,'33',1,'p'),(34,'34',1,'p'),(35,'35',1,'p'),(36,'36',1,'p'),(37,'37',1,'p'),(38,'38',1,'p'),(39,'39',1,'p'),(40,'40',1,'p'),(41,'41',1,'p'),(42,'42',1,'p'),(43,'43',1,'p'),(44,'44',1,'p'),(45,'45',1,'p'),(46,'46',1,'p'),(47,'47',1,'p'),(48,'48',1,'p'),(49,'49',1,'p'),(50,'50',1,'p'),(51,'101',1,'c'),(52,'102',1,'c'),(53,'103',1,'c'),(54,'105',1,'c'),(55,'106',1,'c'),(56,'107',1,'c'),(57,'108',1,'c'),(58,'109',1,'c'),(59,'110',1,'c'),(60,'112',1,'c'),(61,'113',1,'c'),(62,'114',1,'c'),(63,'115',1,'c'),(64,'116',1,'c'),(65,'117',1,'c'),(66,'118',1,'c'),(67,'119',1,'c'),(68,'120',1,'c'),(69,'121',1,'c'),(70,'122',1,'c'),(71,'123',1,'c'),(72,'125',1,'c'),(73,'126',1,'c'),(74,'127',1,'c'),(75,'128',1,'c'),(76,'129',1,'c'),(77,'130',1,'c'),(78,'131',1,'c'),(79,'132',1,'c'),(80,'133',1,'c'),(81,'134',1,'c'),(82,'135',1,'c'),(83,'136',1,'c'),(84,'137',1,'c'),(85,'138',1,'c'),(86,'201',1,'f'),(87,'202',1,'f'),(88,'203',1,'f'),(89,'204',1,'f'),(90,'205',1,'f'),(91,'206',1,'f'),(92,'207',1,'f'),(93,'208',1,'f'),(94,'209',1,'f'),(95,'210',1,'f'),(96,'211',1,'f'),(97,'212',1,'f'),(98,'213',1,'f'),(99,'214',1,'f'),(100,'215',1,'f'),(101,'216',1,'f'),(102,'217',1,'f'),(103,'218',1,'f'),(104,'new Route',1,'p'),(105,'new Route',1,'p');
/*!40000 ALTER TABLE `route` ENABLE KEYS */;
UNLOCK TABLES;

--
-- Table structure for table `routechild`
--

DROP TABLE IF EXISTS `routechild`;
/*!40101 SET @saved_cs_client     = @@character_set_client */;
/*!40101 SET character_set_client = utf8 */;
CREATE TABLE `routechild` (
  `routeId` int(11) NOT NULL,
  `position` int(11) NOT NULL,
  `landmarkId` int(11) NOT NULL
) ENGINE=InnoDB DEFAULT CHARSET=utf8;
/*!40101 SET character_set_client = @saved_cs_client */;

--
-- Dumping data for table `routechild`
--

LOCK TABLES `routechild` WRITE;
/*!40000 ALTER TABLE `routechild` DISABLE KEYS */;
INSERT INTO `routechild` VALUES (1,0,70),(1,1,292),(1,2,291),(1,3,5),(1,4,4),(1,5,348),(1,6,353),(1,7,352),(1,8,351),(1,9,350),(1,10,349),(2,0,70),(2,1,15),(2,2,1),(3,0,70),(3,1,263),(3,2,262),(3,3,261),(3,4,260),(3,5,259),(3,6,85),(3,7,2),(4,0,70),(4,1,347),(4,2,326),(4,3,325),(4,4,324),(4,5,323),(4,6,81),(5,0,70),(5,1,133),(5,2,138),(5,3,137),(5,4,136),(5,5,135),(5,6,134),(6,0,70),(6,1,241),(6,2,240),(6,3,234),(6,4,223),(6,5,221),(6,6,222),(6,7,220),(7,0,70),(7,1,301),(7,2,300),(7,3,299),(7,4,298),(7,5,297),(7,6,209),(7,7,208),(7,8,207),(7,9,80),(8,0,70),(8,1,83),(8,2,82),(8,3,71),(8,4,321),(8,5,320),(8,6,319),(8,7,290),(8,8,264),(8,9,181),(9,0,70),(9,1,322),(9,2,306),(9,3,236),(9,4,235),(10,0,70),(10,1,168),(10,2,169),(10,3,89),(10,4,90),(11,0,70),(11,1,244),(11,2,156),(11,3,155),(11,4,95),(11,5,37),(11,6,36),(11,7,35),(12,0,70),(12,1,258),(12,2,257),(12,3,188),(12,4,187),(12,5,186),(12,6,152),(12,7,151),(12,8,150),(13,0,70),(13,1,287),(13,2,286),(13,3,285),(13,4,284),(13,5,283),(13,6,282),(13,7,281),(13,8,280),(13,9,279),(13,10,278),(14,0,70),(14,1,180),(14,2,178),(14,3,173),(14,4,170),(14,5,177),(14,6,175),(14,7,176),(14,8,172),(14,9,171),(14,10,174),(14,11,179),(15,0,70),(15,1,296),(15,2,250),(15,3,219),(15,4,218),(15,5,217),(15,6,216),(15,7,215),(16,0,70),(16,1,214),(16,2,213),(16,3,212),(16,4,211),(16,5,210),(16,6,184),(17,0,70),(17,1,344),(17,2,343),(17,3,342),(17,4,340),(17,5,339),(17,6,341),(17,7,318),(17,8,317),(17,9,148),(17,10,147),(18,0,70),(18,1,307),(18,2,243),(18,3,242),(18,4,146),(18,5,108),(18,6,110),(18,7,109),(18,8,107),(18,9,106),(18,10,105),(18,11,311),(18,12,308),(18,13,310),(18,14,309),(19,0,70),(19,1,246),(19,2,245),(19,3,56),(19,4,84),(19,5,73),(19,6,149),(20,0,70),(20,1,247),(20,2,224),(20,3,185),(20,4,163),(20,5,162),(20,6,161),(21,0,70),(21,1,44),(21,2,43),(22,0,70),(22,1,346),(22,2,345),(22,3,338),(22,4,337),(23,0,70),(23,1,167),(23,2,166),(23,3,165),(23,4,164),(24,0,70),(24,1,305),(24,2,304),(24,3,289),(24,4,288),(24,5,191),(24,6,190),(24,7,189),(24,8,77),(25,0,70),(25,1,9),(25,2,8),(25,3,7),(25,4,6),(26,0,70),(26,1,14),(26,2,13),(26,3,12),(26,4,11),(26,5,10),(27,0,70),(27,1,45),(27,2,49),(27,3,54),(27,4,55),(27,5,46),(27,6,53),(27,7,52),(27,8,51),(27,9,50),(27,10,48),(27,11,47),(27,12,42),(27,13,40),(27,14,41),(27,15,39),(27,16,38),(28,0,70),(28,1,96),(28,2,104),(28,3,103),(28,4,102),(28,5,101),(28,6,100),(28,7,99),(28,8,98),(28,9,97),(28,10,94),(28,11,69),(29,0,70),(29,1,88),(29,2,87),(29,3,86),(29,4,70),(30,0,70),(30,1,132),(30,2,121),(30,3,120),(30,4,122),(30,5,119),(30,6,118),(30,7,117),(30,8,116),(30,9,115),(30,10,114),(30,11,113),(30,12,112),(30,13,111),(31,0,70),(31,1,125),(31,2,124),(31,3,123),(31,4,131),(31,5,130),(31,6,129),(31,7,128),(31,8,127),(31,9,126),(32,0,70),(32,1,160),(32,2,159),(32,3,158),(32,4,153),(32,5,154),(32,6,3),(33,0,70),(33,1,145),(33,2,144),(33,3,141),(33,4,140),(33,5,139),(33,6,142),(33,7,143),(34,0,70),(34,1,64),(34,2,63),(34,3,62),(34,4,61),(34,5,60),(34,6,59),(34,7,58),(34,8,57),(35,0,70),(35,1,29),(35,2,34),(35,3,33),(35,4,32),(35,5,31),(35,6,30),(35,7,28),(35,8,27),(35,9,26),(35,10,25),(35,11,24),(35,12,23),(35,13,22),(35,14,21),(35,15,20),(35,16,19),(35,17,18),(35,18,17),(35,19,16),(36,0,70),(36,1,316),(36,2,315),(36,3,314),(36,4,313),(36,5,312),(36,6,249),(36,7,183),(36,8,182),(36,9,79),(36,10,78),(37,0,70),(37,1,76),(37,2,75),(37,3,74),(38,0,70),(38,1,203),(38,2,202),(38,3,201),(38,4,200),(39,0,70),(39,1,205),(39,2,206),(40,0,70),(40,1,198),(40,2,199),(40,3,197),(40,4,196),(40,5,195),(40,6,194),(40,7,193),(40,8,248),(40,9,192),(41,0,70),(41,1,226),(42,0,70),(42,1,256),(42,2,255),(42,3,254),(42,4,253),(42,5,252),(42,6,248),(42,7,157),(43,0,70),(43,1,233),(43,2,232),(43,3,231),(43,4,230),(43,5,227),(43,6,229),(43,7,228),(44,0,70),(44,1,239),(44,2,238),(44,3,237),(45,0,70),(45,1,277),(45,2,276),(45,3,275),(45,4,274),(45,5,273),(45,6,272),(45,7,271),(45,8,270),(45,9,269),(45,10,268),(45,11,267),(45,12,266),(45,13,265),(46,0,70),(46,1,336),(46,2,335),(46,3,334),(46,4,333),(46,5,332),(46,6,331),(46,7,330),(46,8,329),(46,9,328),(46,10,327),(46,11,72),(47,0,70),(47,1,68),(47,2,67),(47,3,66),(47,4,65),(48,0,70),(48,1,93),(48,2,92),(48,3,91),(49,0,70),(49,1,295),(49,2,294),(49,3,293),(49,4,251),(50,0,70),(50,1,357),(50,2,356),(50,3,355),(50,4,354),(50,5,303),(50,6,302),(51,0,70),(51,0,70),(51,1,34),(51,1,33),(51,2,32),(51,2,31),(51,3,30),(51,3,28),(51,4,27),(51,5,26),(51,6,25),(51,7,24),(51,8,23),(51,9,19),(51,10,18),(51,11,22),(51,12,21),(51,13,17),(51,14,16),(51,15,20),(52,0,70),(52,1,316),(52,2,315),(52,3,314),(52,4,313),(52,5,312),(52,6,249),(52,7,79),(52,8,78),(53,0,70),(53,1,225),(53,2,226),(53,3,183),(53,4,182),(53,5,64),(53,6,63),(53,7,62),(53,8,61),(53,9,60),(53,10,59),(53,11,58),(53,12,57),(54,0,70),(54,1,229),(54,2,228),(54,3,199),(54,4,197),(54,5,196),(54,6,195),(54,7,194),(54,8,193),(54,9,192),(54,10,204),(54,11,205),(54,12,206),(55,0,70),(55,1,203),(55,2,202),(55,3,201),(55,4,200),(55,5,239),(55,6,238),(55,7,237),(56,0,70),(56,1,88),(56,2,87),(56,3,86),(56,4,14),(56,5,13),(56,6,12),(56,7,11),(56,8,10),(56,9,296),(57,0,70),(57,1,9),(57,2,8),(57,3,7),(57,4,6),(57,5,305),(57,6,304),(57,7,289),(57,8,288),(57,9,191),(57,10,190),(57,11,189),(57,12,77),(58,0,70),(58,1,104),(58,2,103),(58,3,102),(58,4,101),(58,5,100),(58,6,99),(58,7,98),(58,8,97),(59,0,70),(59,1,247),(59,2,224),(59,3,338),(59,4,337),(59,5,346),(59,6,345),(59,7,185),(59,8,163),(59,9,167),(59,10,166),(59,11,165),(59,12,164),(59,13,162),(59,14,161),(60,0,70),(60,1,70),(60,2,96),(60,3,94),(60,4,69),(61,0,70),(61,1,49),(61,2,54),(61,3,55),(61,4,46),(61,5,53),(61,6,52),(61,7,51),(61,8,50),(61,9,48),(61,10,47),(61,11,42),(61,12,40),(61,13,41),(61,14,39),(61,15,38),(62,0,70),(62,1,145),(62,2,144),(62,3,141),(62,4,140),(62,5,139),(62,6,142),(62,7,143),(62,8,45),(62,9,44),(62,10,43),(63,0,70),(63,1,117),(63,2,116),(63,3,115),(63,4,114),(63,5,113),(63,6,112),(63,7,111),(64,0,70),(64,1,125),(64,2,124),(64,3,123),(64,4,131),(64,5,130),(64,6,129),(64,7,128),(64,8,127),(64,9,126),(64,10,132),(64,11,121),(64,12,120),(64,13,122),(64,14,119),(64,15,118),(65,0,70),(65,1,160),(65,2,159),(65,3,158),(65,4,153),(65,5,154),(65,6,3),(66,0,70),(66,1,152),(66,2,151),(66,3,150),(67,0,70),(67,1,258),(67,2,257),(67,3,188),(67,4,187),(67,5,186),(68,0,70),(68,1,287),(68,2,286),(68,3,285),(68,4,284),(68,5,283),(68,6,282),(68,7,281),(68,8,280),(68,9,279),(68,10,278),(69,0,70),(69,1,180),(69,2,178),(69,3,173),(69,4,170),(69,5,177),(69,6,175),(69,7,176),(69,8,172),(69,9,171),(69,10,174),(69,11,179),(70,0,70),(70,1,244),(70,2,156),(70,3,155),(70,4,95),(70,5,37),(70,6,36),(70,7,35),(70,8,168),(70,9,169),(70,10,89),(70,11,90),(70,12,322),(70,13,306),(70,14,236),(70,15,235),(71,0,70),(71,1,246),(71,2,245),(71,3,149),(71,4,84),(71,5,73),(71,6,56),(71,7,307),(71,8,243),(71,9,242),(71,10,146),(71,11,110),(71,12,109),(71,13,107),(71,14,106),(71,15,105),(71,16,311),(71,17,308),(71,18,310),(71,19,309),(72,0,70),(72,1,250),(72,2,219),(72,3,218),(72,4,217),(72,5,216),(72,6,215),(73,0,70),(73,1,344),(73,2,343),(73,3,342),(73,4,340),(73,5,339),(73,6,341),(73,7,318),(73,8,317),(73,9,148),(73,10,147),(73,11,214),(73,12,213),(73,13,212),(73,14,211),(73,15,210),(73,16,184),(74,0,70),(74,1,72),(74,2,233),(74,3,232),(74,4,231),(74,5,230),(74,6,227),(75,0,70),(75,1,264),(75,2,269),(75,3,268),(75,4,267),(75,5,266),(75,6,265),(75,7,68),(75,8,67),(75,9,66),(75,10,65),(75,11,198),(76,0,70),(76,1,108),(76,2,290),(76,3,181),(76,4,277),(76,5,276),(76,6,275),(76,7,274),(76,8,273),(76,9,272),(76,10,271),(76,11,270),(77,0,70),(77,1,256),(77,2,255),(77,3,254),(77,4,253),(77,5,252),(77,6,157),(78,0,70),(78,1,301),(78,2,300),(78,3,299),(78,4,298),(78,5,209),(78,6,208),(78,7,207),(79,0,70),(79,1,336),(79,2,335),(79,3,334),(79,4,333),(79,5,332),(79,6,331),(79,7,330),(79,8,329),(79,9,328),(79,10,327),(79,11,76),(79,12,75),(79,13,74),(80,0,70),(80,1,347),(80,2,326),(80,3,325),(80,4,324),(80,5,323),(80,6,81),(81,0,70),(81,1,357),(81,2,356),(81,3,355),(81,4,354),(81,5,303),(81,6,302),(81,7,93),(81,8,92),(81,9,91),(82,0,70),(82,1,241),(82,2,240),(82,3,234),(82,4,223),(82,5,221),(82,6,222),(82,7,220),(82,8,133),(82,9,138),(82,10,137),(82,11,136),(82,12,135),(82,13,134),(83,0,70),(83,1,83),(83,2,82),(83,3,71),(83,4,321),(83,5,320),(83,6,319),(84,0,70),(84,1,2),(84,2,1),(84,3,292),(84,4,291),(84,5,5),(84,6,4),(84,7,15),(84,8,348),(84,9,353),(84,10,352),(84,11,351),(84,12,350),(84,13,349),(85,0,70),(85,1,263),(85,2,262),(85,3,261),(85,4,260),(85,5,259),(85,6,85),(85,7,295),(85,8,294),(85,9,293),(85,10,297),(85,11,251),(85,12,80),(86,0,70),(86,1,316),(86,2,315),(86,3,314),(86,4,313),(86,5,312),(86,6,249),(86,7,79),(86,8,78),(86,9,29),(86,10,34),(86,11,33),(86,12,32),(86,13,31),(86,14,30),(86,15,28),(86,16,27),(86,17,26),(86,18,25),(86,19,24),(86,20,23),(86,21,22),(86,22,21),(86,23,20),(86,24,19),(86,25,18),(86,26,17),(86,27,16),(87,0,70),(87,1,256),(87,2,255),(87,3,254),(87,4,253),(87,5,252),(87,6,157),(87,7,225),(87,8,226),(87,9,183),(87,10,182),(87,11,64),(87,12,63),(87,13,62),(87,14,61),(87,15,60),(87,16,59),(87,17,58),(87,18,57),(88,0,70),(88,0,70),(88,1,236),(88,1,235),(88,2,347),(88,2,326),(88,3,325),(88,3,324),(88,4,323),(88,4,81),(88,5,292),(88,5,291),(88,6,248),(88,6,5),(88,7,244),(88,7,4),(88,8,156),(88,8,155),(88,9,2),(88,9,15),(88,10,95),(88,10,37),(88,11,1),(88,11,348),(88,12,36),(88,13,35),(88,14,353),(88,15,352),(88,16,168),(88,17,169),(88,18,351),(88,19,350),(88,20,89),(88,21,90),(88,22,349),(89,0,70),(89,1,71),(89,2,321),(89,3,320),(89,4,319),(89,5,263),(89,6,262),(89,7,261),(89,8,260),(89,9,259),(89,10,85),(89,11,295),(89,12,294),(89,13,293),(89,14,251),(89,15,297),(89,16,80),(90,0,70),(90,1,241),(90,2,240),(90,3,234),(90,4,223),(90,5,221),(90,6,222),(90,7,220),(90,8,133),(90,9,138),(90,10,137),(90,11,136),(90,12,135),(90,13,134),(90,14,357),(90,15,356),(90,16,355),(90,17,354),(90,18,303),(90,19,302),(90,20,93),(90,21,92),(90,22,91),(91,0,70),(91,1,209),(91,2,208),(91,3,207),(91,4,301),(91,5,300),(91,6,299),(91,7,298),(92,0,70),(92,1,83),(92,2,82),(92,3,258),(92,4,257),(92,5,188),(92,6,187),(92,7,186),(92,8,152),(92,9,151),(92,10,150),(93,0,70),(93,1,246),(93,2,245),(93,3,149),(93,4,84),(93,5,73),(93,6,56),(93,7,307),(93,8,243),(93,9,242),(93,10,146),(93,11,110),(93,12,109),(93,13,107),(93,14,106),(93,15,105),(93,16,311),(93,17,308),(93,18,310),(93,19,309),(94,0,70),(94,1,344),(94,2,343),(94,3,342),(94,4,340),(94,5,339),(94,6,341),(94,7,318),(94,8,317),(94,9,148),(94,10,147),(94,11,214),(94,12,213),(94,13,212),(94,14,211),(94,15,210),(94,16,184),(94,17,250),(94,18,219),(94,19,218),(94,20,217),(94,21,216),(94,22,215),(95,0,70),(95,1,180),(95,2,178),(95,3,173),(95,4,170),(95,5,177),(95,6,175),(95,7,176),(95,8,172),(95,9,171),(95,10,174),(95,11,179),(95,12,287),(95,13,286),(95,14,285),(95,15,284),(95,16,283),(95,17,282),(95,18,281),(95,19,280),(95,20,279),(95,21,278),(96,0,70),(96,1,247),(96,2,224),(96,3,305),(96,4,304),(96,5,289),(96,6,288),(96,7,191),(96,8,190),(96,9,189),(96,10,77),(96,11,167),(96,12,166),(96,13,165),(96,14,164),(96,15,346),(96,16,345),(96,17,338),(96,18,337),(96,19,185),(96,20,163),(96,21,162),(96,22,161),(97,0,70),(97,1,296),(97,2,14),(97,3,13),(97,4,12),(97,5,11),(97,6,10),(97,7,9),(97,8,8),(97,9,7),(97,10,6),(97,11,88),(97,12,87),(97,13,86),(97,14,104),(97,15,103),(97,16,102),(97,17,101),(97,18,100),(97,19,99),(97,20,98),(97,21,97),(98,0,70),(98,1,145),(98,2,144),(98,3,141),(98,4,140),(98,5,139),(98,6,142),(98,7,143),(98,8,70),(98,9,96),(98,10,94),(98,11,69),(98,12,45),(98,13,49),(98,14,54),(98,15,55),(98,16,46),(98,17,53),(98,18,52),(98,19,51),(98,20,50),(98,21,48),(98,22,47),(98,23,42),(98,24,40),(98,25,41),(98,26,39),(98,27,38),(98,28,44),(98,29,43),(99,0,70),(99,1,160),(99,2,159),(99,3,158),(99,4,153),(99,5,154),(99,6,3),(99,7,125),(99,8,124),(99,9,123),(99,10,131),(99,11,130),(99,12,129),(99,13,128),(99,14,127),(99,15,126),(99,16,132),(99,17,121),(99,18,120),(99,19,122),(99,20,119),(99,21,118),(99,22,117),(99,23,116),(99,24,115),(99,25,114),(99,26,113),(99,27,112),(99,28,111),(100,0,70),(100,1,229),(100,2,228),(100,3,198),(100,4,199),(100,5,197),(100,6,196),(100,7,195),(100,8,194),(100,9,193),(100,10,192),(100,11,204),(100,12,205),(100,13,206),(101,0,70),(101,1,264),(101,2,72),(101,3,68),(101,4,67),(101,5,66),(101,6,65),(101,7,269),(101,8,268),(101,9,267),(101,10,266),(101,11,265),(101,12,239),(101,13,238),(101,14,237),(101,15,203),(101,16,202),(101,17,201),(101,18,200),(102,0,70),(102,1,108),(102,2,290),(102,3,181),(102,4,277),(102,5,276),(102,6,275),(102,7,274),(102,8,273),(102,9,272),(102,10,271),(102,11,270),(103,0,70),(103,1,336),(103,2,335),(103,3,334),(103,4,333),(103,5,332),(103,6,331),(103,7,330),(103,8,329),(103,9,328),(103,10,327),(103,11,76),(103,12,75),(103,13,74),(103,14,233),(103,15,232),(103,16,231),(103,17,230),(103,18,227),(105,0,1),(105,1,358);
/*!40000 ALTER TABLE `routechild` ENABLE KEYS */;
UNLOCK TABLES;

--
-- Table structure for table `routechildsample`
--

DROP TABLE IF EXISTS `routechildsample`;
/*!40101 SET @saved_cs_client     = @@character_set_client */;
/*!40101 SET character_set_client = utf8 */;
CREATE TABLE `routechildsample` (
  `routeId` int(11) NOT NULL,
  `position` int(11) NOT NULL,
  `landmarkId` int(11) NOT NULL
) ENGINE=InnoDB DEFAULT CHARSET=utf8;
/*!40101 SET character_set_client = @saved_cs_client */;

--
-- Dumping data for table `routechildsample`
--

LOCK TABLES `routechildsample` WRITE;
/*!40000 ALTER TABLE `routechildsample` DISABLE KEYS */;
/*!40000 ALTER TABLE `routechildsample` ENABLE KEYS */;
UNLOCK TABLES;

--
-- Table structure for table `routechildshuttle`
--

DROP TABLE IF EXISTS `routechildshuttle`;
/*!40101 SET @saved_cs_client     = @@character_set_client */;
/*!40101 SET character_set_client = utf8 */;
CREATE TABLE `routechildshuttle` (
  `routeId` int(11) NOT NULL,
  `position` int(11) NOT NULL,
  `landmarkId` int(11) NOT NULL
) ENGINE=InnoDB DEFAULT CHARSET=utf8;
/*!40101 SET character_set_client = @saved_cs_client */;

--
-- Dumping data for table `routechildshuttle`
--

LOCK TABLES `routechildshuttle` WRITE;
/*!40000 ALTER TABLE `routechildshuttle` DISABLE KEYS */;
/*!40000 ALTER TABLE `routechildshuttle` ENABLE KEYS */;
UNLOCK TABLES;

--
-- Table structure for table `routeshuttle`
--

DROP TABLE IF EXISTS `routeshuttle`;
/*!40101 SET @saved_cs_client     = @@character_set_client */;
/*!40101 SET character_set_client = utf8 */;
CREATE TABLE `routeshuttle` (
  `id` int(11) NOT NULL AUTO_INCREMENT,
  `routeName` varchar(100) DEFAULT NULL,
  `siteId` int(11) NOT NULL,
  PRIMARY KEY (`id`)
) ENGINE=InnoDB DEFAULT CHARSET=utf8;
/*!40101 SET character_set_client = @saved_cs_client */;

--
-- Dumping data for table `routeshuttle`
--

LOCK TABLES `routeshuttle` WRITE;
/*!40000 ALTER TABLE `routeshuttle` DISABLE KEYS */;
/*!40000 ALTER TABLE `routeshuttle` ENABLE KEYS */;
UNLOCK TABLES;

--
-- Table structure for table `routetypes`
--

DROP TABLE IF EXISTS `routetypes`;
/*!40101 SET @saved_cs_client     = @@character_set_client */;
/*!40101 SET character_set_client = utf8 */;
CREATE TABLE `routetypes` (
  `type` varchar(5) NOT NULL,
  `typeDesc` varchar(20) DEFAULT NULL,
  `priority` int(11) DEFAULT NULL,
  PRIMARY KEY (`type`)
) ENGINE=InnoDB DEFAULT CHARSET=utf8;
/*!40101 SET character_set_client = @saved_cs_client */;

--
-- Dumping data for table `routetypes`
--

LOCK TABLES `routetypes` WRITE;
/*!40000 ALTER TABLE `routetypes` DISABLE KEYS */;
INSERT INTO `routetypes` VALUES ('c','combained',2),('f','fullCombained',3),('p','primary',1);
/*!40000 ALTER TABLE `routetypes` ENABLE KEYS */;
UNLOCK TABLES;

--
-- Table structure for table `settings`
--

DROP TABLE IF EXISTS `settings`;
/*!40101 SET @saved_cs_client     = @@character_set_client */;
/*!40101 SET character_set_client = utf8 */;
CREATE TABLE `settings` (
  `transportationCost` decimal(19,4) DEFAULT NULL,
  `accountingDate` int(11) DEFAULT NULL,
  `utilityLastUpdatedDate` datetime DEFAULT NULL,
  `utilityRunningTime` varchar(12) DEFAULT NULL,
  `empAplChangeCounter` int(11) DEFAULT NULL,
  `domainName` varchar(500) DEFAULT NULL,
  `weekdaycombroute` int(11) DEFAULT '0',
  `citylattitude` double DEFAULT NULL,
  `citylongitude` double DEFAULT NULL,
  `authentication` varchar(5) DEFAULT NULL,
  `pricePerSubscription` float DEFAULT NULL
) ENGINE=InnoDB DEFAULT CHARSET=utf8;
/*!40101 SET character_set_client = @saved_cs_client */;

--
-- Dumping data for table `settings`
--

LOCK TABLES `settings` WRITE;
/*!40000 ALTER TABLE `settings` DISABLE KEYS */;
INSERT INTO `settings` VALUES (2500.0000,20,'2014-05-08 00:00:00','00:03:00:AM',3,'http://10.14.80.55:8080/atom/',0,12.968093,77.587166,'true',NULL);
/*!40000 ALTER TABLE `settings` ENABLE KEYS */;
UNLOCK TABLES;

--
-- Table structure for table `settings_table`
--

DROP TABLE IF EXISTS `settings_table`;
/*!40101 SET @saved_cs_client     = @@character_set_client */;
/*!40101 SET character_set_client = utf8 */;
CREATE TABLE `settings_table` (
  `id` bigint(20) NOT NULL AUTO_INCREMENT,
  `fromDate` datetime DEFAULT NULL,
  `toDate` datetime DEFAULT NULL,
  `property` varchar(50) DEFAULT NULL,
  `value` varchar(50) DEFAULT NULL,
  `type` varchar(10) DEFAULT NULL,
  PRIMARY KEY (`id`)
) ENGINE=InnoDB AUTO_INCREMENT=20 DEFAULT CHARSET=utf8;
/*!40101 SET character_set_client = @saved_cs_client */;

--
-- Dumping data for table `settings_table`
--

LOCK TABLES `settings_table` WRITE;
/*!40000 ALTER TABLE `settings_table` DISABLE KEYS */;
INSERT INTO `settings_table` VALUES (1,'2013-01-01 00:00:00',NULL,'AFFORDABLE ON TIME DELAY','5','SINGLE'),(2,'2013-01-01 00:00:00',NULL,'AFFORDABLE ON TIME DELAY','13','MULTIPLE'),(3,'2013-01-01 00:00:00',NULL,'PRE START DELAY FOR IN','30','MULTIPLE'),(4,'2013-01-01 00:00:00',NULL,'POST START DELAY FOR IN','2','MULTIPLE'),(5,'2013-01-01 00:00:00',NULL,'PRE STOP DELAY FOR OUT','20','MULTIPLE'),(6,'2013-01-01 00:00:00',NULL,'POST STOP DELAY FOR OUT','10','MULTIPLE'),(7,'2013-01-01 00:00:00',NULL,'TRIP START VALIDATION','false','MULTIPLE'),(8,'2013-01-01 00:00:00',NULL,'TRIP STOP VALIDATION','false','MULTIPLE'),(9,'2013-01-01 00:00:00',NULL,'PRE STOP DELAY FOR IN','30',NULL),(10,'2013-01-01 00:00:00',NULL,'POST STOP DELAY FOR IN','30',NULL),(11,'2013-01-01 00:00:00',NULL,'PRE START DELAY FOR OUT','30',NULL),(12,'2013-01-01 00:00:00',NULL,'POST START DELAY FOR OUT','30',NULL),(13,'2013-01-01 00:00:00',NULL,'PAYROLL','2500','MULTIPLE'),(14,'2013-01-01 00:00:00',NULL,'AGILEDGEBILL','64','MULTIPLE'),(15,'2013-01-01 00:00:00',NULL,'AGILEDGEBILL','74','MULTIPLE'),(16,'2013-01-01 00:00:00',NULL,'PAYROLL','1400','MULTIPLE'),(17,'2013-01-01 00:00:00',NULL,'PROPERTY_AUTOMATIC_PAGE_ADD','YES','SINGLE'),(18,'2013-01-01 00:00:00',NULL,'AUTHERISATION_INSERTION_MODE','ON','SINGLE'),(19,'2013-01-01 00:00:00',NULL,'LOAD_PAGE_ROLE_DATA','OFF','SINGLE');
/*!40000 ALTER TABLE `settings_table` ENABLE KEYS */;
UNLOCK TABLES;

--
-- Table structure for table `settingsstring`
--

DROP TABLE IF EXISTS `settingsstring`;
/*!40101 SET @saved_cs_client     = @@character_set_client */;
/*!40101 SET character_set_client = utf8 */;
CREATE TABLE `settingsstring` (
  `id` int(11) NOT NULL AUTO_INCREMENT,
  `keyVal` varchar(100) DEFAULT NULL,
  `Val` varchar(200) DEFAULT NULL,
  `module` varchar(50) DEFAULT NULL,
  `submodule` varchar(50) DEFAULT NULL,
  `status` varchar(10) DEFAULT NULL,
  PRIMARY KEY (`id`)
) ENGINE=InnoDB AUTO_INCREMENT=1007 DEFAULT CHARSET=utf8;
/*!40101 SET character_set_client = @saved_cs_client */;

--
-- Dumping data for table `settingsstring`
--

LOCK TABLES `settingsstring` WRITE;
/*!40000 ALTER TABLE `settingsstring` DISABLE KEYS */;
INSERT INTO `settingsstring` VALUES (1,'shiftExtension','Shift Extension','adhoc','type','a'),(2,'hotelAirport','Hotel/Airport','adhoc','type','a'),(3,'atDisposal','At Disposal','adhoc','type','a'),(4,'shift','Shift Transport','transport','type','a'),(5,'adhoc','Adhoc Transport','transport','type','a'),(6,'shuttle','Shuttle Transport','transport','type','a'),(7,'Flat','Flat','billingsetup','escortRateType','a'),(8,'Varied','Varied','billingsetup','escortRateType','a'),(1002,'classic','Standard / Meter based Billing','billingsetup','kmBillingType','a'),(1003,'template','Template based Billing','billingsetup','kmBillingType','a'),(1004,'map','Map based based Billing','billingsetup','kmBillingType','a'),(1005,'map','Map','billingsetup','distanceType','a'),(1006,'tracked','Mobile','billingsetup','distanceType','a');
/*!40000 ALTER TABLE `settingsstring` ENABLE KEYS */;
UNLOCK TABLES;

--
-- Table structure for table `shuttlebooking`
--

DROP TABLE IF EXISTS `shuttlebooking`;
/*!40101 SET @saved_cs_client     = @@character_set_client */;
/*!40101 SET character_set_client = utf8 */;
CREATE TABLE `shuttlebooking` (
  `id` bigint(20) NOT NULL AUTO_INCREMENT,
  `effectiveDate` datetime DEFAULT NULL,
  `bookedDate` datetime DEFAULT NULL,
  `routeId` varchar(20) DEFAULT NULL,
  `landmark` varchar(20) DEFAULT NULL,
  `status` varchar(10) DEFAULT NULL,
  PRIMARY KEY (`id`)
) ENGINE=InnoDB DEFAULT CHARSET=utf8;
/*!40101 SET character_set_client = @saved_cs_client */;

--
-- Dumping data for table `shuttlebooking`
--

LOCK TABLES `shuttlebooking` WRITE;
/*!40000 ALTER TABLE `shuttlebooking` DISABLE KEYS */;
/*!40000 ALTER TABLE `shuttlebooking` ENABLE KEYS */;
UNLOCK TABLES;

--
-- Table structure for table `shuttlevehicle`
--

DROP TABLE IF EXISTS `shuttlevehicle`;
/*!40101 SET @saved_cs_client     = @@character_set_client */;
/*!40101 SET character_set_client = utf8 */;
CREATE TABLE `shuttlevehicle` (
  `id` int(11) NOT NULL AUTO_INCREMENT,
  `routeId` int(11) DEFAULT NULL,
  `vehicleType` int(11) DEFAULT NULL,
  `count` int(11) DEFAULT NULL,
  PRIMARY KEY (`id`)
) ENGINE=InnoDB DEFAULT CHARSET=utf8;
/*!40101 SET character_set_client = @saved_cs_client */;

--
-- Dumping data for table `shuttlevehicle`
--

LOCK TABLES `shuttlevehicle` WRITE;
/*!40000 ALTER TABLE `shuttlevehicle` DISABLE KEYS */;
/*!40000 ALTER TABLE `shuttlevehicle` ENABLE KEYS */;
UNLOCK TABLES;

--
-- Table structure for table `site`
--

DROP TABLE IF EXISTS `site`;
/*!40101 SET @saved_cs_client     = @@character_set_client */;
/*!40101 SET character_set_client = utf8 */;
CREATE TABLE `site` (
  `id` int(11) NOT NULL AUTO_INCREMENT,
  `site_name` varchar(50) NOT NULL,
  `landmark` int(11) DEFAULT NULL,
  `night_shift_start` varchar(10) DEFAULT NULL,
  `night_shift_end` varchar(50) DEFAULT NULL,
  `lady_security` int(11) DEFAULT '0',
  `combainedRouteOnweekoff` int(11) DEFAULT '0',
  `branch` bigint(20) NOT NULL,
  `combainedRouteOnspecifiedTime` int(11) DEFAULT '0',
  PRIMARY KEY (`id`),
  UNIQUE KEY `UQ__site__FCA9EC3441BD558C` (`site_name`)
) ENGINE=InnoDB AUTO_INCREMENT=2 DEFAULT CHARSET=utf8;
/*!40101 SET character_set_client = @saved_cs_client */;

--
-- Dumping data for table `site`
--

LOCK TABLES `site` WRITE;
/*!40000 ALTER TABLE `site` DISABLE KEYS */;
INSERT INTO `site` VALUES (1,'Electronics City',63,'18:00','06:00',1,0,1,0);
/*!40000 ALTER TABLE `site` ENABLE KEYS */;
UNLOCK TABLES;

--
-- Table structure for table `site_project_settings`
--

DROP TABLE IF EXISTS `site_project_settings`;
/*!40101 SET @saved_cs_client     = @@character_set_client */;
/*!40101 SET character_set_client = utf8 */;
CREATE TABLE `site_project_settings` (
  `id` bigint(20) NOT NULL AUTO_INCREMENT,
  `site` int(11) DEFAULT NULL,
  `project` bigint(20) DEFAULT NULL,
  `settingsId` bigint(20) DEFAULT NULL,
  PRIMARY KEY (`id`)
) ENGINE=InnoDB DEFAULT CHARSET=utf8;
/*!40101 SET character_set_client = @saved_cs_client */;

--
-- Dumping data for table `site_project_settings`
--

LOCK TABLES `site_project_settings` WRITE;
/*!40000 ALTER TABLE `site_project_settings` DISABLE KEYS */;
/*!40000 ALTER TABLE `site_project_settings` ENABLE KEYS */;
UNLOCK TABLES;

--
-- Table structure for table `site_settings`
--

DROP TABLE IF EXISTS `site_settings`;
/*!40101 SET @saved_cs_client     = @@character_set_client */;
/*!40101 SET character_set_client = utf8 */;
CREATE TABLE `site_settings` (
  `id` bigint(20) NOT NULL AUTO_INCREMENT,
  `site` int(11) DEFAULT NULL,
  `settingsId` bigint(20) DEFAULT NULL,
  PRIMARY KEY (`id`)
) ENGINE=InnoDB AUTO_INCREMENT=16 DEFAULT CHARSET=utf8;
/*!40101 SET character_set_client = @saved_cs_client */;

--
-- Dumping data for table `site_settings`
--

LOCK TABLES `site_settings` WRITE;
/*!40000 ALTER TABLE `site_settings` DISABLE KEYS */;
INSERT INTO `site_settings` VALUES (1,1,2),(2,1,3),(3,1,4),(4,1,5),(5,1,6),(6,1,7),(7,1,8),(8,1,9),(9,1,10),(10,1,11),(11,1,12),(12,1,13),(13,1,14),(14,1,15),(15,1,16);
/*!40000 ALTER TABLE `site_settings` ENABLE KEYS */;
UNLOCK TABLES;

--
-- Table structure for table `site_shift`
--

DROP TABLE IF EXISTS `site_shift`;
/*!40101 SET @saved_cs_client     = @@character_set_client */;
/*!40101 SET character_set_client = utf8 */;
CREATE TABLE `site_shift` (
  `siteId` int(11) DEFAULT NULL,
  `shiftId` int(11) DEFAULT NULL,
  `combainroute` varchar(10) DEFAULT NULL,
  `status` varchar(10) DEFAULT NULL
) ENGINE=InnoDB DEFAULT CHARSET=utf8;
/*!40101 SET character_set_client = @saved_cs_client */;

--
-- Dumping data for table `site_shift`
--

LOCK TABLES `site_shift` WRITE;
/*!40000 ALTER TABLE `site_shift` DISABLE KEYS */;
INSERT INTO `site_shift` VALUES (1,48,'no','active'),(1,47,'no','active'),(1,2,'no','active'),(1,25,'no','active'),(1,26,'no','active'),(1,3,'no','active'),(1,4,'no','active'),(1,27,'no','active'),(1,28,'no','active'),(1,5,'no','active'),(1,6,'no','active'),(1,29,'no','active'),(1,30,'no','active'),(1,7,'no','active'),(1,31,'no','active'),(1,8,'no','active'),(1,9,'no','active'),(1,32,'no','active'),(1,33,'no','active'),(1,10,'no','active'),(1,11,'no','active'),(1,34,'no','active'),(1,35,'no','active'),(1,12,'no','active'),(1,13,'no','active'),(1,36,'no','active'),(1,37,'no','active'),(1,14,'no','active'),(1,15,'no','active'),(1,38,'no','active'),(1,39,'no','active'),(1,16,'no','active'),(1,17,'no','active'),(1,40,'no','active'),(1,41,'no','active'),(1,18,'no','active'),(1,42,'no','active'),(1,19,'no','active'),(1,20,'no','active'),(1,43,'no','active'),(1,44,'no','active'),(1,21,'no','active'),(1,22,'no','active'),(1,45,'no','active'),(1,46,'no','active'),(1,23,'no','active');
/*!40000 ALTER TABLE `site_shift` ENABLE KEYS */;
UNLOCK TABLES;

--
-- Table structure for table `site_vehicle`
--

DROP TABLE IF EXISTS `site_vehicle`;
/*!40101 SET @saved_cs_client     = @@character_set_client */;
/*!40101 SET character_set_client = utf8 */;
CREATE TABLE `site_vehicle` (
  `siteId` int(11) NOT NULL,
  `vehicleTypeId` int(11) NOT NULL
) ENGINE=InnoDB DEFAULT CHARSET=utf8;
/*!40101 SET character_set_client = @saved_cs_client */;

--
-- Dumping data for table `site_vehicle`
--

LOCK TABLES `site_vehicle` WRITE;
/*!40000 ALTER TABLE `site_vehicle` DISABLE KEYS */;
INSERT INTO `site_vehicle` VALUES (1,1),(1,2),(1,3);
/*!40000 ALTER TABLE `site_vehicle` ENABLE KEYS */;
UNLOCK TABLES;

--
-- Table structure for table `site_vehicle_rate_calander`
--

DROP TABLE IF EXISTS `site_vehicle_rate_calander`;
/*!40101 SET @saved_cs_client     = @@character_set_client */;
/*!40101 SET character_set_client = utf8 */;
CREATE TABLE `site_vehicle_rate_calander` (
  `id` int(11) NOT NULL AUTO_INCREMENT,
  `site` int(11) DEFAULT NULL,
  `vehicle_type` int(11) DEFAULT NULL,
  `ratePerTrip` float DEFAULT NULL,
  `fromDate` datetime DEFAULT NULL,
  `toDate` datetime DEFAULT NULL,
  `status` varchar(10) DEFAULT NULL,
  PRIMARY KEY (`id`)
) ENGINE=InnoDB AUTO_INCREMENT=4 DEFAULT CHARSET=utf8;
/*!40101 SET character_set_client = @saved_cs_client */;

--
-- Dumping data for table `site_vehicle_rate_calander`
--

LOCK TABLES `site_vehicle_rate_calander` WRITE;
/*!40000 ALTER TABLE `site_vehicle_rate_calander` DISABLE KEYS */;
INSERT INTO `site_vehicle_rate_calander` VALUES (1,1,1,240,'2013-01-01 00:00:00',NULL,'new'),(2,1,2,340,'2013-01-01 00:00:00',NULL,'new'),(3,1,3,500,'2013-01-01 00:00:00',NULL,'new');
/*!40000 ALTER TABLE `site_vehicle_rate_calander` ENABLE KEYS */;
UNLOCK TABLES;

--
-- Table structure for table `siteshiftadhoc`
--

DROP TABLE IF EXISTS `siteshiftadhoc`;
/*!40101 SET @saved_cs_client     = @@character_set_client */;
/*!40101 SET character_set_client = utf8 */;
CREATE TABLE `siteshiftadhoc` (
  `id` int(11) NOT NULL AUTO_INCREMENT,
  `siteId` int(11) DEFAULT NULL,
  `shiftId` int(11) DEFAULT NULL,
  `status` varchar(5) DEFAULT NULL,
  PRIMARY KEY (`id`)
) ENGINE=InnoDB DEFAULT CHARSET=utf8;
/*!40101 SET character_set_client = @saved_cs_client */;

--
-- Dumping data for table `siteshiftadhoc`
--

LOCK TABLES `siteshiftadhoc` WRITE;
/*!40000 ALTER TABLE `siteshiftadhoc` DISABLE KEYS */;
/*!40000 ALTER TABLE `siteshiftadhoc` ENABLE KEYS */;
UNLOCK TABLES;

--
-- Table structure for table `slab_based_billing_config`
--

DROP TABLE IF EXISTS `slab_based_billing_config`;
/*!40101 SET @saved_cs_client     = @@character_set_client */;
/*!40101 SET character_set_client = utf8 */;
CREATE TABLE `slab_based_billing_config` (
  `id` bigint(20) NOT NULL AUTO_INCREMENT,
  `billing_type_refId` bigint(20) NOT NULL,
  `vehicle_type` bigint(20) NOT NULL,
  `escort_billing_type` varchar(10) NOT NULL,
  `escort_billing_rate` float NOT NULL,
  `trip_rate` float NOT NULL,
  `status` varchar(5) NOT NULL DEFAULT 'a',
  PRIMARY KEY (`id`)
) ENGINE=InnoDB AUTO_INCREMENT=3 DEFAULT CHARSET=utf8;
/*!40101 SET character_set_client = @saved_cs_client */;

--
-- Dumping data for table `slab_based_billing_config`
--

LOCK TABLES `slab_based_billing_config` WRITE;
/*!40000 ALTER TABLE `slab_based_billing_config` DISABLE KEYS */;
INSERT INTO `slab_based_billing_config` VALUES (1,3,3,'Varied',50,1000,'a'),(2,5,1,'Flat',300,500,'a');
/*!40000 ALTER TABLE `slab_based_billing_config` ENABLE KEYS */;
UNLOCK TABLES;

--
-- Table structure for table `slab_based_billing_slabs`
--

DROP TABLE IF EXISTS `slab_based_billing_slabs`;
/*!40101 SET @saved_cs_client     = @@character_set_client */;
/*!40101 SET character_set_client = utf8 */;
CREATE TABLE `slab_based_billing_slabs` (
  `id` bigint(20) NOT NULL AUTO_INCREMENT,
  `slab_billing_id` bigint(20) NOT NULL,
  `slabId` bigint(20) NOT NULL,
  `rate` float NOT NULL,
  `status` varchar(5) DEFAULT 'a',
  PRIMARY KEY (`id`)
) ENGINE=InnoDB AUTO_INCREMENT=15 DEFAULT CHARSET=utf8;
/*!40101 SET character_set_client = @saved_cs_client */;

--
-- Dumping data for table `slab_based_billing_slabs`
--

LOCK TABLES `slab_based_billing_slabs` WRITE;
/*!40000 ALTER TABLE `slab_based_billing_slabs` DISABLE KEYS */;
INSERT INTO `slab_based_billing_slabs` VALUES (1,1,1,1000,'a'),(2,1,2,800,'a'),(3,1,3,800,'a'),(4,1,4,800,'a'),(5,1,5,800,'a'),(6,1,6,1000,'a'),(7,1,7,1000,'a'),(8,2,1,500,'a'),(9,2,2,550,'a'),(10,2,3,550,'a'),(11,2,4,550,'a'),(12,2,5,550,'a'),(13,2,6,500,'a'),(14,2,7,500,'a');
/*!40000 ALTER TABLE `slab_based_billing_slabs` ENABLE KEYS */;
UNLOCK TABLES;

--
-- Table structure for table `spoc_child`
--

DROP TABLE IF EXISTS `spoc_child`;
/*!40101 SET @saved_cs_client     = @@character_set_client */;
/*!40101 SET character_set_client = utf8 */;
CREATE TABLE `spoc_child` (
  `id` bigint(20) NOT NULL AUTO_INCREMENT,
  `spoc_id` bigint(20) NOT NULL,
  `employee_id` bigint(20) NOT NULL,
  `status` varchar(10) DEFAULT NULL,
  PRIMARY KEY (`id`)
) ENGINE=InnoDB AUTO_INCREMENT=17 DEFAULT CHARSET=utf8;
/*!40101 SET character_set_client = @saved_cs_client */;

--
-- Dumping data for table `spoc_child`
--

LOCK TABLES `spoc_child` WRITE;
/*!40000 ALTER TABLE `spoc_child` DISABLE KEYS */;
INSERT INTO `spoc_child` VALUES (1,9,16,'a'),(2,9,17,'a'),(3,9,19,'a'),(4,9,20,'a'),(5,9,23,'a'),(6,9,27,'a'),(7,9,28,'a'),(8,9,29,'a'),(9,9,31,'a'),(10,9,33,'a'),(11,6,35,'a'),(12,6,36,'a'),(13,6,101,'a'),(14,6,21,'a'),(15,6,22,'a'),(16,6,24,'a');
/*!40000 ALTER TABLE `spoc_child` ENABLE KEYS */;
UNLOCK TABLES;

--
-- Table structure for table `spoc_parent`
--

DROP TABLE IF EXISTS `spoc_parent`;
/*!40101 SET @saved_cs_client     = @@character_set_client */;
/*!40101 SET character_set_client = utf8 */;
CREATE TABLE `spoc_parent` (
  `id` bigint(20) NOT NULL AUTO_INCREMENT,
  `manager_id` bigint(20) NOT NULL,
  `employee_id` bigint(20) NOT NULL,
  `from_date` datetime DEFAULT NULL,
  `to_date` datetime DEFAULT NULL,
  `status` varchar(10) NOT NULL,
  PRIMARY KEY (`id`)
) ENGINE=InnoDB AUTO_INCREMENT=11 DEFAULT CHARSET=utf8;
/*!40101 SET character_set_client = @saved_cs_client */;

--
-- Dumping data for table `spoc_parent`
--

LOCK TABLES `spoc_parent` WRITE;
/*!40000 ALTER TABLE `spoc_parent` DISABLE KEYS */;
INSERT INTO `spoc_parent` VALUES (1,101,16,NULL,NULL,'a'),(2,101,17,NULL,NULL,'a'),(3,101,18,NULL,NULL,'a'),(4,101,19,NULL,NULL,'a'),(5,101,20,NULL,NULL,'a'),(6,101,21,NULL,NULL,'a'),(7,101,23,NULL,NULL,'a'),(8,101,24,NULL,NULL,'a'),(9,101,22,NULL,NULL,'a'),(10,101,25,NULL,NULL,'a');
/*!40000 ALTER TABLE `spoc_parent` ENABLE KEYS */;
UNLOCK TABLES;

--
-- Table structure for table `status_table`
--

DROP TABLE IF EXISTS `status_table`;
/*!40101 SET @saved_cs_client     = @@character_set_client */;
/*!40101 SET character_set_client = utf8 */;
CREATE TABLE `status_table` (
  `id` bigint(20) NOT NULL AUTO_INCREMENT,
  `key` varchar(50) NOT NULL,
  `value` varchar(50) NOT NULL,
  `type` varchar(20) NOT NULL,
  PRIMARY KEY (`id`)
) ENGINE=InnoDB DEFAULT CHARSET=utf8;
/*!40101 SET character_set_client = @saved_cs_client */;

--
-- Dumping data for table `status_table`
--

LOCK TABLES `status_table` WRITE;
/*!40000 ALTER TABLE `status_table` DISABLE KEYS */;
/*!40000 ALTER TABLE `status_table` ENABLE KEYS */;
UNLOCK TABLES;

--
-- Table structure for table `student`
--

DROP TABLE IF EXISTS `student`;
/*!40101 SET @saved_cs_client     = @@character_set_client */;
/*!40101 SET character_set_client = utf8 */;
CREATE TABLE `student` (
  `id` int(11) NOT NULL AUTO_INCREMENT,
  `name` varchar(45) DEFAULT NULL,
  `address` varchar(45) DEFAULT NULL,
  `mark` float DEFAULT NULL,
  PRIMARY KEY (`id`)
) ENGINE=InnoDB AUTO_INCREMENT=10 DEFAULT CHARSET=latin1;
/*!40101 SET character_set_client = @saved_cs_client */;

--
-- Dumping data for table `student`
--

LOCK TABLES `student` WRITE;
/*!40000 ALTER TABLE `student` DISABLE KEYS */;
INSERT INTO `student` VALUES (6,'Noufal','CC',200),(7,'Rafi','K',200),(8,'Nihad','P',220),(9,'Safvan','KT',180);
/*!40000 ALTER TABLE `student` ENABLE KEYS */;
UNLOCK TABLES;

--
-- Table structure for table `sub_views`
--

DROP TABLE IF EXISTS `sub_views`;
/*!40101 SET @saved_cs_client     = @@character_set_client */;
/*!40101 SET character_set_client = utf8 */;
CREATE TABLE `sub_views` (
  `id` int(11) NOT NULL AUTO_INCREMENT,
  `parent_id` int(11) NOT NULL,
  `view_name` varchar(50) NOT NULL,
  `url` varchar(50) NOT NULL,
  `show_order` int(11) NOT NULL,
  PRIMARY KEY (`id`)
) ENGINE=InnoDB AUTO_INCREMENT=55 DEFAULT CHARSET=utf8;
/*!40101 SET character_set_client = @saved_cs_client */;

--
-- Dumping data for table `sub_views`
--

LOCK TABLES `sub_views` WRITE;
/*!40000 ALTER TABLE `sub_views` DISABLE KEYS */;
INSERT INTO `sub_views` VALUES (1,2,'COMPANY SETUP','addCompany.jsp',1),(2,2,'VENDOR SETUP','transadmin_vendorSetUp.jsp',2),(3,2,'ADD DELEGATION','delegateRole.jsp',3),(4,2,'VIEW DELEGATION','viewDelegatedRole.jsp',4),(5,2,'SHIFT TIME','logtime_list.jsp',5),(6,2,'ADD VEHICLE TYPE','vehicle_type.jsp',10),(7,2,'VIEW VEHICLE TYPE','vehicle_type_list.jsp',7),(8,2,'ASSIGN VEHICLE','site_vehicle_type.jsp',8),(9,2,'VIEW ASSIGNED VEHICLE','site_vehicle_list.jsp',9),(10,3,'APL CONFIG','area.jsp',1),(11,3,'ADD ROUTE','add_route.jsp',2),(12,3,'VIEW ROUTE','route_list.jsp',3),(13,3,'ROUTE SETUP','routeSetup.jsp',4),(14,4,'GENERATE TRIPSHEET','automatic_routing.jsp',1),(15,4,'VIEW TRIPS','view_routing.jsp',3),(16,4,'TRACKED TRIPS','display_TrackedTripBucket.jsp',5),(17,5,'ASSIGN ROLE','ChangeRole.jsp',1),(18,5,'MODIFY SUBSCRIPTION','transadmin_modifysubscription.jsp',2),(19,5,'SCHEDULING','transadmin_schedule_employee.jsp',3),(20,5,'VIEW SCHEDULE','transadmin_scheduledemployee.jsp',4),(21,5,'MODIFY SCHEDULE','transadmin_schedulemodify.jsp',5),(22,6,'PAYROLL','payrolldetails.jsp',1),(23,6,'SUBSCRIPTION','display_employeeSubscriptionReport.jsp',2),(24,6,'SCHEDULING','display_emp_sch_report.jsp',3),(25,6,'UN-SUBSCRIPTION','display_emp_unsub_report.jsp',4),(26,6,'NO SHOW','display_tripSheet_no_show_count_report.jsp',5),(27,6,'OTA & OTD','display_OnShowTipCount.jsp',6),(28,6,'TRIP BILLING','display_TripBillingSummary.jsp',7),(29,6,'PROJECT WISE COST','display_projectWiseTripBillingReport.jsp',8),(30,6,'CAPACITY UTILIZATION','display_CapacityUtilizationSummaryReport.jsp',9),(31,6,'EXCEPTION','display_exceptionReport.jsp',10),(32,7,'CHANGE TO MANAGER','ChangeUser?changeType=1',1),(33,7,'CHANGE EMPLOYEE','ChangeUser',2),(34,16,'Roles','ViewRoles.jsp',1),(35,16,'Views','AllView.jsp',2),(36,17,'subscription','SubscriptionSelector',1),(37,4,'Back to Back','backtoback_routing.jsp',2),(38,4,'VIEW BB TRIPS','view_backtoback_routing.jsp',4),(39,2,'TIME SLOT','timeSloat.jsp',6),(41,5,'Subscription','transadmin_subscriptionforemp.jsp',2),(42,2,'Add Driver','add_driver.jsp',5),(44,4,'Track Vehicle','trackVehicle.jsp',2),(45,2,'SITE SHIFT','site_shift.jsp',5),(46,6,'Trip Usage','display_tripUsageReport.jsp',11),(47,6,'By Vehicle Type','display_ByVehicleTypeReport.jsp',12),(48,6,'Vehicle Status','display_vehicleStatusReport.jsp',13),(49,2,'Vehicle >> Driver','driver_vehicle.jsp',11),(50,4,'COMPLETED TRIPS','vehicleStatusReport.jsp',5),(51,4,'TRACE  VEHICLE','trackVehicle.jsp',6),(52,2,'Escort Setup','escortSetUp.jsp',4),(53,23,'Generate Tripsheet','automatic_routing.jsp',1),(54,23,'View Trips','view_routing.jsp',2);
/*!40000 ALTER TABLE `sub_views` ENABLE KEYS */;
UNLOCK TABLES;

--
-- Table structure for table `td_billing_args`
--

DROP TABLE IF EXISTS `td_billing_args`;
/*!40101 SET @saved_cs_client     = @@character_set_client */;
/*!40101 SET character_set_client = utf8 */;
CREATE TABLE `td_billing_args` (
  `tripId` bigint(20) NOT NULL,
  `classicTripDistance` float DEFAULT NULL,
  `classicTripRate` float DEFAULT NULL,
  `mapTripDistance` float DEFAULT NULL,
  `mapTripRate` float DEFAULT NULL,
  `mobileTripDistance` float DEFAULT NULL,
  `mobileTripRate` float DEFAULT NULL,
  `templateTripDistance` float DEFAULT NULL,
  `templateTripRate` float DEFAULT NULL,
  `slabTripRate` float DEFAULT NULL,
  `tripTripRate` float DEFAULT NULL,
  `classicTripBillingId` bigint(20) DEFAULT NULL,
  `mapTripBillingId` bigint(20) DEFAULT NULL,
  `mobileTripBillingId` bigint(20) DEFAULT NULL,
  `templateTripBillingId` bigint(20) DEFAULT NULL,
  `slabTripBillingId` bigint(20) DEFAULT NULL,
  `templateSwingDistance` float DEFAULT NULL,
  `tripTripBillingId` bigint(20) DEFAULT NULL,
  `slabEscortRate` float DEFAULT NULL,
  `tripEscortRate` float DEFAULT NULL,
  `mapEscortRate` float DEFAULT NULL,
  `mobileEscortRate` float DEFAULT NULL,
  `templateEscortRate` float DEFAULT NULL,
  `classicEscortRate` float DEFAULT NULL,
  PRIMARY KEY (`tripId`)
) ENGINE=InnoDB DEFAULT CHARSET=utf8;
/*!40101 SET character_set_client = @saved_cs_client */;

--
-- Dumping data for table `td_billing_args`
--

LOCK TABLES `td_billing_args` WRITE;
/*!40000 ALTER TABLE `td_billing_args` DISABLE KEYS */;
INSERT INTO `td_billing_args` VALUES (137,NULL,NULL,NULL,NULL,NULL,NULL,NULL,NULL,NULL,NULL,NULL,NULL,NULL,NULL,NULL,NULL,NULL,NULL,NULL,NULL,NULL,NULL,NULL),(138,NULL,NULL,NULL,NULL,NULL,NULL,NULL,NULL,NULL,NULL,NULL,NULL,NULL,NULL,NULL,NULL,NULL,NULL,NULL,NULL,NULL,NULL,NULL),(141,NULL,NULL,NULL,NULL,NULL,NULL,NULL,NULL,NULL,NULL,NULL,NULL,NULL,NULL,NULL,NULL,NULL,NULL,NULL,NULL,NULL,NULL,NULL),(142,NULL,NULL,NULL,NULL,NULL,NULL,NULL,NULL,NULL,NULL,NULL,NULL,NULL,NULL,NULL,NULL,NULL,NULL,NULL,NULL,NULL,NULL,NULL);
/*!40000 ALTER TABLE `td_billing_args` ENABLE KEYS */;
UNLOCK TABLES;

--
-- Table structure for table `temp_rv`
--

DROP TABLE IF EXISTS `temp_rv`;
/*!40101 SET @saved_cs_client     = @@character_set_client */;
/*!40101 SET character_set_client = utf8 */;
CREATE TABLE `temp_rv` (
  `role` varchar(10) DEFAULT NULL,
  `view` varchar(100) DEFAULT NULL
) ENGINE=InnoDB DEFAULT CHARSET=utf8;
/*!40101 SET character_set_client = @saved_cs_client */;

--
-- Dumping data for table `temp_rv`
--

LOCK TABLES `temp_rv` WRITE;
/*!40000 ALTER TABLE `temp_rv` DISABLE KEYS */;
/*!40000 ALTER TABLE `temp_rv` ENABLE KEYS */;
UNLOCK TABLES;

--
-- Table structure for table `time_of_day`
--

DROP TABLE IF EXISTS `time_of_day`;
/*!40101 SET @saved_cs_client     = @@character_set_client */;
/*!40101 SET character_set_client = utf8 */;
CREATE TABLE `time_of_day` (
  `id` bigint(20) NOT NULL AUTO_INCREMENT,
  `label` varchar(45) DEFAULT NULL,
  `startTime` varchar(45) DEFAULT NULL,
  `endTime` varchar(45) DEFAULT NULL,
  PRIMARY KEY (`id`)
) ENGINE=InnoDB AUTO_INCREMENT=7 DEFAULT CHARSET=utf8;
/*!40101 SET character_set_client = @saved_cs_client */;

--
-- Dumping data for table `time_of_day`
--

LOCK TABLES `time_of_day` WRITE;
/*!40000 ALTER TABLE `time_of_day` DISABLE KEYS */;
INSERT INTO `time_of_day` VALUES (1,'Morning','07:00','10:00'),(2,'Before Nooon','10:01','12:00'),(3,'Noon','12:01','14:00'),(4,'After Noon','14:01','16:00'),(5,'Evening','16:01','19:00'),(6,'Night','19:01',NULL);
/*!40000 ALTER TABLE `time_of_day` ENABLE KEYS */;
UNLOCK TABLES;

--
-- Table structure for table `timesloat`
--

DROP TABLE IF EXISTS `timesloat`;
/*!40101 SET @saved_cs_client     = @@character_set_client */;
/*!40101 SET character_set_client = utf8 */;
CREATE TABLE `timesloat` (
  `id` int(11) NOT NULL AUTO_INCREMENT,
  `startTime` varchar(20) DEFAULT NULL,
  `endTime` varchar(20) DEFAULT NULL,
  `traffic` varchar(20) DEFAULT NULL,
  `speedpkm` double DEFAULT NULL,
  PRIMARY KEY (`id`)
) ENGINE=InnoDB AUTO_INCREMENT=8 DEFAULT CHARSET=utf8;
/*!40101 SET character_set_client = @saved_cs_client */;

--
-- Dumping data for table `timesloat`
--

LOCK TABLES `timesloat` WRITE;
/*!40000 ALTER TABLE `timesloat` DISABLE KEYS */;
INSERT INTO `timesloat` VALUES (1,'00:00','06:59','calm',60),(2,'07:00','08:59','normal',40),(3,'09:00','18:59','peak',30),(4,'19:00','19:59','high peak',20),(5,'20:00','20:59','peak',30),(6,'21:00','21:59','noraml',40),(7,'22:00','23:59','calm',60);
/*!40000 ALTER TABLE `timesloat` ENABLE KEYS */;
UNLOCK TABLES;

--
-- Table structure for table `transport_type`
--

DROP TABLE IF EXISTS `transport_type`;
/*!40101 SET @saved_cs_client     = @@character_set_client */;
/*!40101 SET character_set_client = utf8 */;
CREATE TABLE `transport_type` (
  `id` int(11) DEFAULT NULL,
  `name` varchar(100) NOT NULL,
  `description` varchar(200) DEFAULT NULL,
  `parent` int(11) DEFAULT NULL
) ENGINE=InnoDB DEFAULT CHARSET=utf8;
/*!40101 SET character_set_client = @saved_cs_client */;

--
-- Dumping data for table `transport_type`
--

LOCK TABLES `transport_type` WRITE;
/*!40000 ALTER TABLE `transport_type` DISABLE KEYS */;
INSERT INTO `transport_type` VALUES (1,'General Shift','This is transport in GS',NULL),(3,'Ad hoc Transport','This is transport for ad hoc booking',NULL),(4,'Shuttle Transport','This is transport for shuttle service',NULL);
/*!40000 ALTER TABLE `transport_type` ENABLE KEYS */;
UNLOCK TABLES;

--
-- Table structure for table `transport_type_mapping`
--

DROP TABLE IF EXISTS `transport_type_mapping`;
/*!40101 SET @saved_cs_client     = @@character_set_client */;
/*!40101 SET character_set_client = utf8 */;
CREATE TABLE `transport_type_mapping` (
  `id` int(11) NOT NULL AUTO_INCREMENT,
  `site` int(11) NOT NULL,
  `vendor` int(11) NOT NULL,
  `tran_type` int(11) NOT NULL,
  `fromDate` datetime NOT NULL,
  `toDate` datetime DEFAULT NULL,
  PRIMARY KEY (`id`)
) ENGINE=InnoDB DEFAULT CHARSET=utf8;
/*!40101 SET character_set_client = @saved_cs_client */;

--
-- Dumping data for table `transport_type_mapping`
--

LOCK TABLES `transport_type_mapping` WRITE;
/*!40000 ALTER TABLE `transport_type_mapping` DISABLE KEYS */;
/*!40000 ALTER TABLE `transport_type_mapping` ENABLE KEYS */;
UNLOCK TABLES;

--
-- Table structure for table `trip_based_config`
--

DROP TABLE IF EXISTS `trip_based_config`;
/*!40101 SET @saved_cs_client     = @@character_set_client */;
/*!40101 SET character_set_client = utf8 */;
CREATE TABLE `trip_based_config` (
  `id` bigint(20) NOT NULL AUTO_INCREMENT,
  `billing_type_refId` bigint(20) NOT NULL,
  `vehicle_type` int(11) NOT NULL,
  `distance_constraint` varchar(3) NOT NULL DEFAULT 'No',
  `ac_constraint` varchar(3) NOT NULL DEFAULT 'No',
  `escort_billing_type` varchar(10) NOT NULL DEFAULT 'Flat',
  `escort_billing_rate` float NOT NULL,
  `trip_rate` float DEFAULT NULL,
  `status` varchar(5) DEFAULT 'a',
  PRIMARY KEY (`id`)
) ENGINE=InnoDB AUTO_INCREMENT=3 DEFAULT CHARSET=utf8;
/*!40101 SET character_set_client = @saved_cs_client */;

--
-- Dumping data for table `trip_based_config`
--

LOCK TABLES `trip_based_config` WRITE;
/*!40000 ALTER TABLE `trip_based_config` DISABLE KEYS */;
INSERT INTO `trip_based_config` VALUES (1,2,1,'NO','NO','Varied',90,230,'a'),(2,2,2,'NO','NO','Varied',90,400,'a');
/*!40000 ALTER TABLE `trip_based_config` ENABLE KEYS */;
UNLOCK TABLES;

--
-- Table structure for table `trip_details`
--

DROP TABLE IF EXISTS `trip_details`;
/*!40101 SET @saved_cs_client     = @@character_set_client */;
/*!40101 SET character_set_client = utf8 */;
CREATE TABLE `trip_details` (
  `id` bigint(20) NOT NULL AUTO_INCREMENT,
  `trip_code` varchar(100) DEFAULT NULL,
  `siteId` int(11) DEFAULT NULL,
  `trip_date` datetime DEFAULT NULL,
  `trip_time` varchar(50) DEFAULT NULL,
  `trip_log` varchar(5) DEFAULT NULL,
  `routeId` int(11) DEFAULT NULL,
  `vehicle_type` int(11) DEFAULT NULL,
  `status` varchar(10) DEFAULT NULL,
  `security_status` varchar(5) DEFAULT NULL,
  `distance` double DEFAULT NULL,
  `travelTime` varchar(20) DEFAULT NULL,
  `destinationLandmark` int(11) DEFAULT NULL,
  `preTripId` bigint(20) DEFAULT '0',
  `distanceFromPreTrip` double DEFAULT '0',
  `vehicle` int(11) DEFAULT NULL,
  `routingType` varchar(5) DEFAULT NULL,
  `driverPswd` varchar(100) DEFAULT NULL,
  `driverId` varchar(15) DEFAULT NULL,
  `escortId` bigint(20) DEFAULT NULL,
  `escortPswd` varchar(200) DEFAULT NULL,
  PRIMARY KEY (`id`)
) ENGINE=InnoDB AUTO_INCREMENT=149 DEFAULT CHARSET=utf8;
/*!40101 SET character_set_client = @saved_cs_client */;

--
-- Dumping data for table `trip_details`
--

LOCK TABLES `trip_details` WRITE;
/*!40000 ALTER TABLE `trip_details` DISABLE KEYS */;
INSERT INTO `trip_details` VALUES (1,'290713P001',1,'2013-07-29 00:00:00','10:00','IN',35,2,'saved','NO',5.4660006,'11.0',NULL,0,0,15,'o',NULL,NULL,NULL,NULL),(2,'290713P002',1,'2013-07-29 00:00:00','10:00','IN',11,1,'saved','NO',15.377,'31.0',NULL,0,0,7,'o',NULL,NULL,NULL,NULL),(3,'3',1,'2013-07-29 00:00:00','11:00','IN',35,1,'routed','NO',2.657,'5.0',NULL,0,0,NULL,'o',NULL,NULL,NULL,NULL),(4,'4',1,'2013-07-29 00:00:00','15:00','IN',35,1,'routed','NO',2.63,'5.0',NULL,0,0,NULL,'o',NULL,NULL,NULL,NULL),(5,'5',1,'2013-07-29 00:00:00','09:00','IN',35,1,'routed','NO',3.298,'7.0',NULL,0,0,NULL,'o',NULL,NULL,NULL,NULL),(6,'6',1,'2013-07-29 00:00:00','20:00','OUT',35,2,'routed','YES',5.466,'11.0',NULL,0,0,NULL,'o',NULL,NULL,NULL,NULL),(7,'7',1,'2013-07-29 00:00:00','20:00','OUT',11,1,'routed','YES',15.377,'31.0',NULL,0,0,NULL,'o',NULL,NULL,NULL,NULL),(8,'8',1,'2013-07-29 00:00:00','19:00','OUT',35,1,'routed','NO',2.63,'8.0',NULL,0,0,NULL,'o',NULL,NULL,NULL,NULL),(9,'9',1,'2013-07-29 00:00:00','17:00','OUT',35,1,'routed','NO',3.298,'7.0',NULL,0,0,NULL,'o',NULL,NULL,NULL,NULL),(10,'300813P001',1,'2013-08-30 00:00:00','07:00','IN',35,1,'saved','NO',2.657,'4.0',NULL,0,0,NULL,'o',NULL,NULL,NULL,NULL),(11,'300813P002',1,'2013-08-30 00:00:00','07:00','IN',35,1,'saved','NO',3.6990001,'6.0',NULL,0,0,NULL,'o',NULL,NULL,NULL,NULL),(12,'300813P003',1,'2013-08-30 00:00:00','07:00','IN',11,1,'saved','NO',15.377,'23.0',NULL,0,0,NULL,'o',NULL,NULL,NULL,NULL),(13,'300813P004',1,'2013-08-30 00:00:00','07:00','IN',35,1,'saved','NO',2.63,'4.0',NULL,0,0,NULL,'o',NULL,NULL,NULL,NULL),(24,'1',1,'2013-09-13 00:00:00','07:00','IN',35,2,'routed','NO',5.4660006,'9.0',NULL,0,0,1,'o',NULL,NULL,NULL,NULL),(25,'2',1,'2013-09-13 00:00:00','07:00','IN',11,1,'routed','NO',15.377,'23.0',NULL,0,0,7,'o',NULL,NULL,NULL,NULL),(26,'3',1,'2013-09-13 00:00:00','07:00','IN',35,1,'routed','NO',2.63,'4.0',NULL,0,0,15,'o',NULL,NULL,NULL,NULL),(27,'4',1,'2013-09-13 00:00:00','16:00','OUT',35,2,'routed','NO',5.466,'11.0',NULL,0,0,6,'o',NULL,NULL,NULL,NULL),(28,'5',1,'2013-09-13 00:00:00','16:00','OUT',11,1,'routed','NO',15.377,'31.0',NULL,0,0,NULL,'o',NULL,NULL,NULL,NULL),(29,'6',1,'2013-09-13 00:00:00','16:00','OUT',35,1,'routed','NO',2.63,'5.0',NULL,0,0,NULL,'o',NULL,NULL,NULL,NULL),(36,'1',1,'2013-09-19 00:00:00','07:00','IN',35,2,'routed','NO',5.4660006,'9.0',NULL,0,0,7,'o',NULL,NULL,NULL,NULL),(37,'2',1,'2013-09-19 00:00:00','07:00','IN',11,1,'routed','NO',15.377,'23.0',NULL,0,0,6,'o',NULL,NULL,NULL,NULL),(38,'3',1,'2013-09-19 00:00:00','07:00','IN',35,1,'routed','NO',2.63,'4.0',NULL,0,0,15,'o',NULL,NULL,NULL,NULL),(39,'4',1,'2013-09-19 00:00:00','16:00','OUT',35,2,'routed','NO',5.466,'11.0',NULL,0,0,15,'o',NULL,NULL,NULL,NULL),(40,'5',1,'2013-09-19 00:00:00','16:00','OUT',11,1,'routed','NO',15.377,'31.0',NULL,0,0,6,'o',NULL,NULL,NULL,NULL),(41,'6',1,'2013-09-19 00:00:00','16:00','OUT',35,1,'routed','NO',2.63,'5.0',NULL,0,0,7,'o',NULL,NULL,NULL,NULL),(42,'020913P001',1,'2013-09-02 00:00:00','07:00','IN',35,1,'saved','NO',2.657,'4.0',NULL,0,0,1,'o',NULL,NULL,NULL,NULL),(43,'020913P002',1,'2013-09-02 00:00:00','07:00','IN',35,1,'saved','NO',3.6990001,'6.0',NULL,0,0,6,'o',NULL,NULL,NULL,NULL),(44,'020913P003',1,'2013-09-02 00:00:00','07:00','IN',11,1,'saved','NO',15.377,'23.0',NULL,0,0,1,'o',NULL,NULL,NULL,NULL),(45,'020913P004',1,'2013-09-02 00:00:00','07:00','IN',35,1,'saved','NO',2.63,'4.0',NULL,0,0,1,'o',NULL,NULL,NULL,NULL),(46,'020913D001',1,'2013-09-02 00:00:00','16:00','OUT',35,1,'saved','NO',2.657,'5.0',NULL,0,0,7,'o',NULL,NULL,NULL,NULL),(47,'020913D002',1,'2013-09-02 00:00:00','16:00','OUT',35,1,'saved','NO',3.6990001,'7.0',NULL,0,0,1,'o',NULL,NULL,NULL,NULL),(48,'020913D003',1,'2013-09-02 00:00:00','16:00','OUT',11,1,'saved','NO',15.377,'31.0',NULL,0,0,15,'o',NULL,NULL,NULL,NULL),(49,'020913D004',1,'2013-09-02 00:00:00','16:00','OUT',35,1,'saved','NO',2.63,'5.0',NULL,0,0,1,'o',NULL,NULL,NULL,NULL),(50,'090913P001',1,'2013-09-09 00:00:00','07:00','IN',35,1,'saved','NO',2.657,'4.0',NULL,0,0,7,'o',NULL,NULL,NULL,NULL),(51,'090913P002',1,'2013-09-09 00:00:00','07:00','IN',35,1,'saved','NO',3.6990001,'6.0',NULL,0,0,1,'o',NULL,NULL,NULL,NULL),(52,'090913P003',1,'2013-09-09 00:00:00','07:00','IN',11,1,'saved','NO',15.377,'23.0',NULL,0,0,1,'o',NULL,NULL,NULL,NULL),(53,'090913P004',1,'2013-09-09 00:00:00','07:00','IN',35,1,'saved','NO',2.63,'4.0',NULL,0,0,1,'o',NULL,NULL,NULL,NULL),(54,'090913D001',1,'2013-09-09 00:00:00','16:00','OUT',35,1,'saved','NO',2.657,'5.0',NULL,0,0,1,'o',NULL,NULL,NULL,NULL),(55,'090913D002',1,'2013-09-09 00:00:00','16:00','OUT',35,1,'saved','NO',3.6990001,'7.0',NULL,0,0,1,'o',NULL,NULL,NULL,NULL),(56,'090913D003',1,'2013-09-09 00:00:00','16:00','OUT',11,1,'saved','NO',15.377,'31.0',NULL,0,0,4,'o',NULL,NULL,NULL,NULL),(57,'090913D004',1,'2013-09-09 00:00:00','16:00','OUT',35,1,'saved','NO',2.63,'5.0',NULL,0,0,1,'o',NULL,NULL,NULL,NULL),(58,'160913P001',1,'2013-09-16 00:00:00','07:00','IN',35,1,'saved','NO',2.657,'4.0',NULL,0,0,15,'o',NULL,NULL,NULL,NULL),(59,'160913P002',1,'2013-09-16 00:00:00','07:00','IN',35,1,'saved','NO',3.6990001,'6.0',NULL,0,0,6,'o',NULL,NULL,NULL,NULL),(60,'160913P003',1,'2013-09-16 00:00:00','07:00','IN',11,1,'saved','NO',15.377,'23.0',NULL,0,0,1,'o',NULL,NULL,NULL,NULL),(61,'160913P004',1,'2013-09-16 00:00:00','07:00','IN',35,1,'saved','NO',2.63,'4.0',NULL,0,0,1,'o',NULL,NULL,NULL,NULL),(62,'160913D001',1,'2013-09-16 00:00:00','16:00','OUT',35,1,'saved','NO',2.657,'5.0',NULL,0,0,1,'o',NULL,NULL,NULL,NULL),(63,'160913D002',1,'2013-09-16 00:00:00','16:00','OUT',35,1,'saved','NO',3.6990001,'7.0',NULL,0,0,7,'o',NULL,NULL,NULL,NULL),(64,'160913D003',1,'2013-09-16 00:00:00','16:00','OUT',11,1,'saved','NO',15.377,'31.0',NULL,0,0,1,'o',NULL,NULL,NULL,NULL),(65,'160913D004',1,'2013-09-16 00:00:00','16:00','OUT',35,1,'saved','NO',2.63,'5.0',NULL,0,0,7,'o',NULL,NULL,NULL,NULL),(68,'081013P001',1,'2013-10-08 00:00:00','06:00','IN',35,2,'saved','NO',5.4660006,'6.0',NULL,0,0,15,'o','yaog3','2',NULL,NULL),(69,'081013P002',1,'2013-10-08 00:00:00','06:00','IN',11,1,'saved','NO',15.377,'15.0',NULL,0,0,1,'o','3xp88',NULL,NULL,NULL),(70,'081013P003',1,'2013-10-08 00:00:00','06:00','IN',35,1,'saved','NO',2.63,'3.0',NULL,0,0,1,'o','rg4o1',NULL,NULL,NULL),(71,'111013P001',1,'2013-10-11 00:00:00','06:00','IN',35,2,'saved','NO',5.4660006,'6.0',NULL,0,0,5,'o','orrmg','4',NULL,NULL),(72,'111013P002',1,'2013-10-11 00:00:00','06:00','IN',11,1,'saved','NO',15.377,'15.0',NULL,0,0,3,'o','6e0tr','2',NULL,NULL),(73,'111013P003',1,'2013-10-11 00:00:00','06:00','IN',35,1,'saved','NO',2.63,'3.0',NULL,0,0,7,'o','ual2w','1',NULL,NULL),(74,'4',1,'2013-10-11 00:00:00','17:00','OUT',35,2,'routed','NO',5.466,'11.0',NULL,0,0,NULL,'o',NULL,NULL,NULL,NULL),(75,'5',1,'2013-10-11 00:00:00','17:00','OUT',11,1,'routed','NO',15.377,'31.0',NULL,0,0,NULL,'o',NULL,NULL,NULL,NULL),(76,'6',1,'2013-10-11 00:00:00','17:00','OUT',35,1,'routed','NO',2.63,'5.0',NULL,0,0,NULL,'o',NULL,NULL,NULL,NULL),(77,'151013P001',1,'2013-10-15 00:00:00','06:00','OUT',35,3,'saved','NO',5.4660006,'6.0',NULL,0,0,NULL,'o',NULL,NULL,NULL,NULL),(78,'151013P002',1,'2013-10-15 00:00:00','06:00','IN',11,1,'saved','NO',15.377,'15.0',NULL,0,0,NULL,'o',NULL,NULL,NULL,NULL),(79,'151013D001',1,'2013-10-15 00:00:00','17:00','OUT',35,3,'saved','NO',5.466,'11.0',NULL,0,0,NULL,'o',NULL,NULL,NULL,NULL),(80,'151013D002',1,'2013-10-15 00:00:00','17:00','OUT',11,1,'saved','NO',15.377,'31.0',NULL,0,0,NULL,'o',NULL,NULL,NULL,NULL),(81,'161013P001',1,'2013-10-16 00:00:00','06:00','IN',35,2,'saved','NO',5.4660006,'6.0',NULL,0,0,NULL,'o',NULL,NULL,NULL,NULL),(82,'161013P002',1,'2013-10-16 00:00:00','06:00','IN',11,1,'saved','NO',15.377,'15.0',NULL,0,0,NULL,'o',NULL,NULL,NULL,NULL),(83,'161013P003',1,'2013-10-16 00:00:00','06:00','IN',35,1,'saved','NO',2.63,'3.0',NULL,0,0,NULL,'o',NULL,NULL,NULL,NULL),(84,'161013D001',1,'2013-10-16 00:00:00','17:00','OUT',35,2,'saved','NO',5.466,'11.0',NULL,0,0,NULL,'o',NULL,NULL,NULL,NULL),(85,'161013D002',1,'2013-10-16 00:00:00','17:00','OUT',11,1,'saved','NO',15.377,'31.0',NULL,0,0,NULL,'o',NULL,NULL,NULL,NULL),(86,'161013D003',1,'2013-10-16 00:00:00','17:00','OUT',35,1,'saved','NO',2.63,'5.0',NULL,0,0,NULL,'o',NULL,NULL,NULL,NULL),(87,'171013P001',1,'2013-10-17 00:00:00','06:00','IN',35,2,'saved','NO',5.4660006,'6.0',NULL,0,0,NULL,'o',NULL,NULL,NULL,NULL),(88,'171013P002',1,'2013-10-17 00:00:00','06:00','IN',11,1,'saved','NO',15.377,'15.0',NULL,0,0,NULL,'o',NULL,NULL,NULL,NULL),(89,'171013P003',1,'2013-10-17 00:00:00','06:00','IN',35,1,'saved','NO',2.63,'3.0',NULL,0,0,NULL,'o',NULL,NULL,NULL,NULL),(90,'4',1,'2013-10-17 00:00:00','17:00','OUT',35,2,'routed','NO',5.466,'11.0',NULL,0,0,NULL,'o',NULL,NULL,NULL,NULL),(91,'5',1,'2013-10-17 00:00:00','17:00','OUT',11,1,'routed','NO',15.377,'31.0',NULL,0,0,NULL,'o',NULL,NULL,NULL,NULL),(92,'6',1,'2013-10-17 00:00:00','17:00','OUT',35,1,'routed','NO',2.63,'5.0',NULL,0,0,NULL,'o',NULL,NULL,NULL,NULL),(93,'1',1,'2013-10-18 00:00:00','06:00','IN',35,2,'routed','NO',5.4660006,'6.0',NULL,0,0,NULL,'o',NULL,NULL,NULL,NULL),(94,'2',1,'2013-10-18 00:00:00','06:00','IN',11,1,'routed','NO',15.377,'15.0',NULL,0,0,NULL,'o',NULL,NULL,NULL,NULL),(95,'3',1,'2013-10-18 00:00:00','06:00','IN',35,1,'routed','NO',2.63,'3.0',NULL,0,0,NULL,'o',NULL,NULL,NULL,NULL),(96,'181013D001',1,'2013-10-18 00:00:00','17:00','OUT',35,2,'saved','NO',5.466,'11.0',NULL,0,0,5,'o','81xxn','4',NULL,NULL),(97,'181013D002',1,'2013-10-18 00:00:00','17:00','OUT',11,1,'saved','NO',15.377,'31.0',NULL,0,0,3,'o','lfe0d','2',NULL,NULL),(98,'181013D003',1,'2013-10-18 00:00:00','17:00','OUT',35,1,'saved','NO',2.63,'5.0',NULL,0,0,7,'o','z5zjo','1',NULL,NULL),(99,'221013P004',1,'2013-10-22 00:00:00','06:00','IN',35,2,'saved','NO',5.4660006,'6.0',NULL,0,0,NULL,'o',NULL,NULL,NULL,NULL),(100,'221013P005',1,'2013-10-22 00:00:00','06:00','IN',11,1,'saved','NO',15.377,'15.0',NULL,0,0,NULL,'o',NULL,NULL,NULL,NULL),(101,'221013P006',1,'2013-10-22 00:00:00','06:00','IN',35,1,'saved','NO',2.63,'3.0',NULL,0,0,NULL,'o',NULL,NULL,NULL,NULL),(102,'231013P001',1,'2013-10-23 00:00:00','06:00','IN',35,2,'saved','NO',5.4660006,'6.0',NULL,0,0,5,'o','0ziom','4',NULL,NULL),(103,'231013P002',1,'2013-10-23 00:00:00','06:00','IN',11,1,'saved','NO',15.377,'15.0',NULL,0,0,3,'o','qaukp','2',NULL,NULL),(104,'231013P003',1,'2013-10-23 00:00:00','06:00','IN',35,1,'saved','NO',2.63,'3.0',NULL,0,0,7,'o','qwik2','1',NULL,NULL),(105,'231013D001',1,'2013-10-23 00:00:00','17:00','OUT',35,2,'saved','NO',5.466,'11.0',NULL,0,0,15,'o','p81q7','2',NULL,NULL),(106,'231013D002',1,'2013-10-23 00:00:00','17:00','OUT',11,1,'saved','NO',15.377,'31.0',NULL,0,0,7,'o','v105s','1',NULL,NULL),(107,'231013D003',1,'2013-10-23 00:00:00','17:00','OUT',35,1,'saved','NO',2.63,'5.0',NULL,0,0,7,'o','ed89b','1',NULL,NULL),(108,'241013P001',1,'2013-10-24 00:00:00','06:00','IN',35,2,'saved','NO',5.4660006,'6.0',NULL,0,0,5,'o','kx12t','2',NULL,NULL),(109,'241013P002',1,'2013-10-24 00:00:00','06:00','IN',11,1,'saved','NO',15.377,'15.0',NULL,0,0,NULL,'o',NULL,NULL,NULL,NULL),(110,'241013P003',1,'2013-10-24 00:00:00','06:00','IN',35,1,'saved','NO',2.63,'3.0',NULL,0,0,7,'o','e6ow2','1',NULL,NULL),(111,'241013D001',1,'2013-10-24 00:00:00','17:00','OUT',35,2,'saved','NO',5.466,'11.0',NULL,0,0,5,'o','o2qxw','2',NULL,NULL),(112,'241013D002',1,'2013-10-24 00:00:00','17:00','OUT',11,1,'saved','NO',15.377,'31.0',NULL,0,0,7,'o','uhfd4','1',NULL,NULL),(113,'241013D003',1,'2013-10-24 00:00:00','17:00','OUT',35,1,'saved','NO',2.63,'5.0',NULL,0,0,1,'o','7xa3x',NULL,NULL,NULL),(114,'251013P001',1,'2013-10-25 00:00:00','06:00','IN',35,2,'saved','NO',5.4660006,'6.0',NULL,0,0,5,'o','8049','2',NULL,NULL),(115,'251013P002',1,'2013-10-25 00:00:00','06:00','IN',11,1,'saved','NO',15.377,'15.0',NULL,0,0,NULL,'o',NULL,NULL,NULL,NULL),(116,'251013P003',1,'2013-10-25 00:00:00','06:00','IN',35,1,'saved','NO',2.63,'3.0',NULL,0,0,NULL,'o',NULL,NULL,NULL,NULL),(117,'251013D001',1,'2013-10-25 00:00:00','17:00','OUT',35,2,'saved','NO',5.466,'11.0',NULL,0,0,NULL,'o',NULL,NULL,NULL,NULL),(118,'251013D002',1,'2013-10-25 00:00:00','17:00','OUT',11,1,'saved','NO',15.377,'31.0',NULL,0,0,NULL,'o',NULL,NULL,NULL,NULL),(119,'251013D003',1,'2013-10-25 00:00:00','17:00','OUT',35,1,'saved','NO',2.63,'5.0',NULL,0,0,NULL,'o',NULL,NULL,NULL,NULL),(120,'291013P001',1,'2013-10-29 00:00:00','06:00','IN',35,3,'saved','NO',5.4660006,'6.0',NULL,0,0,6,'o','4374','1',NULL,NULL),(121,'291013P002',1,'2013-10-29 00:00:00','06:00','IN',11,1,'saved','NO',15.377,'15.0',NULL,0,0,3,'o','1046','2',NULL,NULL),(122,'291013D001',1,'2013-10-29 00:00:00','17:00','OUT',35,3,'saved','NO',5.466,'11.0',NULL,0,0,6,'o','3964','1',NULL,NULL),(123,'291013D002',1,'2013-10-29 00:00:00','17:00','OUT',11,1,'saved','NO',15.377,'31.0',NULL,0,0,7,'o','8699','1',NULL,NULL),(130,'251113P001',1,'2013-11-25 00:00:00','06:00','IN',35,3,'saved','YES',5.4660006,'6.0',NULL,0,0,NULL,'o',NULL,NULL,NULL,NULL),(131,'251113P002',1,'2013-11-25 00:00:00','06:00','IN',11,1,'saved','YES',15.377,'15.0',NULL,0,0,NULL,'o',NULL,NULL,NULL,NULL),(132,'261113P001',1,'2013-11-26 00:00:00','06:00','IN',35,3,'saved','YES',5.4660006,'6.0',NULL,0,0,6,'o','0020','1',4,'5499'),(133,'261113P002',1,'2013-11-26 00:00:00','06:00','IN',11,1,'saved','YES',15.377,'15.0',NULL,0,0,3,'o','9661','2',2,'1164'),(134,'021213P001',1,'2013-12-02 00:00:00','06:00','IN',35,2,'saved','NO',5.4660006,'6.0',NULL,0,0,5,'o','4950','2',NULL,NULL),(135,'021213P002',1,'2013-12-02 00:00:00','06:00','IN',11,1,'saved','NO',15.377,'15.0',NULL,0,0,NULL,'o',NULL,NULL,NULL,NULL),(136,'021213P003',1,'2013-12-02 00:00:00','06:00','IN',35,1,'saved','NO',2.63,'3.0',NULL,0,0,7,'o','8138','1',NULL,NULL),(137,'090414P001',1,'2014-04-09 00:00:00','07:00','IN',35,2,'saved','NO',5.4660006,'9.0',NULL,0,0,5,'o','1091','2',NULL,NULL),(138,'090414P002',1,'2014-04-09 00:00:00','07:00','IN',11,1,'saved','NO',15.377,'23.0',NULL,0,0,3,'o','0498','2',NULL,NULL),(141,'090414D001',1,'2014-04-09 00:00:00','20:00','OUT',35,2,'saved','YES',5.466,'11.0',NULL,0,0,NULL,'o',NULL,NULL,NULL,NULL),(142,'090414D002',1,'2014-04-09 00:00:00','20:00','OUT',11,1,'saved','YES',15.377,'31.0',NULL,0,0,NULL,'o',NULL,NULL,NULL,NULL),(143,'110414P001',1,'2014-04-11 00:00:00','07:00','IN',35,3,'saved','NO',5.4660006,'8.0',NULL,0,0,6,'o','3126','1',NULL,NULL),(144,'110414P002',1,'2014-04-11 00:00:00','07:00','IN',11,1,'saved','NO',15.377,'23.0',NULL,0,0,3,'o','5914','2',NULL,NULL),(145,'240414P001',1,'2014-04-24 00:00:00','07:00','IN',35,3,'saved','YES',5.4660006,'8.0',NULL,0,0,6,'o','0919','1',NULL,NULL),(146,'240414P002',1,'2014-04-24 00:00:00','07:00','IN',11,1,'saved','NO',15.377,'23.0',NULL,0,0,3,'o','9773','2',NULL,NULL),(147,'3',1,'2014-04-24 00:00:00','20:00','OUT',35,3,'routed','YES',5.466,'11.0',NULL,0,0,NULL,'o',NULL,NULL,NULL,NULL),(148,'4',1,'2014-04-24 00:00:00','20:00','OUT',11,1,'routed','YES',15.377,'31.0',NULL,0,0,NULL,'o',NULL,NULL,NULL,NULL);
/*!40000 ALTER TABLE `trip_details` ENABLE KEYS */;
UNLOCK TABLES;

--
-- Table structure for table `trip_details_child`
--

DROP TABLE IF EXISTS `trip_details_child`;
/*!40101 SET @saved_cs_client     = @@character_set_client */;
/*!40101 SET character_set_client = utf8 */;
CREATE TABLE `trip_details_child` (
  `tripId` bigint(20) NOT NULL,
  `employeeId` bigint(20) NOT NULL,
  `routedOrder` int(11) DEFAULT NULL,
  `landmarkId` int(11) DEFAULT NULL,
  `status` varchar(5) DEFAULT NULL,
  `time` varchar(20) DEFAULT NULL,
  `dist` double DEFAULT NULL,
  `scheduleId` bigint(20) DEFAULT NULL,
  PRIMARY KEY (`tripId`,`employeeId`)
) ENGINE=InnoDB DEFAULT CHARSET=utf8;
/*!40101 SET character_set_client = @saved_cs_client */;

--
-- Dumping data for table `trip_details_child`
--

LOCK TABLES `trip_details_child` WRITE;
/*!40000 ALTER TABLE `trip_details_child` DISABLE KEYS */;
INSERT INTO `trip_details_child` VALUES (1,9,4,34,NULL,'2.0',1.069,1),(1,12,2,21,NULL,'0.0',0,4),(1,13,1,21,NULL,'5.0',0,5),(1,16,3,25,NULL,'4.0',1.767,7),(2,10,1,37,NULL,'31.0',0,2),(2,14,2,37,NULL,'0.0',0,6),(3,11,1,21,NULL,'5.0',0,3),(4,17,1,34,NULL,'5.0',0,8),(5,8,1,25,NULL,'7.0',0,10),(6,9,1,34,NULL,'5.0',2.63,1),(6,11,4,21,NULL,'0.0',0,3),(6,12,3,21,NULL,'4.0',1.767,4),(6,13,5,21,NULL,'0.0',0,5),(6,16,2,25,NULL,'2.0',1.069,7),(7,10,2,37,NULL,'0.0',0,2),(7,14,1,37,NULL,'31.0',15.377,6),(8,17,1,34,NULL,'8.0',2.63,8),(9,8,1,25,NULL,'7.0',3.298,10),(10,11,2,21,NULL,'0.0',0,23),(10,12,3,21,NULL,'0.0',0,24),(10,13,1,21,NULL,'4.0',0,25),(11,8,2,25,NULL,'0.0',0,20),(11,16,1,25,NULL,'4.0',0,27),(11,17,3,34,NULL,'2.0',1.069,28),(12,10,1,37,NULL,'23.0',0,22),(12,14,2,37,NULL,'0.0',0,26),(13,9,1,34,NULL,'4.0',0,21),(24,8,5,25,NULL,'0.0',0,20),(24,11,2,21,NULL,'0.0',0,23),(24,12,3,21,NULL,'0.0',0,24),(24,13,1,21,NULL,'4.0',0,25),(24,16,4,25,NULL,'3.0',1.767,27),(24,17,6,34,NULL,'2.0',1.069,28),(25,10,1,37,NULL,'23.0',0,22),(25,14,2,37,NULL,'0.0',0,26),(26,9,1,34,NULL,'4.0',0,21),(27,8,2,25,NULL,'2.0',1.069,20),(27,11,5,21,NULL,'0.0',0,23),(27,12,4,21,NULL,'4.0',1.767,24),(27,13,6,21,NULL,'0.0',0,25),(27,16,3,25,NULL,'0.0',0,27),(27,17,1,34,NULL,'5.0',2.63,28),(28,10,2,37,NULL,'0.0',0,22),(28,14,1,37,NULL,'31.0',15.377,26),(29,9,1,34,NULL,'5.0',2.63,21),(36,8,5,25,NULL,'0.0',0,20),(36,11,2,21,NULL,'0.0',0,23),(36,12,3,21,NULL,'0.0',0,24),(36,13,1,21,NULL,'4.0',0,25),(36,16,4,25,NULL,'3.0',1.767,27),(36,17,6,34,NULL,'2.0',1.069,28),(37,10,1,37,NULL,'23.0',0,22),(37,14,2,37,NULL,'0.0',0,26),(38,9,1,34,NULL,'4.0',0,21),(39,8,2,25,NULL,'2.0',1.069,20),(39,11,5,21,NULL,'0.0',0,23),(39,12,4,21,NULL,'4.0',1.767,24),(39,13,6,21,NULL,'0.0',0,25),(39,16,3,25,NULL,'0.0',0,27),(39,17,1,34,NULL,'5.0',2.63,28),(40,10,2,37,NULL,'0.0',0,22),(40,14,1,37,NULL,'31.0',15.377,26),(41,9,1,34,NULL,'5.0',2.63,21),(42,11,2,21,NULL,'0.0',0,23),(42,12,3,21,NULL,'0.0',0,24),(42,13,1,21,NULL,'4.0',0,25),(43,8,2,25,NULL,'0.0',0,20),(43,16,1,25,NULL,'4.0',0,27),(43,17,3,34,NULL,'2.0',1.069,28),(44,10,1,37,NULL,'23.0',0,22),(44,14,2,37,NULL,'0.0',0,26),(45,9,1,34,NULL,'4.0',0,21),(46,11,2,21,NULL,'0.0',0,23),(46,12,1,21,NULL,'5.0',2.657,24),(46,13,3,21,NULL,'0.0',0,25),(47,8,2,25,NULL,'2.0',1.069,20),(47,16,3,25,NULL,'0.0',0,27),(47,17,1,34,NULL,'5.0',2.63,28),(48,10,2,37,NULL,'0.0',0,22),(48,14,1,37,NULL,'31.0',15.377,26),(49,9,1,34,NULL,'5.0',2.63,21),(50,11,2,21,NULL,'0.0',0,23),(50,12,3,21,NULL,'0.0',0,24),(50,13,1,21,NULL,'4.0',0,25),(51,8,2,25,NULL,'0.0',0,20),(51,16,1,25,NULL,'4.0',0,27),(51,17,3,34,NULL,'2.0',1.069,28),(52,10,1,37,NULL,'23.0',0,22),(52,14,2,37,NULL,'0.0',0,26),(53,9,1,34,NULL,'4.0',0,21),(54,11,2,21,NULL,'0.0',0,23),(54,12,1,21,NULL,'5.0',2.657,24),(54,13,3,21,NULL,'0.0',0,25),(55,8,2,25,NULL,'2.0',1.069,20),(55,16,3,25,NULL,'0.0',0,27),(55,17,1,34,NULL,'5.0',2.63,28),(56,10,2,37,NULL,'0.0',0,22),(56,14,1,37,NULL,'31.0',15.377,26),(57,9,1,34,NULL,'5.0',2.63,21),(58,11,2,21,NULL,'0.0',0,23),(58,12,3,21,NULL,'0.0',0,24),(58,13,1,21,NULL,'4.0',0,25),(59,8,2,25,NULL,'0.0',0,20),(59,16,1,25,NULL,'4.0',0,27),(59,17,3,34,NULL,'2.0',1.069,28),(60,10,1,37,NULL,'23.0',0,22),(60,14,2,37,NULL,'0.0',0,26),(61,9,1,34,NULL,'4.0',0,21),(62,11,2,21,NULL,'0.0',0,23),(62,12,1,21,NULL,'5.0',2.657,24),(62,13,3,21,NULL,'0.0',0,25),(63,8,2,25,NULL,'2.0',1.069,20),(63,16,3,25,NULL,'0.0',0,27),(63,17,1,34,NULL,'5.0',2.63,28),(64,10,2,37,NULL,'0.0',0,22),(64,14,1,37,NULL,'31.0',15.377,26),(65,9,1,34,NULL,'5.0',2.63,21),(68,8,5,25,NULL,'0.0',0,29),(68,11,2,21,NULL,'0.0',0,32),(68,12,3,21,NULL,'0.0',0,33),(68,13,1,21,NULL,'3.0',0,34),(68,16,4,25,NULL,'2.0',1.767,36),(68,17,6,34,NULL,'1.0',1.069,37),(69,10,1,37,NULL,'15.0',0,31),(69,14,2,37,NULL,'0.0',0,35),(70,9,1,34,NULL,'3.0',0,30),(71,8,5,25,NULL,'0.0',0,29),(71,11,2,21,NULL,'0.0',0,32),(71,12,3,21,NULL,'0.0',0,33),(71,13,1,21,NULL,'3.0',0,34),(71,16,4,25,NULL,'2.0',1.767,36),(71,17,6,34,NULL,'1.0',1.069,37),(72,10,1,37,NULL,'15.0',0,31),(72,14,2,37,NULL,'0.0',0,35),(73,9,1,34,NULL,'3.0',0,30),(74,8,2,25,NULL,'2.0',1.069,29),(74,11,5,21,NULL,'0.0',0,32),(74,12,4,21,NULL,'4.0',1.767,33),(74,13,6,21,NULL,'0.0',0,34),(74,16,3,25,NULL,'0.0',0,36),(74,17,1,34,NULL,'5.0',2.63,37),(75,10,2,37,NULL,'0.0',0,31),(75,14,1,37,NULL,'31.0',15.377,35),(76,9,1,34,NULL,'5.0',2.63,30),(77,8,5,25,NULL,'0.0',0,29),(77,9,7,34,NULL,'0.0',0,30),(77,11,2,21,NULL,'0.0',0,32),(77,12,3,21,NULL,'0.0',0,33),(77,13,1,21,NULL,'3.0',0,34),(77,16,4,25,NULL,'2.0',1.767,36),(77,17,6,34,NULL,'1.0',1.069,37),(78,10,1,37,NULL,'15.0',0,31),(78,14,2,37,NULL,'0.0',0,35),(79,8,3,25,NULL,'2.0',1.069,29),(79,9,1,34,NULL,'5.0',2.63,30),(79,11,6,21,NULL,'0.0',0,32),(79,12,5,21,NULL,'4.0',1.767,33),(79,13,7,21,NULL,'0.0',0,34),(79,16,4,25,NULL,'0.0',0,36),(79,17,2,34,NULL,'0.0',0,37),(80,10,2,37,NULL,'0.0',0,31),(80,14,1,37,NULL,'31.0',15.377,35),(81,8,5,25,NULL,'0.0',0,29),(81,11,2,21,NULL,'0.0',0,32),(81,12,3,21,NULL,'0.0',0,33),(81,13,1,21,NULL,'3.0',0,34),(81,16,4,25,NULL,'2.0',1.767,36),(81,17,6,34,NULL,'1.0',1.069,37),(82,10,1,37,NULL,'15.0',0,31),(82,14,2,37,NULL,'0.0',0,35),(83,9,1,34,NULL,'3.0',0,30),(84,8,2,25,NULL,'2.0',1.069,29),(84,11,5,21,NULL,'0.0',0,32),(84,12,4,21,NULL,'4.0',1.767,33),(84,13,6,21,NULL,'0.0',0,34),(84,16,3,25,NULL,'0.0',0,36),(84,17,1,34,NULL,'5.0',2.63,37),(85,10,2,37,NULL,'0.0',0,31),(85,14,1,37,NULL,'31.0',15.377,35),(86,9,1,34,NULL,'5.0',2.63,30),(87,8,5,25,NULL,'0.0',0,29),(87,11,2,21,NULL,'0.0',0,32),(87,12,3,21,NULL,'0.0',0,33),(87,13,1,21,NULL,'3.0',0,34),(87,16,4,25,NULL,'2.0',1.767,36),(87,17,6,34,NULL,'1.0',1.069,37),(88,10,1,37,NULL,'15.0',0,31),(88,14,2,37,NULL,'0.0',0,35),(89,9,1,34,NULL,'3.0',0,30),(90,8,2,25,NULL,'2.0',1.069,29),(90,11,5,21,NULL,'0.0',0,32),(90,12,4,21,NULL,'4.0',1.767,33),(90,13,6,21,NULL,'0.0',0,34),(90,16,3,25,NULL,'0.0',0,36),(90,17,1,34,NULL,'5.0',2.63,37),(91,10,2,37,NULL,'0.0',0,31),(91,14,1,37,NULL,'31.0',15.377,35),(92,9,1,34,NULL,'5.0',2.63,30),(93,8,5,25,NULL,'0.0',0,29),(93,11,2,21,NULL,'0.0',0,32),(93,12,3,21,NULL,'0.0',0,33),(93,13,1,21,NULL,'3.0',0,34),(93,16,4,25,NULL,'2.0',1.767,36),(93,17,6,34,NULL,'1.0',1.069,37),(94,10,1,37,NULL,'15.0',0,31),(94,14,2,37,NULL,'0.0',0,35),(95,9,1,34,NULL,'3.0',0,30),(96,8,2,25,NULL,'2.0',1.069,29),(96,11,5,21,NULL,'0.0',0,32),(96,12,4,21,NULL,'4.0',1.767,33),(96,13,6,21,NULL,'0.0',0,34),(96,16,3,25,NULL,'0.0',0,36),(96,17,1,34,NULL,'5.0',2.63,37),(97,10,2,37,NULL,'0.0',0,31),(97,14,1,37,NULL,'31.0',15.377,35),(98,9,1,34,NULL,'5.0',2.63,30),(99,8,5,25,NULL,'0.0',0,29),(99,11,2,21,NULL,'0.0',0,32),(99,12,3,21,NULL,'0.0',0,33),(99,13,1,21,NULL,'3.0',0,34),(99,16,4,25,NULL,'2.0',1.767,36),(99,17,6,34,NULL,'1.0',1.069,37),(100,10,1,37,NULL,'15.0',0,31),(100,14,2,37,NULL,'0.0',0,35),(101,9,1,34,NULL,'3.0',0,30),(102,8,5,25,NULL,'0.0',0,29),(102,11,2,21,NULL,'0.0',0,32),(102,12,3,21,NULL,'0.0',0,33),(102,13,1,21,NULL,'3.0',0,34),(102,16,4,25,NULL,'2.0',1.767,36),(102,17,6,34,NULL,'1.0',1.069,37),(103,10,1,37,NULL,'15.0',0,31),(103,14,2,37,NULL,'0.0',0,35),(104,9,1,34,NULL,'3.0',0,30),(105,8,2,25,NULL,'2.0',1.069,29),(105,11,5,21,NULL,'0.0',0,32),(105,12,4,21,NULL,'4.0',1.767,33),(105,13,6,21,NULL,'0.0',0,34),(105,16,3,25,NULL,'0.0',0,36),(105,17,1,34,NULL,'5.0',2.63,37),(106,10,2,37,NULL,'0.0',0,31),(106,14,1,37,NULL,'31.0',15.377,35),(107,9,1,34,NULL,'5.0',2.63,30),(108,8,5,25,NULL,'0.0',0,29),(108,11,2,21,NULL,'0.0',0,32),(108,12,3,21,NULL,'0.0',0,33),(108,13,1,21,NULL,'3.0',0,34),(108,16,4,25,NULL,'2.0',1.767,36),(108,17,6,34,NULL,'1.0',1.069,37),(109,10,1,37,NULL,'15.0',0,31),(109,14,2,37,NULL,'0.0',0,35),(110,9,1,34,NULL,'3.0',0,30),(111,8,2,25,NULL,'2.0',1.069,29),(111,11,5,21,NULL,'0.0',0,32),(111,12,4,21,NULL,'4.0',1.767,33),(111,13,6,21,NULL,'0.0',0,34),(111,16,3,25,NULL,'0.0',0,36),(111,17,1,34,NULL,'5.0',2.63,37),(112,10,2,37,NULL,'0.0',0,31),(112,14,1,37,NULL,'31.0',15.377,35),(113,9,1,34,NULL,'5.0',2.63,30),(114,8,5,25,NULL,'0.0',0,29),(114,11,2,21,NULL,'0.0',0,32),(114,12,3,21,NULL,'0.0',0,33),(114,13,1,21,NULL,'3.0',0,34),(114,16,4,25,NULL,'2.0',1.767,36),(114,17,6,34,NULL,'1.0',1.069,37),(115,10,1,37,NULL,'15.0',0,31),(115,14,2,37,NULL,'0.0',0,35),(116,9,1,34,NULL,'3.0',0,30),(117,8,2,25,NULL,'2.0',1.069,29),(117,11,5,21,NULL,'0.0',0,32),(117,12,4,21,NULL,'4.0',1.767,33),(117,13,6,21,NULL,'0.0',0,34),(117,16,3,25,NULL,'0.0',0,36),(117,17,1,34,NULL,'5.0',2.63,37),(118,10,2,37,NULL,'0.0',0,31),(118,14,1,37,NULL,'31.0',15.377,35),(119,9,1,34,NULL,'5.0',2.63,30),(120,8,5,25,NULL,'0.0',0,29),(120,9,7,34,NULL,'0.0',0,30),(120,11,2,21,NULL,'0.0',0,32),(120,12,3,21,NULL,'0.0',0,33),(120,13,1,21,NULL,'3.0',0,34),(120,16,4,25,NULL,'2.0',1.767,36),(120,17,6,34,NULL,'1.0',1.069,37),(121,10,1,37,NULL,'15.0',0,31),(121,14,2,37,NULL,'0.0',0,35),(122,8,3,25,NULL,'2.0',1.069,29),(122,9,1,34,NULL,'5.0',2.63,30),(122,11,6,21,NULL,'0.0',0,32),(122,12,5,21,NULL,'4.0',1.767,33),(122,13,7,21,NULL,'0.0',0,34),(122,16,4,25,NULL,'0.0',0,36),(122,17,2,34,NULL,'0.0',0,37),(123,10,2,37,NULL,'0.0',0,31),(123,14,1,37,NULL,'31.0',15.377,35),(130,8,5,25,NULL,'0.0',0,38),(130,9,7,34,NULL,'0.0',0,39),(130,11,2,21,NULL,'0.0',0,41),(130,12,3,21,NULL,'0.0',0,42),(130,13,1,21,NULL,'3.0',0,43),(130,16,4,25,NULL,'2.0',1.767,45),(130,17,6,34,NULL,'1.0',1.069,46),(131,10,1,37,NULL,'15.0',0,40),(131,14,2,37,NULL,'0.0',0,44),(132,8,5,25,NULL,'0.0',0,38),(132,9,7,34,NULL,'0.0',0,39),(132,11,2,21,NULL,'0.0',0,41),(132,12,3,21,NULL,'0.0',0,42),(132,13,1,21,NULL,'3.0',0,43),(132,16,4,25,NULL,'2.0',1.767,45),(132,17,6,34,NULL,'1.0',1.069,46),(133,10,1,37,NULL,'15.0',0,40),(133,14,2,37,NULL,'0.0',0,44),(134,8,5,25,NULL,'0.0',0,38),(134,11,2,21,NULL,'0.0',0,41),(134,12,3,21,NULL,'0.0',0,42),(134,13,1,21,NULL,'3.0',0,43),(134,16,4,25,NULL,'2.0',1.767,45),(134,17,6,34,NULL,'1.0',1.069,46),(135,10,1,37,NULL,'15.0',0,40),(135,14,2,37,NULL,'0.0',0,44),(136,9,1,34,NULL,'3.0',0,39),(137,8,4,25,NULL,'3.0',1.767,55),(137,9,5,34,NULL,'2.0',1.069,56),(137,11,2,21,NULL,'0.0',0,58),(137,12,3,21,NULL,'0.0',0,59),(137,13,1,21,NULL,'4.0',0,60),(138,10,1,37,NULL,'23.0',0,57),(138,14,2,37,NULL,'0.0',0,61),(141,8,2,25,NULL,'2.0',1.069,55),(141,9,1,34,NULL,'5.0',2.63,56),(141,11,4,21,NULL,'0.0',0,58),(141,12,3,21,NULL,'4.0',1.767,59),(141,13,5,21,NULL,'0.0',0,60),(142,10,2,37,NULL,'0.0',0,57),(142,14,1,37,NULL,'31.0',15.377,61),(143,8,5,25,NULL,'6.0',0,55),(143,9,7,34,NULL,'4.0',0,56),(143,11,2,21,NULL,'8.0',0,58),(143,12,3,21,NULL,'8.0',0,59),(143,13,1,21,NULL,'8.0',0,60),(143,16,4,25,NULL,'6.0',1.767,62),(143,17,6,34,NULL,'4.0',1.069,63),(144,10,1,37,NULL,'23.0',0,57),(144,14,2,37,NULL,'23.0',0,61),(145,8,5,25,NULL,'6.0',0,55),(145,9,7,34,NULL,'4.0',0,56),(145,11,2,21,NULL,'8.0',0,58),(145,12,3,21,NULL,'8.0',0,59),(145,13,1,21,NULL,'8.0',0,60),(145,16,4,25,NULL,'6.0',1.767,62),(145,17,6,34,NULL,'4.0',1.069,63),(146,10,1,37,NULL,'23.0',0,57),(146,14,2,37,NULL,'23.0',0,61),(147,8,3,25,NULL,'2.0',1.069,55),(147,9,1,34,NULL,'5.0',2.63,56),(147,11,6,21,NULL,'0.0',0,58),(147,12,5,21,NULL,'4.0',1.767,59),(147,13,7,21,NULL,'0.0',0,60),(147,16,4,25,NULL,'0.0',0,62),(147,17,2,34,NULL,'0.0',0,63),(148,10,2,37,NULL,'0.0',0,57),(148,14,1,37,NULL,'31.0',15.377,61);
/*!40000 ALTER TABLE `trip_details_child` ENABLE KEYS */;
UNLOCK TABLES;

--
-- Table structure for table `trip_details_modified`
--

DROP TABLE IF EXISTS `trip_details_modified`;
/*!40101 SET @saved_cs_client     = @@character_set_client */;
/*!40101 SET character_set_client = utf8 */;
CREATE TABLE `trip_details_modified` (
  `tripid` bigint(20) NOT NULL,
  `empid` bigint(20) NOT NULL,
  `landmarkId` int(11) DEFAULT NULL,
  `routedOrder` int(11) DEFAULT NULL,
  `status` varchar(10) DEFAULT NULL,
  `scheduleId` bigint(20) DEFAULT NULL,
  `dist` float DEFAULT NULL,
  `time` varchar(15) DEFAULT NULL
) ENGINE=InnoDB DEFAULT CHARSET=utf8;
/*!40101 SET character_set_client = @saved_cs_client */;

--
-- Dumping data for table `trip_details_modified`
--

LOCK TABLES `trip_details_modified` WRITE;
/*!40000 ALTER TABLE `trip_details_modified` DISABLE KEYS */;
/*!40000 ALTER TABLE `trip_details_modified` ENABLE KEYS */;
UNLOCK TABLES;

--
-- Table structure for table `trip_details_removed`
--

DROP TABLE IF EXISTS `trip_details_removed`;
/*!40101 SET @saved_cs_client     = @@character_set_client */;
/*!40101 SET character_set_client = utf8 */;
CREATE TABLE `trip_details_removed` (
  `id` bigint(20) NOT NULL AUTO_INCREMENT,
  `siteid` int(11) DEFAULT NULL,
  `trip_date` datetime DEFAULT NULL,
  `trip_time` varchar(15) DEFAULT NULL,
  `in_out` varchar(5) DEFAULT NULL,
  PRIMARY KEY (`id`)
) ENGINE=InnoDB DEFAULT CHARSET=utf8;
/*!40101 SET character_set_client = @saved_cs_client */;

--
-- Dumping data for table `trip_details_removed`
--

LOCK TABLES `trip_details_removed` WRITE;
/*!40000 ALTER TABLE `trip_details_removed` DISABLE KEYS */;
/*!40000 ALTER TABLE `trip_details_removed` ENABLE KEYS */;
UNLOCK TABLES;

--
-- Table structure for table `tripcomments`
--

DROP TABLE IF EXISTS `tripcomments`;
/*!40101 SET @saved_cs_client     = @@character_set_client */;
/*!40101 SET character_set_client = utf8 */;
CREATE TABLE `tripcomments` (
  `id` int(11) NOT NULL AUTO_INCREMENT,
  `comment` varchar(1000) DEFAULT NULL,
  `commentedBy` int(11) DEFAULT NULL,
  `TripCommentscol` varchar(45) DEFAULT NULL,
  `tripId` bigint(20) DEFAULT NULL,
  `date` datetime DEFAULT NULL,
  PRIMARY KEY (`id`)
) ENGINE=InnoDB AUTO_INCREMENT=22 DEFAULT CHARSET=utf8;
/*!40101 SET character_set_client = @saved_cs_client */;

--
-- Dumping data for table `tripcomments`
--

LOCK TABLES `tripcomments` WRITE;
/*!40000 ALTER TABLE `tripcomments` DISABLE KEYS */;
INSERT INTO `tripcomments` VALUES (1,'',2,NULL,10,'2013-07-10 00:00:00'),(2,'',1,NULL,10,'2013-07-10 00:00:00'),(3,'',2,NULL,2,'2013-07-24 00:00:00'),(4,'',2,NULL,3,'2013-07-24 00:00:00'),(5,'',1,NULL,2,'2013-07-24 00:00:00'),(6,'',1,NULL,3,'2013-07-24 00:00:00'),(7,'',2,NULL,58,'2013-09-12 00:00:00'),(8,'',2,NULL,50,'2013-09-12 00:00:00'),(9,'',2,NULL,46,'2013-09-12 00:00:00'),(10,'',1,NULL,58,'2013-09-12 00:00:00'),(11,'',1,NULL,50,'2013-09-12 00:00:00'),(12,'',1,NULL,46,'2013-09-12 00:00:00'),(13,'',2,NULL,71,'2013-10-17 00:00:00'),(14,'',2,NULL,73,'2013-10-17 00:00:00'),(15,'Me only added employees',2,NULL,68,'2013-10-17 00:00:00'),(16,'Okey',1,NULL,71,'2013-10-17 00:00:00'),(17,'This is not Ok',1,NULL,73,'2013-10-17 00:00:00'),(18,'What ?\r\nNo. You are not allowed to work as you wish.\r\nCome Here and see me.',1,NULL,68,'2013-10-17 00:00:00'),(19,'You have better to accept this trip.\r\nIf I will get it again as rejected you can come here to get bid fair well.',2,NULL,68,'2013-10-17 00:00:00'),(20,'No. Problem.\r\nIt is Okey.\r\nI just gave more importance to my work. that is all.\r\nAnyway. I am approving it.',1,NULL,68,'2013-10-17 00:00:00'),(21,'I have no comment. This is my comment',2,NULL,73,'2013-10-17 00:00:00');
/*!40000 ALTER TABLE `tripcomments` ENABLE KEYS */;
UNLOCK TABLES;

--
-- Table structure for table `triproute`
--

DROP TABLE IF EXISTS `triproute`;
/*!40101 SET @saved_cs_client     = @@character_set_client */;
/*!40101 SET character_set_client = utf8 */;
CREATE TABLE `triproute` (
  `tripId` bigint(20) NOT NULL,
  `position` int(11) NOT NULL,
  `latitude` double DEFAULT NULL,
  `longitude` double DEFAULT NULL,
  PRIMARY KEY (`tripId`,`position`)
) ENGINE=InnoDB DEFAULT CHARSET=utf8;
/*!40101 SET character_set_client = @saved_cs_client */;

--
-- Dumping data for table `triproute`
--

LOCK TABLES `triproute` WRITE;
/*!40000 ALTER TABLE `triproute` DISABLE KEYS */;
/*!40000 ALTER TABLE `triproute` ENABLE KEYS */;
UNLOCK TABLES;

--
-- Table structure for table `tripvendorassign`
--

DROP TABLE IF EXISTS `tripvendorassign`;
/*!40101 SET @saved_cs_client     = @@character_set_client */;
/*!40101 SET character_set_client = utf8 */;
CREATE TABLE `tripvendorassign` (
  `tripId` bigint(20) NOT NULL,
  `vendorId` int(11) DEFAULT NULL,
  `status` varchar(15) DEFAULT 'a',
  `updated` datetime DEFAULT NULL,
  PRIMARY KEY (`tripId`)
) ENGINE=InnoDB DEFAULT CHARSET=utf8;
/*!40101 SET character_set_client = @saved_cs_client */;

--
-- Dumping data for table `tripvendorassign`
--

LOCK TABLES `tripvendorassign` WRITE;
/*!40000 ALTER TABLE `tripvendorassign` DISABLE KEYS */;
INSERT INTO `tripvendorassign` VALUES (1,1,'a',NULL),(2,1,'a',NULL),(10,1,'a',NULL),(11,1,'a',NULL),(12,1,'a',NULL),(42,1,'a',NULL),(43,1,'a',NULL),(44,1,'a',NULL),(45,1,'a',NULL),(46,1,'a',NULL),(47,1,'a',NULL),(48,1,'a',NULL),(49,1,'a',NULL),(50,1,'a',NULL),(51,1,'a',NULL),(52,1,'a',NULL),(53,1,'a',NULL),(54,1,'a',NULL),(55,1,'a',NULL),(56,1,'a',NULL),(57,1,'a',NULL),(58,1,'a',NULL),(59,1,'a',NULL),(60,1,'a',NULL),(61,1,'a',NULL),(62,1,'a',NULL),(63,1,'a',NULL),(64,1,'a',NULL),(65,1,'a',NULL),(68,1,'a',NULL),(69,1,'a',NULL),(70,1,'a',NULL),(71,1,'a',NULL),(72,1,'a',NULL),(73,1,'a',NULL),(77,2,'a',NULL),(78,2,'a',NULL),(79,3,'a',NULL),(80,3,'a',NULL),(81,3,'a',NULL),(82,3,'a',NULL),(83,3,'a',NULL),(84,2,'a',NULL),(85,2,'a',NULL),(86,2,'a',NULL),(96,1,'a',NULL),(97,1,'a',NULL),(98,1,'a',NULL),(99,2,'a',NULL),(100,2,'a',NULL),(101,2,'a',NULL),(102,1,'a',NULL),(103,1,'a',NULL),(104,1,'a',NULL),(105,1,'a',NULL),(106,1,'a',NULL),(107,1,'a',NULL),(108,1,'a',NULL),(109,2,'a',NULL),(110,1,'a',NULL),(111,1,'a',NULL),(112,1,'a',NULL),(113,1,'a',NULL),(114,1,'a',NULL),(115,1,'a',NULL),(116,1,'a',NULL),(117,1,'a',NULL),(118,1,'a',NULL),(119,1,'a',NULL),(120,1,'a',NULL),(121,1,'a',NULL),(122,1,'a',NULL),(123,1,'a',NULL),(130,1,'a',NULL),(131,1,'a',NULL),(132,1,'a',NULL),(133,1,'a',NULL),(134,1,'a',NULL),(135,1,'a',NULL),(136,1,'a',NULL),(137,1,'a',NULL),(138,1,'a',NULL),(141,2,'a',NULL),(142,2,'a',NULL),(143,1,'a',NULL),(144,1,'a',NULL),(145,1,'a',NULL),(146,1,'a',NULL);
/*!40000 ALTER TABLE `tripvendorassign` ENABLE KEYS */;
UNLOCK TABLES;

--
-- Table structure for table `unautherised_requests`
--

DROP TABLE IF EXISTS `unautherised_requests`;
/*!40101 SET @saved_cs_client     = @@character_set_client */;
/*!40101 SET character_set_client = utf8 */;
CREATE TABLE `unautherised_requests` (
  `id` bigint(20) NOT NULL AUTO_INCREMENT,
  `url` int(11) DEFAULT NULL,
  `role` varchar(50) DEFAULT NULL,
  `employeeId` bigint(20) DEFAULT NULL,
  PRIMARY KEY (`id`)
) ENGINE=InnoDB DEFAULT CHARSET=utf8;
/*!40101 SET character_set_client = @saved_cs_client */;

--
-- Dumping data for table `unautherised_requests`
--

LOCK TABLES `unautherised_requests` WRITE;
/*!40000 ALTER TABLE `unautherised_requests` DISABLE KEYS */;
/*!40000 ALTER TABLE `unautherised_requests` ENABLE KEYS */;
UNLOCK TABLES;

--
-- Table structure for table `user_home_page`
--

DROP TABLE IF EXISTS `user_home_page`;
/*!40101 SET @saved_cs_client     = @@character_set_client */;
/*!40101 SET character_set_client = utf8 */;
CREATE TABLE `user_home_page` (
  `id` bigint(20) NOT NULL AUTO_INCREMENT,
  `url` int(11) DEFAULT NULL,
  `role` varchar(50) DEFAULT NULL,
  PRIMARY KEY (`id`)
) ENGINE=InnoDB AUTO_INCREMENT=4 DEFAULT CHARSET=utf8;
/*!40101 SET character_set_client = @saved_cs_client */;

--
-- Dumping data for table `user_home_page`
--

LOCK TABLES `user_home_page` WRITE;
/*!40000 ALTER TABLE `user_home_page` DISABLE KEYS */;
INSERT INTO `user_home_page` VALUES (1,1,'tm'),(2,1,'admin'),(3,3,'hrm');
/*!40000 ALTER TABLE `user_home_page` ENABLE KEYS */;
UNLOCK TABLES;

--
-- Table structure for table `vehicle_km_rate`
--

DROP TABLE IF EXISTS `vehicle_km_rate`;
/*!40101 SET @saved_cs_client     = @@character_set_client */;
/*!40101 SET character_set_client = utf8 */;
CREATE TABLE `vehicle_km_rate` (
  `id` bigint(20) NOT NULL AUTO_INCREMENT,
  `refId` bigint(20) NOT NULL,
  `vehicle_type` int(11) NOT NULL,
  `ratePerKm` float NOT NULL,
  PRIMARY KEY (`id`)
) ENGINE=InnoDB DEFAULT CHARSET=utf8;
/*!40101 SET character_set_client = @saved_cs_client */;

--
-- Dumping data for table `vehicle_km_rate`
--

LOCK TABLES `vehicle_km_rate` WRITE;
/*!40000 ALTER TABLE `vehicle_km_rate` DISABLE KEYS */;
/*!40000 ALTER TABLE `vehicle_km_rate` ENABLE KEYS */;
UNLOCK TABLES;

--
-- Table structure for table `vehicle_position`
--

DROP TABLE IF EXISTS `vehicle_position`;
/*!40101 SET @saved_cs_client     = @@character_set_client */;
/*!40101 SET character_set_client = utf8 */;
CREATE TABLE `vehicle_position` (
  `vehicleId` int(11) NOT NULL,
  `date_time` timestamp NOT NULL DEFAULT CURRENT_TIMESTAMP ON UPDATE CURRENT_TIMESTAMP,
  `lattitude` double DEFAULT NULL,
  `longitude` double DEFAULT NULL,
  `logstatus` varchar(10) DEFAULT NULL,
  `tripId` bigint(20) DEFAULT NULL,
  `status` varchar(10) DEFAULT NULL,
  `id` bigint(20) NOT NULL AUTO_INCREMENT,
  PRIMARY KEY (`id`)
) ENGINE=InnoDB AUTO_INCREMENT=120 DEFAULT CHARSET=utf8;
/*!40101 SET character_set_client = @saved_cs_client */;

--
-- Dumping data for table `vehicle_position`
--

LOCK TABLES `vehicle_position` WRITE;
/*!40000 ALTER TABLE `vehicle_position` DISABLE KEYS */;
INSERT INTO `vehicle_position` VALUES (7,'2013-07-30 09:30:56',12.52006,77.084095,'run',2,'checkedin',4),(7,'2013-07-30 09:34:13',12.52006,77.084095,'danger',2,'checkedin',7),(7,'2013-07-30 10:15:52',12.922,77.8845,'danger',2,'checkedin',8),(7,'2013-08-22 06:48:49',77.422025,12.0840933333333,'danger',2,'checkedin',9),(7,'2013-08-22 12:15:56',77.4220216666667,12.0840966666667,'danger',2,'checkedin',10),(7,'2013-08-22 12:25:15',77.4220216666667,12.0840466666667,'danger',2,'checkedin',11),(7,'2013-08-22 12:31:37',77.4220216666667,12.0840466666667,'danger',2,'checkedin',12),(7,'2013-08-22 12:50:07',77.4220216666667,12.0840466666667,'danger',2,'checkedin',13),(7,'2013-08-22 12:55:47',77.4220266666667,12.084075,'danger',2,'checkedin',14),(7,'2013-08-22 13:01:50',77.422015,12.0840883333333,'danger',2,'checkedin',15),(7,'2013-08-22 13:02:25',77.442015,12.0839983333333,'danger',2,'checkedin',16),(7,'2013-08-22 13:15:52',12.948975,77.6897,'danger',2,'checkedin',17),(7,'2013-08-22 13:48:42',12.954475,77.6824483333333,'danger',2,'checkedin',18),(15,'2013-08-22 13:59:21',12.9534716666667,77.68925,'run',1,'checkedin',19),(15,'2013-08-22 14:00:25',12.95527,77.6896566666667,'run',1,'checkedin',20),(15,'2013-08-22 14:01:29',12.954475,77.6824483333333,'run',1,'checkedin',21),(15,'2013-08-22 15:26:12',12.949415,77.689,'run',1,'checkedin',22),(15,'2013-08-22 15:27:09',12.949415,77.68935,'run',1,'checkedin',23),(15,'2013-08-22 15:28:42',12.95527,77.6896566666667,'run',1,'checkedin',24),(15,'2013-08-22 15:32:53',12.949415,77.6893133333333,'run',1,'checkedin',25),(15,'2013-08-22 15:34:40',12.95527,77.6896566666667,'run',1,'checkedin',26),(15,'2013-08-22 15:51:21',12.949415,77.6893133333333,'run',1,'checkedin',27),(15,'2013-08-22 15:52:15',12.95527,77.6896566666667,'run',1,'checkedin',28),(15,'2013-08-22 15:54:00',12.9544966666667,77.6799583333333,'run',1,'checkedin',29),(15,'2013-08-22 15:55:07',12.9577366666667,77.6726633333333,'run',1,'checkedin',30),(15,'2013-08-22 15:55:39',12.9582183333333,77.6663966666667,'run',1,'checkedin',31),(15,'2013-08-22 15:56:23',12.9593383333333,77.6542583333333,'run',1,'checkedin',32),(15,'2013-08-22 15:56:50',12.9577916666667,77.6539466666667,'run',1,'checkedin',33),(15,'2013-08-22 16:19:49',12.9526566666667,77.65258,'run',1,'checkedin',34),(15,'2013-08-22 16:22:02',12.9475116666667,77.649275,'run',1,'checkedin',35),(15,'2013-08-22 16:32:34',12.9444166666667,77.66438,'run',1,'checkedin',36),(15,'2013-08-28 07:29:58',12.949415,77.6893116666667,'run',1,'checkedin',37),(15,'2013-08-28 11:55:40',12.9494733333333,77.6893716666667,'run',1,'checkedin',38),(15,'2013-09-12 11:48:25',12.9567266666667,77.65402,'run',26,'checkedin',39),(15,'2013-09-12 11:49:20',12.9567616666667,77.65382,'run',26,'checkedin',40),(15,'2013-09-12 11:50:15',12.956255,77.6534816666667,'run',26,'checkedin',41),(15,'2013-09-12 11:53:33',12.9557116666667,77.653355,'run',58,'checkedin',42),(15,'2013-09-12 11:53:56',12.9557116666667,77.6530316666667,'run',58,'checkedin',43),(15,'2013-09-12 11:54:31',12.9531866666667,77.6527216666667,'run',58,'checkedin',44),(15,'2013-09-12 11:54:54',12.9525233333333,77.652565,'run',58,'checkedin',45),(15,'2013-09-12 11:56:50',12.95257,77.6535516666667,'run',58,'checkedin',46),(15,'2013-09-12 11:57:13',12.95268,77.6549833333333,'run',58,'checkedin',47),(7,'2013-09-12 12:31:17',12.95257,77.6535516666667,'run',46,'checkedin',48),(7,'2013-09-12 12:32:53',12.95268,77.6549833333333,'run',46,'checkedin',49),(7,'2013-09-12 12:33:22',12.9527466666667,77.655575,'run',46,'checkedin',50),(7,'2013-09-12 12:34:47',12.95335,77.6556816666667,'run',46,'checkedin',51),(7,'2013-09-12 12:35:26',12.9542316666667,77.6558433333333,'run',46,'checkedin',52),(7,'2013-09-12 12:36:35',12.9542316666667,77.656025,'run',46,'checkedin',53),(7,'2013-09-12 12:36:57',12.9551633333333,77.6562016666667,'run',46,'checkedin',54),(7,'2013-09-12 12:37:52',12.9557316666667,77.6562833333333,'run',46,'checkedin',55),(7,'2013-09-12 12:38:15',12.95672,77.65646,'run',46,'checkedin',56),(7,'2013-09-12 12:45:01',12.95672,77.65646,'run',25,'checkedin',57),(7,'2013-09-12 12:50:07',12.956685,77.6561483333333,'run',50,'checkedin',58),(7,'2013-09-12 12:50:50',12.956595,77.6557366666667,'run',50,'checkedin',59),(7,'2013-09-12 12:51:16',12.956575,77.6550366666667,'run',50,'checkedin',60),(7,'2013-09-12 12:51:55',12.95652,77.6550116666667,'run',50,'checkedin',61),(7,'2013-09-12 12:52:25',12.99052,77.6540116666667,'run',50,'checkedin',62),(7,'2013-09-12 12:59:18',12.9140516666667,77.290285,'run',36,'checkedin',63),(7,'2013-09-12 12:59:55',12.9140516666667,77.295285,'run',36,'checkedin',64),(7,'2013-09-12 13:00:16',12.9140516666667,77.292285,'run',36,'checkedin',65),(7,'2013-09-12 13:00:42',12.9100516666667,77.270285,'run',36,'checkedin',66),(7,'2013-09-12 13:01:13',12.9100183333333,77.2702,'run',36,'checkedin',67),(6,'2013-09-12 13:08:06',12.9100183333333,77.2702,'run',27,'checkedin',68),(6,'2013-09-12 13:08:40',12.9102016666667,77.2700983333333,'run',27,'checkedin',69),(6,'2013-09-12 13:15:17',12.9102016666667,77.2881,'run',27,'checkedin',70),(6,'2013-09-12 13:15:37',12.9198016666667,77.2580983333333,'run',27,'checkedin',71),(6,'2013-09-12 13:17:57',12.9118016666667,77.2580983333333,'run',27,'checkedin',72),(5,'2013-10-11 02:42:35',12.422005,77.084095,'run',71,'checkedin',73),(5,'2013-10-11 02:42:58',12.422705,77.0841933333333,'run',71,'checkedin',74),(5,'2013-10-11 02:43:31',12.472705,77.0841966666667,'run',71,'checkedin',75),(5,'2013-10-11 02:43:43',12.472785,77.0840966666667,'run',71,'checkedin',76),(5,'2013-10-11 02:56:33',12.472755,77.084035,'run',71,'checkedin',77),(5,'2013-10-11 03:18:18',12.472755,77.084635,'run',71,'checkedin',78),(5,'2013-10-11 09:30:16',12.429005,77.089095,'run',71,'checkedin',79),(5,'2013-10-11 09:31:14',12.429705,77.0897933333333,'run',71,'checkedin',80),(5,'2013-10-11 09:31:47',12.455705,77.0867933333333,'run',71,'checkedin',81),(5,'2013-10-14 06:15:05',12.4752,77.0841133333333,'run',71,'checkedin',82),(7,'2013-10-14 06:25:54',12.4755,77.0841033333333,'run',73,'checkedin',83),(7,'2013-10-14 06:26:06',12.4755066666667,77.08999,'run',73,'checkedin',84),(7,'2013-10-14 06:26:46',12.4798066666667,77.0899216666667,'run',73,'checkedin',85),(5,'2013-10-14 07:29:01',12.4792066666667,77.0899216666667,'run',71,'checkedin',86),(15,'2013-10-21 07:16:34',12.432,77.0890916666667,'run',105,'checkedin',87),(15,'2013-10-21 07:17:19',12.4320583333333,77.0890916666667,'run',105,'checkedin',88),(15,'2013-10-21 07:17:37',12.48206,77.0390916666667,'run',105,'checkedin',89),(15,'2013-10-21 07:18:20',12.48226,77.0398916666667,'run',105,'checkedin',90),(15,'2013-10-21 07:23:01',12.4422583333333,77.0392916666667,'run',105,'checkedin',91),(15,'2013-10-21 07:25:41',12.8295433333333,77.684325,'run',105,'checkedin',92),(15,'2013-10-21 07:28:16',13.3506433333333,77.1150966666667,'run',105,'checkedin',93),(15,'2013-10-21 07:29:47',12.8528066666667,74.921265,'run',105,'checkedin',94),(5,'2013-10-23 01:11:14',12.8528066666667,74.921265,'run',102,'checkedin',95),(7,'2013-10-23 14:03:58',10.422005,77.084095,'run',106,'checkedin',96),(7,'2013-10-23 14:08:13',10.422605,77.0840983333333,'run',106,'checkedin',97),(7,'2013-10-23 14:08:36',10.422905,77.0810983333333,'run',106,'checkedin',98),(7,'2013-10-23 14:08:57',10.422905,77.5810983333333,'run',106,'checkedin',99),(7,'2013-10-24 10:16:12',11.056115,74.513045,'run',106,'checkedin',100),(7,'2013-10-24 10:16:58',11.096115,74.563045,'run',106,'checkedin',101),(6,'2013-10-29 12:35:36',13.322005,77.083095,'run',120,'checkedin',102),(6,'2013-10-29 12:35:45',13.362005,77.083015,'run',120,'checkedin',103),(6,'2013-10-29 12:45:01',13.372005,77.033015,'run',120,'checkedin',104),(6,'2013-10-29 12:53:34',13.312005,77.077015,'run',122,'checkedin',105),(6,'2013-10-29 13:03:09',13.312005,77.0987016666667,'run',122,'checkedin',106),(6,'2013-10-29 13:04:49',13.312005,77.0985,'run',122,'checkedin',107),(6,'2013-10-29 13:05:08',12.2005983333333,77.0383983333333,'run',122,'checkedin',108),(6,'2013-10-29 13:09:57',12.2226683333333,77.0300983333333,'run',122,'checkedin',109),(3,'2013-11-28 06:47:37',10.86734,75.950545,'run',133,'checkedin',110),(3,'2013-11-28 06:49:32',18.4011166666667,73.9270016666667,'run',133,'checkedin',111),(3,'2014-04-11 06:47:21',13.0376416666667,77.5894316666667,'run',144,'checkedin',112),(3,'2014-04-11 06:47:42',13.037365,77.5902683333333,'run',144,'checkedin',113),(3,'2014-04-11 07:23:34',13.0372133333333,77.5911316666667,'run',144,'checkedin',114),(3,'2014-04-11 07:24:02',13.037005,77.5902466666667,'run',144,'checkedin',115),(3,'2014-04-11 07:28:40',13.037135,77.5894316666667,'run',144,'checkedin',116),(3,'2014-04-11 07:28:59',13.036775,77.58941,'run',144,'checkedin',117),(3,'2014-04-11 07:29:45',13.036775,77.58941,'danger',144,'checkedin',118),(6,'2014-04-24 06:20:06',12.2226683333333,77.0300983333333,'danger',122,'checkedin',119);
/*!40000 ALTER TABLE `vehicle_position` ENABLE KEYS */;
UNLOCK TABLES;

--
-- Table structure for table `vehicle_status`
--

DROP TABLE IF EXISTS `vehicle_status`;
/*!40101 SET @saved_cs_client     = @@character_set_client */;
/*!40101 SET character_set_client = utf8 */;
CREATE TABLE `vehicle_status` (
  `id` bigint(20) NOT NULL AUTO_INCREMENT,
  `vehicleId` int(11) NOT NULL,
  `loggedIn` datetime NOT NULL,
  `loggedOut` datetime DEFAULT NULL,
  `status` varchar(5) NOT NULL,
  PRIMARY KEY (`id`)
) ENGINE=InnoDB DEFAULT CHARSET=utf8;
/*!40101 SET character_set_client = @saved_cs_client */;

--
-- Dumping data for table `vehicle_status`
--

LOCK TABLES `vehicle_status` WRITE;
/*!40000 ALTER TABLE `vehicle_status` DISABLE KEYS */;
/*!40000 ALTER TABLE `vehicle_status` ENABLE KEYS */;
UNLOCK TABLES;

--
-- Table structure for table `vehicle_type`
--

DROP TABLE IF EXISTS `vehicle_type`;
/*!40101 SET @saved_cs_client     = @@character_set_client */;
/*!40101 SET character_set_client = utf8 */;
CREATE TABLE `vehicle_type` (
  `id` int(11) NOT NULL AUTO_INCREMENT,
  `type` varchar(25) NOT NULL,
  `seat` int(11) NOT NULL,
  `sit_cap` int(11) NOT NULL,
  `ratePerTrip` bigint(20) NOT NULL DEFAULT '0',
  `ratePerKm` bigint(20) NOT NULL DEFAULT '0',
  PRIMARY KEY (`id`)
) ENGINE=InnoDB AUTO_INCREMENT=4 DEFAULT CHARSET=utf8;
/*!40101 SET character_set_client = @saved_cs_client */;

--
-- Dumping data for table `vehicle_type`
--

LOCK TABLES `vehicle_type` WRITE;
/*!40000 ALTER TABLE `vehicle_type` DISABLE KEYS */;
INSERT INTO `vehicle_type` VALUES (1,'Indica',4,3,401,15),(2,'Sumo',7,6,476,20),(3,'Tempo Traveller',12,11,0,0);
/*!40000 ALTER TABLE `vehicle_type` ENABLE KEYS */;
UNLOCK TABLES;

--
-- Table structure for table `vehicles`
--

DROP TABLE IF EXISTS `vehicles`;
/*!40101 SET @saved_cs_client     = @@character_set_client */;
/*!40101 SET character_set_client = utf8 */;
CREATE TABLE `vehicles` (
  `id` int(11) NOT NULL AUTO_INCREMENT,
  `regNo` varchar(20) NOT NULL,
  `vehicletype` int(11) NOT NULL,
  `vendor` int(11) DEFAULT NULL,
  PRIMARY KEY (`id`),
  UNIQUE KEY `regNo_UNIQUE` (`regNo`)
) ENGINE=InnoDB AUTO_INCREMENT=20 DEFAULT CHARSET=utf8;
/*!40101 SET character_set_client = @saved_cs_client */;

--
-- Dumping data for table `vehicles`
--

LOCK TABLES `vehicles` WRITE;
/*!40000 ALTER TABLE `vehicles` DISABLE KEYS */;
INSERT INTO `vehicles` VALUES (1,'KA 11 SW 3343',1,1),(3,'KA 11 SW 3340',1,1),(4,'KA 11 SW 3311',1,1),(5,'KA 11 SW 3312',2,1),(6,'KA 11 SW 3313',3,1),(7,'KA 11 SW 3314',1,1),(8,'KA 11 SW 3315',2,2),(9,'KA 11 SW 3316',2,2),(10,'KA 11 SW 3317',2,2),(11,'KA 11 SW 3318',2,2),(12,'KA 11 SW 3320',1,2),(13,'KA 11 SW 3321',1,2),(14,'KA 11 SW 3322',1,2),(15,'KA 11 SW 3323',2,1),(16,'KA 11 SW 3324',1,2),(17,'KA 11 SW 3325',1,2),(18,'KA 11 SW 3326',1,2),(19,'KA 11 SW 3327',1,2);
/*!40000 ALTER TABLE `vehicles` ENABLE KEYS */;
UNLOCK TABLES;

--
-- Table structure for table `vendor`
--

DROP TABLE IF EXISTS `vendor`;
/*!40101 SET @saved_cs_client     = @@character_set_client */;
/*!40101 SET character_set_client = utf8 */;
CREATE TABLE `vendor` (
  `id` bigint(20) NOT NULL AUTO_INCREMENT,
  `name` varchar(230) NOT NULL,
  `loginId` varchar(50) NOT NULL,
  `password` varchar(500) NOT NULL,
  `address` varchar(500) DEFAULT NULL,
  `contactNumber` varchar(13) NOT NULL,
  `email` varchar(100) NOT NULL,
  `status` varchar(20) NOT NULL DEFAULT 'active',
  `supervisor` bigint(20) NOT NULL,
  `vendorMaster` int(11) DEFAULT NULL,
  `role_id` int(11) DEFAULT NULL,
  PRIMARY KEY (`id`)
) ENGINE=InnoDB AUTO_INCREMENT=7 DEFAULT CHARSET=utf8;
/*!40101 SET character_set_client = @saved_cs_client */;

--
-- Dumping data for table `vendor`
--

LOCK TABLES `vendor` WRITE;
/*!40000 ALTER TABLE `vendor` DISABLE KEYS */;
INSERT INTO `vendor` VALUES (1,'vendor1','vendor1','vendor1','Bangalore','9739184103','vendor@vendor.com','active',1,1,3),(2,'vendor2','vendor2','vendor2','Bangalore','9739184103','vendor1@vb.com','active',1,3,3),(6,'vendor3','vendor3','vendor3','Bangalore','9739184103','dsndn@dg.hsgd','active',1,1,3);
/*!40000 ALTER TABLE `vendor` ENABLE KEYS */;
UNLOCK TABLES;

--
-- Table structure for table `vendor_contract`
--

DROP TABLE IF EXISTS `vendor_contract`;
/*!40101 SET @saved_cs_client     = @@character_set_client */;
/*!40101 SET character_set_client = utf8 */;
CREATE TABLE `vendor_contract` (
  `vendor` bigint(20) NOT NULL,
  `description` varchar(500) NOT NULL,
  `rate` bigint(20) NOT NULL,
  PRIMARY KEY (`vendor`)
) ENGINE=InnoDB DEFAULT CHARSET=utf8;
/*!40101 SET character_set_client = @saved_cs_client */;

--
-- Dumping data for table `vendor_contract`
--

LOCK TABLES `vendor_contract` WRITE;
/*!40000 ALTER TABLE `vendor_contract` DISABLE KEYS */;
INSERT INTO `vendor_contract` VALUES (1,'KM based',67);
/*!40000 ALTER TABLE `vendor_contract` ENABLE KEYS */;
UNLOCK TABLES;

--
-- Table structure for table `vendor_site`
--

DROP TABLE IF EXISTS `vendor_site`;
/*!40101 SET @saved_cs_client     = @@character_set_client */;
/*!40101 SET character_set_client = utf8 */;
CREATE TABLE `vendor_site` (
  `vendor` bigint(20) NOT NULL,
  `site` bigint(20) NOT NULL,
  PRIMARY KEY (`vendor`,`site`)
) ENGINE=InnoDB DEFAULT CHARSET=utf8;
/*!40101 SET character_set_client = @saved_cs_client */;

--
-- Dumping data for table `vendor_site`
--

LOCK TABLES `vendor_site` WRITE;
/*!40000 ALTER TABLE `vendor_site` DISABLE KEYS */;
INSERT INTO `vendor_site` VALUES (1,1),(2,1),(2,2),(3,2);
/*!40000 ALTER TABLE `vendor_site` ENABLE KEYS */;
UNLOCK TABLES;

--
-- Table structure for table `vendor_trip_sheet`
--

DROP TABLE IF EXISTS `vendor_trip_sheet`;
/*!40101 SET @saved_cs_client     = @@character_set_client */;
/*!40101 SET character_set_client = utf8 */;
CREATE TABLE `vendor_trip_sheet` (
  `tripId` bigint(20) NOT NULL,
  `employeeId` bigint(20) NOT NULL,
  `showStatus` varchar(10) NOT NULL DEFAULT 'Show',
  `noShowReason` varchar(50) DEFAULT NULL,
  `latitude` double DEFAULT NULL,
  `longitude` double DEFAULT NULL,
  `insertedOrder` bigint(20) NOT NULL,
  `curStatus` varchar(5) DEFAULT NULL,
  `inTime` varchar(10) DEFAULT NULL,
  `outTime` varchar(10) DEFAULT NULL,
  `keypin` varchar(8) DEFAULT NULL,
  `isCorrectPos` varchar(20) DEFAULT 'YES',
  PRIMARY KEY (`tripId`,`employeeId`)
) ENGINE=InnoDB DEFAULT CHARSET=utf8;
/*!40101 SET character_set_client = @saved_cs_client */;

--
-- Dumping data for table `vendor_trip_sheet`
--

LOCK TABLES `vendor_trip_sheet` WRITE;
/*!40000 ALTER TABLE `vendor_trip_sheet` DISABLE KEYS */;
INSERT INTO `vendor_trip_sheet` VALUES (1,9,'Show',NULL,12.9444166666667,77.66438,18,'IN','00:03:03',NULL,NULL,'YES'),(1,12,'Show',NULL,12.9526566666667,77.65258,19,'IN','21:50:02',NULL,NULL,'YES'),(1,13,'Show',NULL,12.9577916666667,77.6539466666667,20,'IN','21:27:43',NULL,NULL,'YES'),(1,16,'Show',NULL,12.9475116666667,77.649275,21,'IN','21:52:23',NULL,NULL,'YES'),(2,10,'Show',NULL,0,0,16,'IN','14:54:29',NULL,NULL,'YES'),(2,14,'No Show',NULL,NULL,NULL,17,NULL,NULL,NULL,NULL,'YES'),(25,10,'Show',NULL,12.95672,77.65646,30,'IN','18:15:14',NULL,NULL,'YES'),(25,14,'Show',NULL,12.95672,77.65646,31,'IN','18:15:24',NULL,NULL,'YES'),(26,9,'No Show',NULL,NULL,NULL,22,NULL,NULL,NULL,NULL,'YES'),(27,8,'Show',NULL,12.9102016666667,77.2881,47,'IN','18:45:24',NULL,NULL,'YES'),(27,11,'No Show',NULL,NULL,NULL,48,NULL,NULL,NULL,NULL,'YES'),(27,12,'No Show',NULL,NULL,NULL,49,NULL,NULL,NULL,NULL,'YES'),(27,13,'No Show',NULL,NULL,NULL,50,NULL,NULL,NULL,NULL,'YES'),(27,16,'No Show',NULL,NULL,NULL,51,NULL,NULL,NULL,NULL,'YES'),(27,17,'Show',NULL,12.9198016666667,77.2580983333333,52,'OUT','18:45:07','18:45:49',NULL,'YES'),(36,8,'No Show',NULL,NULL,NULL,37,NULL,NULL,NULL,NULL,'YES'),(36,11,'Show',NULL,12.9140516666667,77.295285,38,'IN','18:30:08',NULL,NULL,'YES'),(36,12,'Show',NULL,12.9140516666667,77.292285,39,'IN','18:30:27',NULL,NULL,'YES'),(36,13,'Show',NULL,12.9140516666667,77.290285,40,'IN','18:29:40',NULL,NULL,'YES'),(36,16,'Show',NULL,12.9100516666667,77.270285,41,'IN','18:30:50',NULL,NULL,'YES'),(36,17,'Show',NULL,12.9100183333333,77.2702,42,'IN','18:31:17',NULL,NULL,'YES'),(38,9,'No Show',NULL,NULL,NULL,23,NULL,NULL,NULL,NULL,'YES'),(40,10,'No Show',NULL,NULL,NULL,44,NULL,NULL,NULL,NULL,'YES'),(40,14,'No Show',NULL,NULL,NULL,45,NULL,NULL,NULL,NULL,'YES'),(41,9,'No Show',NULL,NULL,NULL,36,NULL,NULL,NULL,NULL,'YES'),(46,11,'Show',NULL,12.9542316666667,77.6558433333333,27,'OUT','18:03:48','18:05:40',NULL,'YES'),(46,12,'Show',NULL,12.9527466666667,77.655575,28,'OUT','18:03:41','18:04:15',NULL,'YES'),(46,13,'Show',NULL,12.9551633333333,77.6562016666667,29,'OUT','18:03:56','18:07:09',NULL,'YES'),(50,11,'Show',NULL,12.95652,77.6550116666667,33,'IN','18:22:11',NULL,NULL,'YES'),(50,12,'No Show','No Response',NULL,NULL,34,NULL,NULL,NULL,NULL,'YES'),(50,13,'Show',NULL,12.956575,77.6550366666667,35,'IN','18:21:40',NULL,NULL,'YES'),(58,11,'Show',NULL,12.95268,77.6549833333333,24,'IN','17:28:42',NULL,NULL,'YES'),(58,12,'No Show','No Response',NULL,NULL,25,NULL,NULL,NULL,NULL,'YES'),(58,13,'Show',NULL,12.9525233333333,77.652565,26,'IN','17:25:10',NULL,NULL,'YES'),(68,8,'Show',NULL,NULL,NULL,67,NULL,NULL,NULL,'7191','YES'),(68,11,'Show',NULL,NULL,NULL,68,NULL,NULL,NULL,'1231','YES'),(68,12,'No Show','No Response',NULL,NULL,69,NULL,NULL,NULL,'4584','YES'),(68,13,'Show',NULL,NULL,NULL,70,NULL,NULL,NULL,'9227','YES'),(68,16,'Show',NULL,NULL,NULL,71,NULL,NULL,NULL,'2384','YES'),(68,17,'No Show','No Response',NULL,NULL,72,NULL,NULL,NULL,'4237','YES'),(71,8,'No Show','No Response',NULL,NULL,60,NULL,NULL,NULL,'3368','YES'),(71,11,'Show',NULL,12.422705,77.0841933333333,61,'IN','08:13:18',NULL,'6566','YES'),(71,12,'No Show','No Response',NULL,NULL,62,NULL,NULL,NULL,'2724','YES'),(71,13,'Show',NULL,12.422005,77.084095,63,'IN','08:12:46',NULL,'3923','YES'),(71,16,'No Show','No Response',NULL,NULL,64,NULL,NULL,NULL,'1442','YES'),(71,17,'No Show','No Response',NULL,NULL,65,NULL,NULL,NULL,'5441','YES'),(73,9,'Show',NULL,12.4755066666667,77.08999,66,'IN','11:56:16',NULL,'1211','YES'),(77,8,'Show',NULL,NULL,NULL,77,NULL,NULL,NULL,NULL,'YES'),(77,9,'Show',NULL,NULL,NULL,79,NULL,NULL,NULL,NULL,'YES'),(77,11,'Show',NULL,NULL,NULL,74,NULL,NULL,NULL,NULL,'YES'),(77,12,'Show',NULL,NULL,NULL,75,NULL,NULL,NULL,NULL,'YES'),(77,13,'Show',NULL,NULL,NULL,73,NULL,NULL,NULL,NULL,'YES'),(77,16,'Show',NULL,NULL,NULL,76,NULL,NULL,NULL,NULL,'YES'),(77,17,'Show',NULL,NULL,NULL,78,NULL,NULL,NULL,NULL,'YES'),(98,9,'No Show',NULL,NULL,NULL,80,NULL,NULL,NULL,'4741','YES'),(102,8,'No Show',NULL,NULL,NULL,88,NULL,NULL,NULL,'9005','YES'),(102,11,'No Show',NULL,NULL,NULL,89,NULL,NULL,NULL,'1088','YES'),(102,12,'No Show',NULL,NULL,NULL,90,NULL,NULL,NULL,'8429','YES'),(102,13,'Show',NULL,12.8528066666667,74.921265,91,'IN','06:41:26',NULL,'8878','YES'),(102,16,'No Show',NULL,NULL,NULL,92,NULL,NULL,NULL,'9103','YES'),(102,17,'No Show',NULL,NULL,NULL,93,NULL,NULL,NULL,'8883','YES'),(103,10,'Show',NULL,NULL,NULL,97,NULL,NULL,NULL,NULL,'YES'),(103,14,'Show',NULL,NULL,NULL,98,NULL,NULL,NULL,NULL,'YES'),(104,9,'No Show',NULL,NULL,NULL,94,NULL,NULL,NULL,'2789','YES'),(105,8,'Show',NULL,12.8295433333333,77.684325,81,'OUT','12:52:34','12:55:54','2968','YES'),(105,11,'Show',NULL,12.4422583333333,77.0392916666667,82,'IN','12:53:10',NULL,'3546','YES'),(105,12,'Show',NULL,12.8528066666667,74.921265,83,'OUT','12:52:50','12:59:57','8825','YES'),(105,13,'No Show',NULL,NULL,NULL,84,NULL,NULL,NULL,'3486','YES'),(105,16,'Show',NULL,13.3506433333333,77.1150966666667,85,'OUT','12:52:40','12:58:29','957','YES'),(105,17,'Show',NULL,12.4422583333333,77.0392916666667,86,'OUT','12:47:54','12:53:43','4327','YES'),(106,10,'No Show',NULL,NULL,NULL,95,NULL,NULL,NULL,'9806','YES'),(106,14,'Show',NULL,10.422905,77.5810983333333,96,'IN','19:56:10',NULL,'666','YES'),(108,8,'No Show',NULL,NULL,NULL,103,NULL,NULL,NULL,'7241','YES'),(108,11,'No Show',NULL,NULL,NULL,104,NULL,NULL,NULL,'9236','YES'),(108,12,'No Show',NULL,NULL,NULL,105,NULL,NULL,NULL,'4454','YES'),(108,13,'No Show',NULL,NULL,NULL,106,NULL,NULL,NULL,'4565','YES'),(108,16,'No Show',NULL,NULL,NULL,107,NULL,NULL,NULL,'9461','YES'),(108,17,'No Show',NULL,NULL,NULL,108,NULL,NULL,NULL,'3609','YES'),(110,9,'Show',NULL,0,0,99,'IN','14:52:58',NULL,'9437','YES'),(112,10,'Show',NULL,0,0,100,'OUT','14:56:59','14:59:14','9303','YES'),(112,14,'Show',NULL,0,0,101,'OUT','14:58:07','14:58:20','8206','YES'),(120,8,'Show',NULL,13.362005,77.083015,109,'IN','18:14:17',NULL,'3788','YES'),(120,9,'No Show',NULL,NULL,NULL,110,NULL,NULL,NULL,'3505','YES'),(120,11,'Show',NULL,13.372005,77.033015,111,'IN','18:16:07',NULL,'6161','YES'),(120,12,'Show',NULL,13.372005,77.033015,112,'IN','18:15:35',NULL,'291','YES'),(120,13,'No Show',NULL,NULL,NULL,113,NULL,NULL,NULL,'2973','YES'),(120,16,'Show',NULL,13.372005,77.033015,114,'IN','18:15:14',NULL,'3989','YES'),(120,17,'No Show',NULL,NULL,NULL,115,NULL,NULL,NULL,'1027','YES'),(122,8,'Show',NULL,12.2005983333333,77.0383983333333,116,'OUT','18:25:00','18:35:32','3167','YES'),(122,9,'No Show',NULL,NULL,NULL,117,NULL,NULL,NULL,'2753','YES'),(122,11,'No Show',NULL,NULL,NULL,118,NULL,NULL,NULL,'4265','YES'),(122,12,'Show',NULL,13.312005,77.0987016666667,119,'OUT','18:34:26','18:34:36','3066','YES'),(122,13,'No Show',NULL,NULL,NULL,120,NULL,NULL,NULL,'2537','YES'),(122,16,'Show',NULL,12.2226683333333,77.0300983333333,121,'OUT','18:40:13','18:40:21','3486','YES'),(122,17,'No Show',NULL,NULL,NULL,122,NULL,NULL,NULL,'9819','YES'),(133,10,'Show',NULL,18.4018166666667,73.9270016666667,1,'OUT','12:40:26','12:51:48','4464','YES'),(133,14,'No Show',NULL,NULL,NULL,2,NULL,NULL,NULL,'9917','YES'),(137,8,'Show',NULL,NULL,NULL,126,NULL,NULL,NULL,NULL,'YES'),(137,9,'Show','No Response',NULL,NULL,127,NULL,NULL,NULL,NULL,'YES'),(137,11,'Show',NULL,NULL,NULL,124,NULL,NULL,NULL,NULL,'YES'),(137,12,'Show',NULL,NULL,NULL,125,NULL,NULL,NULL,NULL,'YES'),(137,13,'Show',NULL,NULL,NULL,123,NULL,NULL,NULL,NULL,'YES'),(138,10,'Show',NULL,NULL,NULL,128,NULL,NULL,NULL,NULL,'YES'),(138,14,'Show',NULL,NULL,NULL,129,NULL,NULL,NULL,NULL,'YES'),(141,8,'Show',NULL,NULL,NULL,130,NULL,NULL,NULL,NULL,'YES'),(141,9,'No Show','No Response',NULL,NULL,135,NULL,NULL,NULL,NULL,'YES'),(141,11,'Show',NULL,NULL,NULL,132,NULL,NULL,NULL,NULL,'YES'),(141,12,'Show',NULL,NULL,NULL,131,NULL,NULL,NULL,NULL,'YES'),(141,13,'No Show','No Response',NULL,NULL,136,NULL,NULL,NULL,NULL,'YES'),(142,10,'Show',NULL,NULL,NULL,134,NULL,NULL,NULL,NULL,'YES'),(142,14,'Show',NULL,NULL,NULL,133,NULL,NULL,NULL,NULL,'YES'),(143,8,'No Show',NULL,NULL,NULL,5,NULL,NULL,NULL,'5946','YES'),(143,9,'No Show',NULL,NULL,NULL,7,NULL,NULL,NULL,'7037','YES'),(143,11,'No Show',NULL,NULL,NULL,2,NULL,NULL,NULL,'7347','YES'),(143,12,'No Show',NULL,NULL,NULL,3,NULL,NULL,NULL,'5625','YES'),(143,13,'No Show',NULL,NULL,NULL,1,NULL,NULL,NULL,'6083','YES'),(143,16,'No Show',NULL,NULL,NULL,4,NULL,NULL,NULL,'3541','YES'),(143,17,'No Show',NULL,NULL,NULL,6,NULL,NULL,NULL,'9454','YES'),(144,10,'Show',NULL,13.037005,77.5902466666667,1,'OUT','12:58:11','14:50:43','4207','YES'),(144,14,'No Show',NULL,NULL,NULL,2,NULL,NULL,NULL,'2412','YES'),(145,8,'Show',NULL,0,0,5,'OUT','11:49:08','11:50:59','7345','YES'),(145,9,'Show',NULL,0,0,7,'OUT','11:50:03','11:50:59','6614','YES'),(145,11,'Show',NULL,0,0,2,'OUT','11:48:16','11:50:59','1033','YES'),(145,12,'Show',NULL,0,0,3,'OUT','11:48:24','11:50:59','5324','YES'),(145,13,'Show',NULL,0,0,1,'OUT','11:47:57','11:50:59','3520','YES'),(145,16,'Show',NULL,0,0,4,'OUT','11:48:37','11:50:59','1629','YES'),(145,17,'Show',NULL,0,0,6,'OUT','11:49:23','11:50:59','7585','YES'),(146,10,'No Show',NULL,NULL,NULL,1,NULL,NULL,NULL,'3036','YES'),(146,14,'No Show',NULL,NULL,NULL,2,NULL,NULL,NULL,'2428','YES');
/*!40000 ALTER TABLE `vendor_trip_sheet` ENABLE KEYS */;
UNLOCK TABLES;

--
-- Table structure for table `vendor_trip_sheet_parent`
--

DROP TABLE IF EXISTS `vendor_trip_sheet_parent`;
/*!40101 SET @saved_cs_client     = @@character_set_client */;
/*!40101 SET character_set_client = utf8 */;
CREATE TABLE `vendor_trip_sheet_parent` (
  `tripId` bigint(20) NOT NULL,
  `logTime` varchar(50) DEFAULT NULL,
  `insertedBy` bigint(20) DEFAULT NULL,
  `updatedBy` bigint(20) DEFAULT NULL,
  `approvalStatus` varchar(50) DEFAULT 'Open',
  `vehicleNo` varchar(20) DEFAULT NULL,
  `onTimeStatus` varchar(20) NOT NULL DEFAULT 'On Time',
  `comment` varchar(2000) DEFAULT NULL,
  `escort` varchar(5) DEFAULT NULL,
  `escortClock` varchar(50) DEFAULT NULL,
  `vehicle_imei` varchar(35) DEFAULT NULL,
  `stopTime` varchar(15) DEFAULT NULL,
  `status` varchar(15) DEFAULT 'initial',
  `startTime` varchar(25) DEFAULT NULL,
  `authenticatedBy` int(11) DEFAULT NULL,
  `distanceCovered` double DEFAULT '0',
  `timeElapsed` bigint(20) DEFAULT NULL,
  `downloadStatus` varchar(10) DEFAULT NULL,
  `manualDistance` double DEFAULT NULL,
  `driverContact` varchar(14) DEFAULT NULL,
  PRIMARY KEY (`tripId`)
) ENGINE=InnoDB DEFAULT CHARSET=utf8;
/*!40101 SET character_set_client = @saved_cs_client */;

--
-- Dumping data for table `vendor_trip_sheet_parent`
--

LOCK TABLES `vendor_trip_sheet_parent` WRITE;
/*!40000 ALTER TABLE `vendor_trip_sheet_parent` DISABLE KEYS */;
INSERT INTO `vendor_trip_sheet_parent` VALUES (1,NULL,NULL,NULL,'Open','KA 11 SW 3323','On Time',NULL,'NO',NULL,'000000000000000',NULL,'started','19:27:41',NULL,4.77866699219964,139202,'downloaded',NULL,NULL),(2,NULL,NULL,NULL,'Open','KA 11 SW 3314','On Time',NULL,'NO',NULL,'000000000000000',NULL,'started','14:54:19',NULL,0,NULL,NULL,NULL,NULL),(25,'18:15:28',NULL,NULL,'Sent for TC approval','KA 11 SW 3314','On Time',NULL,'NO',NULL,'000000000000000','18:15:28','stopped','18:10:52',NULL,0,403,'downloaded',NULL,NULL),(26,NULL,NULL,NULL,'Open','KA 11 SW 3323','On Time',NULL,'NO',NULL,'000000000000000',NULL,'started','17:12:56',NULL,0.0892373013541246,111096,'downloaded',NULL,NULL),(27,'19:50:49',NULL,NULL,'Sent for TC approval','KA 11 SW 3313','On Time',NULL,'NO',NULL,'000000000000000','19:50:49','stopped','18:37:37',NULL,6.28620317614098,592402,'downloaded',NULL,NULL),(36,'18:31:23',NULL,NULL,'Sent for TC approval','KA 11 SW 3314','On Time',NULL,'NO',NULL,'000000000000000','18:31:23','stopped','18:26:41',NULL,3.30255038553351,114761,'downloaded',NULL,NULL),(38,NULL,NULL,NULL,'Open','KA 11 SW 3323','On Time',NULL,'NO',NULL,'000000000000000',NULL,NULL,NULL,NULL,0,NULL,'downloaded',NULL,NULL),(40,NULL,NULL,NULL,'Open','KA 11 SW 3313','On Time',NULL,'NO',NULL,'000000000000000',NULL,NULL,NULL,NULL,0,NULL,'downloaded',NULL,NULL),(41,NULL,NULL,NULL,'Open','KA 11 SW 3314','On Time',NULL,'NO',NULL,'000000000000000',NULL,'started','18:25:56',NULL,0,NULL,'downloaded',NULL,NULL),(46,'18:08',NULL,2,'Approved by Transport Manager','KA 11 SW 3314','Not On Time','','NO','','000000000000000','18:08:22','stopped','17:59:47',NULL,0.688236406964587,417959,'downloaded',NULL,NULL),(50,'18:22',NULL,2,'Approved by Transport Manager','KA 11 SW 3314','Not On Time','','NO','','000000000000000','18:22:51','stopped','18:17:30',NULL,3.91047477647685,209287,'downloaded',NULL,NULL),(58,'17:43',NULL,2,'Approved by Transport Manager','KA 11 SW 3323','Not On Time','','NO','','000000000000000','17:43:18','stopped','17:22:53',NULL,0.656166998681452,249522,'downloaded',NULL,NULL),(68,'10:32',NULL,2,'Approved by Transport Manager','KA 11 SW 3323','Not On Time','No. Problem.\r\nIt is Okey.\r\nI just gave more importance to my work. that is all.\r\nAnyway. I am approving it.','NO','','000000000000000','10:32:39','stopped','10:21:48',NULL,0,NULL,'downloaded',NULL,NULL),(71,'06:00',NULL,2,'Approved by Transport Manager','KA 11 SW 3312','On Time','Okey','NO','','000000000000000',NULL,'started','08:10:44',NULL,8.6703784535503,317903,'downloaded',NULL,NULL),(73,'11:56',NULL,2,'Sent for TM approval','KA 11 SW 3314','Not On Time','I have no comment. This is my comment','NO','','000000000000000','11:56:57','stopped','11:50:19',NULL,1.11730828656817,64954,'downloaded',NULL,NULL),(77,'06:00',6,6,'Open','KA 10 A 2020','On Time',NULL,'NO','',NULL,NULL,'initial',NULL,NULL,0,NULL,NULL,NULL,NULL),(98,NULL,NULL,NULL,'Open','KA 11 SW 3314','On Time',NULL,'NO',NULL,'000000000000000',NULL,'initial','16:02:27',NULL,0,NULL,'downloaded',NULL,NULL),(102,'06:41:40',NULL,NULL,'Sent for TC approval','KA 11 SW 3312','Not On Time',NULL,'NO',NULL,'000000000000000','06:41:40','stopped','17:16:49',NULL,0,52752,'downloaded',NULL,NULL),(103,'06:00',6,6,'Open','KA 1 A 0202','On Time',NULL,'NO','',NULL,NULL,'initial',NULL,NULL,0,NULL,NULL,NULL,NULL),(104,NULL,NULL,NULL,'Open','KA 11 SW 3314','On Time',NULL,'NO',NULL,'000000000000000',NULL,'initial','19:20:50',NULL,0,NULL,'downloaded',NULL,NULL),(105,'17:05:45',NULL,NULL,'Sent for TC approval','KA 11 SW 3323','On Time',NULL,'NO',NULL,'000000000000000','17:05:45','stopped','12:34:29',NULL,423.051556013061,795007,'downloaded',NULL,NULL),(106,NULL,NULL,NULL,'Open','KA 11 SW 3314','On Time',NULL,'NO',NULL,'000000000000000',NULL,'started','19:25:27',NULL,62.115924437891,819417,'downloaded',NULL,NULL),(108,'20:39:54',NULL,NULL,'Sent for TC approval','KA 11 SW 3312','On Time',NULL,'NO',NULL,'000000000000000','20:39:54','stopped','19:54:42',NULL,0,NULL,'downloaded',NULL,NULL),(110,'14:53:50',NULL,NULL,'Sent for TC approval','KA 11 SW 3314','On Time',NULL,'NO',NULL,'000000000000000','14:53:50','stopped','14:47:42',NULL,0,NULL,'downloaded',NULL,NULL),(112,'14:59:53',NULL,NULL,'Sent for TC approval','KA 11 SW 3314','On Time',NULL,'NO',NULL,'000000000000000','14:59:53','stopped','14:55:09',NULL,0,NULL,'downloaded',NULL,NULL),(120,'18:17:26',NULL,NULL,'Open','KA 11 SW 3313','On Time',NULL,'NO',NULL,'000000000000000','18:17:26','stopped','18:04:52',NULL,9.97004226177688,608009,'downloaded',NULL,NULL),(122,'18:22:02',NULL,NULL,'Open','KA 11 SW 3313','On Time',NULL,'NO',NULL,'000000000000000','18:41:18','stopped','18:22:02',NULL,128.737621706917,1073659,'downloaded',NULL,NULL),(132,NULL,NULL,NULL,'Open','KA 11 SW 3313','On Time',NULL,'YES',NULL,'000000000000000',NULL,'started','12:53:14',NULL,0,NULL,'downloaded',NULL,NULL),(133,'12:51:48',NULL,NULL,'Open','KA 11 SW 3340','Not On Time',NULL,'YES',NULL,'000000000000000','12:51:48','stopped','12:17:34',NULL,865.49710611886,116668,'downloaded',NULL,NULL),(136,NULL,NULL,NULL,'Open','KA 11 SW 3314','On Time',NULL,'NO',NULL,'000000000000000',NULL,'initial',NULL,NULL,0,NULL,'downloaded',NULL,NULL),(137,'07:00',6,6,'Open','KA 12 C 129','On Time',NULL,'NO','',NULL,NULL,'initial',NULL,NULL,0,NULL,'downloaded',0,'3456789034'),(138,'07:00',6,6,'Open','KA 1  2291','On Time',NULL,'NO','',NULL,NULL,'initial',NULL,NULL,0,NULL,NULL,0,'2345678456'),(141,'20:00',6,6,'Open','KA 1 S 2791','On Time',NULL,'NO','23432',NULL,NULL,'initial',NULL,NULL,0,NULL,NULL,0,'5434567898'),(142,'20:00',6,6,'Open','KA 2 M 2291','On Time',NULL,'YES','543543',NULL,NULL,'initial',NULL,NULL,0,NULL,NULL,0,'4356789876'),(143,NULL,NULL,NULL,'Open','KA 11 SW 3313','On Time',NULL,'NO',NULL,'000000000000000',NULL,'initial',NULL,NULL,0,NULL,'downloaded',NULL,NULL),(144,'14:50:43',NULL,NULL,'Open','KA 11 SW 3340','Not On Time',NULL,'NO',NULL,'000000000000000','14:50:43','stopped','12:53:16',NULL,0.228192516898311,342765,'downloaded',NULL,NULL),(145,'11:50:59',NULL,NULL,'Open','KA 11 SW 3313','Not On Time',NULL,'NO',NULL,'000000000000000','11:50:59','stopped','11:40:43',NULL,0,NULL,'downloaded',NULL,NULL),(146,NULL,NULL,NULL,'Open','3','On Time',NULL,'NO',NULL,NULL,NULL,'initial',NULL,NULL,0,NULL,'ready',NULL,NULL);
/*!40000 ALTER TABLE `vendor_trip_sheet_parent` ENABLE KEYS */;
UNLOCK TABLES;

--
-- Table structure for table `vendormaster`
--

DROP TABLE IF EXISTS `vendormaster`;
/*!40101 SET @saved_cs_client     = @@character_set_client */;
/*!40101 SET character_set_client = utf8 */;
CREATE TABLE `vendormaster` (
  `id` int(11) NOT NULL AUTO_INCREMENT,
  `Company` varchar(50) DEFAULT NULL,
  `address` varchar(250) DEFAULT NULL,
  `contact` varchar(15) DEFAULT NULL,
  `contact1` varchar(15) DEFAULT NULL,
  `email` varchar(100) DEFAULT NULL,
  `status` varchar(10) DEFAULT NULL,
  PRIMARY KEY (`id`)
) ENGINE=InnoDB AUTO_INCREMENT=4 DEFAULT CHARSET=utf8;
/*!40101 SET character_set_client = @saved_cs_client */;

--
-- Dumping data for table `vendormaster`
--

LOCK TABLES `vendormaster` WRITE;
/*!40000 ALTER TABLE `vendormaster` DISABLE KEYS */;
INSERT INTO `vendormaster` VALUES (1,'SRS','233,Bangalore','1234567890','1234567890',NULL,'Active'),(2,'SAS','53738,BANGALORE','0987654321','09754321',NULL,'Active'),(3,'INFANTS','373,bANGALOE','12357890','123467890',NULL,'Active');
/*!40000 ALTER TABLE `vendormaster` ENABLE KEYS */;
UNLOCK TABLES;

--
-- Table structure for table `vendorsite`
--

DROP TABLE IF EXISTS `vendorsite`;
/*!40101 SET @saved_cs_client     = @@character_set_client */;
/*!40101 SET character_set_client = utf8 */;
CREATE TABLE `vendorsite` (
  `vendorId` int(11) DEFAULT NULL,
  `site` int(11) DEFAULT NULL,
  `status` varchar(10) DEFAULT NULL
) ENGINE=InnoDB DEFAULT CHARSET=utf8;
/*!40101 SET character_set_client = @saved_cs_client */;

--
-- Dumping data for table `vendorsite`
--

LOCK TABLES `vendorsite` WRITE;
/*!40000 ALTER TABLE `vendorsite` DISABLE KEYS */;
/*!40000 ALTER TABLE `vendorsite` ENABLE KEYS */;
UNLOCK TABLES;

--
-- Table structure for table `views`
--

DROP TABLE IF EXISTS `views`;
/*!40101 SET @saved_cs_client     = @@character_set_client */;
/*!40101 SET character_set_client = utf8 */;
CREATE TABLE `views` (
  `id` int(11) NOT NULL AUTO_INCREMENT,
  `view_name` varchar(50) NOT NULL,
  `show_order` varchar(50) NOT NULL,
  `parent_id` bigint(20) DEFAULT NULL,
  `type` varchar(10) DEFAULT 'ROOT',
  `pageId` bigint(20) NOT NULL,
  `viewKey` varchar(200) NOT NULL,
  PRIMARY KEY (`id`)
) ENGINE=InnoDB AUTO_INCREMENT=89 DEFAULT CHARSET=utf8;
/*!40101 SET character_set_client = @saved_cs_client */;

--
-- Dumping data for table `views`
--

LOCK TABLES `views` WRITE;
/*!40000 ALTER TABLE `views` DISABLE KEYS */;
INSERT INTO `views` VALUES (1,'HOME','1',NULL,'ROOT',1,'HOME-ta'),(2,'CANCEL SCHEDULE','15',NULL,'ROOT',57,'CANCEL SCHEDULE'),(3,'SCHEDULES','14',NULL,'ROOT',62,'SCHEDULES'),(4,'UNSUBSCRIBE','13',NULL,'ROOT',64,'UNSUBSCRIBE'),(5,'VIEW SCHEDULE','3',NULL,'ROOT',94,'emp schedule view'),(6,'CREATE SCHEDULE','2',NULL,'ROOT',96,'CREATE SCHEDULE'),(7,'MODIFY SCHEDULE','4',NULL,'ROOT',98,'hrm scheudle modify'),(8,'HOME','16',NULL,'ROOT',142,'HOME-vendor home'),(10,'LOGOUT','9',NULL,'ROOT',275,'LOGOUT'),(11,'SUBSCRIBE','12',NULL,'ROOT',303,'SUBSCRIBE'),(12,'SETTINGS','2',NULL,'ROOT',346,'SETTINGS'),(13,'ROUTE MASTER','3',NULL,'ROOT',346,'ROUTE MASTER'),(14,'ROUTING','4',NULL,'ROOT',346,'ROUTING'),(15,'FOR EMPLOYEES','5',NULL,'ROOT',346,'FOR EMPLOYEES'),(16,'REPORTS','6',NULL,'ROOT',346,'REPORTS'),(17,'OTHERS','7',NULL,'ROOT',346,'OTHERS'),(18,'User Mgmt','8',NULL,'ROOT',346,'User Mgmt'),(19,'ForEMP','6',NULL,'ROOT',346,'ForEMP'),(20,'Admin','1',NULL,'ROOT',346,'Admin'),(21,'Billing Setup','1',NULL,'ROOT',346,'Billing Setup'),(22,'COMPANY SETUP','1',12,'CHILD',7,'COMPANY SETUP'),(23,'ADD ROUTE','2',13,'CHILD',12,'ADD ROUTE'),(24,'Views','2',18,'CHILD',13,'Views'),(25,'Menu Setup','2',20,'CHILD',13,'Menu Setup'),(26,'APL CONFIG','1',13,'CHILD',14,'APL CONFIG'),(27,'GENERATE TRIPSHEET','1',14,'CHILD',16,'GENERATE TRIPSHEET'),(28,'ASSIGN ROLE','1',15,'CHILD',21,'ASSIGN ROLE'),(29,'ADD DELEGATION','3',12,'CHILD',24,'ADD DELEGATION'),(30,'CAPACITY UTILIZATION','9',16,'CHILD',30,'CAPACITY UTILIZATION'),(31,'SUBSCRIPTION','2',16,'CHILD',31,'EMPLOYEE-SUBSCRIPTION REPORT'),(32,'SCHEDULING','3',16,'CHILD',32,'SCHEDULING REPORT'),(33,'UN-SUBSCRIPTION','4',16,'CHILD',34,'UN-SUBSCRIPTION'),(34,'EXCEPTION','10',16,'CHILD',35,'EXCEPTION'),(35,'OTA & OTD','6',16,'CHILD',37,'OTA & OTD'),(36,'PROJECT WISE COST','8',16,'CHILD',39,'PROJECT WISE COST'),(37,'TRACKED TRIPS','3',14,'CHILD',40,'TRACKED TRIPS'),(38,'TRIP BILLING','7',16,'CHILD',43,'TRIP BILLING'),(39,'NO SHOW','5',16,'CHILD',44,'NO SHOW'),(40,'SHIFT TIME','5',12,'CHILD',77,'SHIFT TIME'),(41,'PAYROLL','1',16,'CHILD',84,'PAYROLL'),(42,'ROUTE SETUP','4',13,'CHILD',91,'ROUTE SETUP'),(43,'VIEW ROUTE','3',13,'CHILD',92,'VIEW ROUTE'),(44,'SITE SHIFT','5',12,'CHILD',103,'SITE SHIFT'),(45,'ASSIGN VEHICLE','8',12,'CHILD',105,'ASSIGN VEHICLE'),(46,'MODIFY SUBSCRIPTION','2',15,'CHILD',116,'MODIFY SUBSCRIPTION'),(47,'VIEW SCHEDULE','4',15,'CHILD',117,'tm-schedule view'),(48,'MODIFY SCHEDULE','5',15,'CHILD',118,'tm schedule modify'),(49,'SCHEDULING','3',15,'CHILD',120,'tm-schedule'),(50,'Subscription','2',15,'CHILD',122,'tm-SUBSCRIPTION'),(51,'VENDOR SETUP','2',12,'CHILD',124,'VENDOR SETUP'),(52,'ROLE SETUP','1',20,'CHILD',137,'ROLE SETUP'),(53,'Map Transport type','1',21,'CHILD',345,'map transport type'),(54,'ADD VEHICLE TYPE','81',12,'CHILD',139,'ADD VEHICLE TYPE'),(55,'VIEW VEHICLE TYPE','7',12,'CHILD',140,'VIEW VEHICLE TYPE'),(56,'VIEW DELEGATION','4',12,'CHILD',149,'VIEW DELEGATION'),(57,'VIEW TRIPS','2',14,'CHILD',154,'VIEW TRIPS'),(58,'CHANGE EMPLOYEE','2',17,'CHILD',245,'CHANGE EMPLOYEE'),(59,'subscription','1',19,'CHILD',303,'EMPLOYEE-SUBSCRIPTION'),(60,'User Role ','2',18,'CHILD',137,'User Role'),(61,'New Page','3',20,'CHILD',136,'New Page-admin'),(62,'Tracking','3',NULL,'ROOT',346,'Tracking v'),(63,'Driver Alloc','1',62,'CHILD',147,'Driver Alloc -v'),(64,'Approve Trip','2',62,'CHILD',392,'Approve Trip -v'),(65,'New Page','3',18,'CHILD',136,'New Page-ta1'),(66,'Billing','5',12,'CHILD',435,'Billing tm'),(67,'BOOKING','2',NULL,'ROOT',346,'BOOKING-EMP'),(68,'Shuttle','1',67,'CHILD',555,'Shuttle-emp'),(69,'Shift','2',67,'CHILD',346,'Shift-booking-emp'),(70,'Adhoc','3',67,'CHILD',488,'Adhoc Booking-emp'),(71,'BOOKING','2',NULL,'ROOT',346,'BOOKING-hrm'),(72,'Shuttle','1',71,'CHILD',555,'Shuttle-hrm'),(73,'Shift','2',71,'CHILD',96,'Shift-booking-hrm'),(74,'Adhoc','3',71,'CHILD',488,'Adhoc Booking-hrm'),(75,'View Booking','3',NULL,'ROOT',346,'View Booking-hrm'),(76,'Adhoc','1',75,'CHILD',518,'Adhoc Booking view-hrm'),(77,'Shift','2',75,'CHILD',94,'Shift view -hrm'),(78,'Shuttle','3',75,'CHILD',346,'Shuttle view -hrm'),(79,'Add Shuttle Route','6',13,'CHILD',486,'Add Shuttle Route -ta'),(80,'Shuttle APL','5',13,'CHILD',495,'Shuttle APL -ta'),(81,'View Shuttle Route','7',13,'CHILD',506,'View Shuttle Route -ta'),(82,'Adhoc Setup','9',12,'CHILD',490,'Adhoc Setup -ta'),(83,'Adhoc Setup View','91',12,'CHILD',491,'Adhoc Setup View -ta'),(84,'Shuttle Setup','92',12,'CHILD',519,'Shuttle Setup -ta'),(85,'Live Tracking','4',14,'CHILD',387,'Live Tracking-ta'),(86,'Adhoc Routing','5',14,'CHILD',489,'Adhoc Routing - ta'),(87,'View Adhoc Trip','6',14,'CHILD',507,'View Adhoc Trip ta'),(88,'Adhoc Tracking','4',62,'CHILD',514,'Adhoc Tracking-v');
/*!40000 ALTER TABLE `views` ENABLE KEYS */;
UNLOCK TABLES;

--
-- Dumping routines for database 'atomcore'
--
/*!50003 DROP PROCEDURE IF EXISTS `checkroleDelegation` */;
/*!50003 SET @saved_cs_client      = @@character_set_client */ ;
/*!50003 SET @saved_cs_results     = @@character_set_results */ ;
/*!50003 SET @saved_col_connection = @@collation_connection */ ;
/*!50003 SET character_set_client  = utf8 */ ;
/*!50003 SET character_set_results = utf8 */ ;
/*!50003 SET collation_connection  = utf8_general_ci */ ;
/*!50003 SET @saved_sql_mode       = @@sql_mode */ ;
/*!50003 SET sql_mode              = 'STRICT_TRANS_TABLES,NO_AUTO_CREATE_USER,NO_ENGINE_SUBSTITUTION' */ ;
DELIMITER ;;
/*!50003 CREATE*/ /*!50020 DEFINER=`root`@`localhost`*/ /*!50003 PROCEDURE `checkroleDelegation`(actemployeeId bigint,delegatedEmployeeId bigint,from_date datetime,to_date datetime,out retVal	int )
BEGIN
declare counted int ;
select count(*) into counted from roleDelegation where employeeId=actemployeeId and 
to_date>date_add(curdate(), INTERVAL -1 day) and status='a';
	if counted>1 then
	set retVal=-1;
	end if;
	if counted<=1 then
		set retVal=0;
select count(*) into counted from roleDelegation where employeeId=actemployeeId and delegatedEmployeeId=delegatedEmployeeId
	 and ((from_date between from_date and to_date) or (to_date between from_date and to_date)
or (from_date<=from_date and to_date>=to_date))
	   and status='a';
if counted>0 then
	set retVal=-2;
	end if;
end if ;
end */;;
DELIMITER ;
/*!50003 SET sql_mode              = @saved_sql_mode */ ;
/*!50003 SET character_set_client  = @saved_cs_client */ ;
/*!50003 SET character_set_results = @saved_cs_results */ ;
/*!50003 SET collation_connection  = @saved_col_connection */ ;
/*!50003 DROP PROCEDURE IF EXISTS `getDistanceAndTime` */;
/*!50003 SET @saved_cs_client      = @@character_set_client */ ;
/*!50003 SET @saved_cs_results     = @@character_set_results */ ;
/*!50003 SET @saved_col_connection = @@collation_connection */ ;
/*!50003 SET character_set_client  = utf8 */ ;
/*!50003 SET character_set_results = utf8 */ ;
/*!50003 SET collation_connection  = utf8_general_ci */ ;
/*!50003 SET @saved_sql_mode       = @@sql_mode */ ;
/*!50003 SET sql_mode              = 'STRICT_TRANS_TABLES,NO_AUTO_CREATE_USER,NO_ENGINE_SUBSTITUTION' */ ;
DELIMITER ;;
/*!50003 CREATE*/ /*!50020 DEFINER=`root`@`localhost`*/ /*!50003 PROCEDURE `getDistanceAndTime`(
srcDestLandmark int,
currentSrcdestionationlandmark int,
tripTime varchar(20),
TravelTime float)
BEGIN

if srcDestLandmark=currentSrcdestionationlandmark then
select 0.0 asdistance, CONCAT(hour(dt.fulldate),':',minute(dt.fulldate)) as
 addedtime from
 (select (DATE_ADD(tripTime,interval TravelTime MINUTE)) as fulldate)  as dt;
end if;
if srcDestLandmark!=currentSrcdestionationlandmark then
select dt.distance,CONCAT(DATEPART(Hour,dt.fulldate),':',DATEPART(minute,dt.fulldate)) as
 addedtime from
 (select distance, (DATEADD(MINUTE,(select ROUND
 ((select distance from distchart where ((srcId=@srcDestLandmark and destId=@currentSrcdestionationlandmark)or 
 (srcid=@currentSrcdestionationlandmark and destId=@srcDestLandmark) ))/speedpkm*60,0)as time from timeSloat 
 where startTime<=@tripTime and endTime>@tripTime) +@TravelTime,@tripTime)) 
 as fulldate from distchart where ((srcId=@srcDestLandmark and destId=@currentSrcdestionationlandmark)or (srcid=@currentSrcdestionationlandmark and destId=@srcDestLandmark))) as dt;
 end if;
END */;;
DELIMITER ;
/*!50003 SET sql_mode              = @saved_sql_mode */ ;
/*!50003 SET character_set_client  = @saved_cs_client */ ;
/*!50003 SET character_set_results = @saved_cs_results */ ;
/*!50003 SET collation_connection  = @saved_col_connection */ ;
/*!50003 DROP PROCEDURE IF EXISTS `getEmployeeToTravel` */;
/*!50003 SET @saved_cs_client      = @@character_set_client */ ;
/*!50003 SET @saved_cs_results     = @@character_set_results */ ;
/*!50003 SET @saved_col_connection = @@collation_connection */ ;
/*!50003 SET character_set_client  = utf8 */ ;
/*!50003 SET character_set_results = utf8 */ ;
/*!50003 SET collation_connection  = utf8_general_ci */ ;
/*!50003 SET @saved_sql_mode       = @@sql_mode */ ;
/*!50003 SET sql_mode              = 'STRICT_TRANS_TABLES,NO_AUTO_CREATE_USER,NO_ENGINE_SUBSTITUTION' */ ;
DELIMITER ;;
/*!50003 CREATE*/ /*!50020 DEFINER=`root`@`localhost`*/ /*!50003 PROCEDURE `getEmployeeToTravel`(
siteIdin int,
travleDate datetime,
travleTime varchar(10),
travleDirection varchar(5),
routingType varchar(5),
out tripcount int)
BEGIN
declare datedif int;
set datedif=0;
select count(*) into tripcount from trip_details where siteId=siteIdin and  trip_date=travleDate and trip_time=travleTime and trip_log=travleDirection and routingType=@routingType;
select logtime.datedif into datedif from logtime where logtime=travleTime and logtype=travleDirection;
if travleDirection='IN' then
select es.employee_id as employeeId,esub.subscriptionID as subscriptionId,es.id as scheduleId,esub.landMark as landmarkId,e.gender
 as gender,es.project,s.landmark as sitelandmark from employee e,employee_schedule es,employee_subscription esub,site s 
where e.site=siteIdin and s.id=siteIdin and   e.id=es.employee_id  and  esub.subscriptionID=es.subscription_id
and es.status='a' and es.from_date<=travleDate and es.to_date >=travleDate and status='a'
and login_time=travleTime
 and (es.id not in (select scheduleId from employee_schedule_alter 
where date=travleDate)) and e.routingType=routingType

union

select es.employee_id as employeeId,esub.subscriptionID as subscriptionId,es.id as scheduleId,esub.landMark as landmarkId,e.gender as gender,es.project,s.landmark as sitelandmark from employee e,employee_schedule es,employee_subscription esub ,site s
where e.site=siteIdin  and s.id=siteIdin and  e.id=es.employee_id  and  esub.subscriptionID=es.subscription_id
and es.status='a' and 
es.from_date<=travleDate and es.to_date >=travleDate and status='a'
 and (es.id in (select scheduleId from employee_schedule_alter 
where date=travleDate and login_time=travleTime and status='a')) and e.routingType=routingType;
END if;
if travleDirection='OUT' then
if datedif=1 then
select es.employee_id as employeeId,esub.subscriptionID as subscriptionId,es.id 
as scheduleId,esub.landMark as landmarkId,e.gender as gender,es.project,s.landmark as sitelandmark from 
employee e,employee_schedule es,employee_subscription esub ,site s
where e.site=siteIdin and s.id=siteIdin and e.id=es.employee_id  and  esub.subscriptionID=es.subscription_id
and es.status='a'and 
DATE_ADD(es.from_date ,interval -1 day)<=travleDate and es.to_date >=DATE_ADD(es.to_date,interval -1 day) and status='a'
and logout_time=travleTime
 and (es.id not in (select scheduleId from employee_schedule_alter 
where DATE_ADD(date,interval -1 day)=travleDate)) and e.routingType=routingType
union
select es.employee_id as employeeId,esub.subscriptionID as
 subscriptionId,es.id as scheduleId,esub.landMark as landmarkId,e.gender as
  gender,es.project,s.landmark as sitelandmark from employee e,employee_schedule es,employee_subscription esub,site s 
where e.site=siteIdin and s.id=siteIdin and e.id=es.employee_id  and  esub.subscriptionID=es.subscription_id
and es.status='a' and 
DATE_ADD(es.from_date,interval -1 day)<=travleDate and DATE_ADD(es.to_date,interval -1 day) >=travleDate and status='a'
 and (es.id in (select scheduleId from employee_schedule_alter 
where DATE_ADD(date,interval -1 day)=travleDate and logout_time=travleTime and status='a')) and e.routingType=routingType;
end if;
if datedif is null or datedif!=1 then
select es.employee_id as employeeId,esub.subscriptionID as subscriptionId,es.id 
as scheduleId,esub.landMark as landmarkId,e.gender as gender,es.project,s.landmark as sitelandmark from 
employee e,employee_schedule es,employee_subscription esub ,site s
where e.site=siteIdin and s.id=siteIdin and e.id=es.employee_id  and  esub.subscriptionID=es.subscription_id
and es.status='a'and 
es.from_date<=travleDate and es.to_date >=travleDate and status='a'
and logout_time=travleTime
 and (es.id not in (select scheduleId from employee_schedule_alter 
where date=travleDate)) and e.routingType=routingType
union
select es.employee_id as employeeId,esub.subscriptionID as
 subscriptionId,es.id as scheduleId,esub.landMark as landmarkId,e.gender as
  gender,es.project,s.landmark as sitelandmark from employee e,employee_schedule es,employee_subscription esub,site s 
where e.site=siteIdin and s.id=siteIdin and e.id=es.employee_id  and  esub.subscriptionID=es.subscription_id
and es.status='a' and 
es.from_date<=travleDate and es.to_date >=travleDate and status='a'
 and (es.id in (select scheduleId from employee_schedule_alter 
where date=travleDate and logout_time=travleTime and status='a')) and e.routingType=routingType;
end if;
end if;
END */;;
DELIMITER ;
/*!50003 SET sql_mode              = @saved_sql_mode */ ;
/*!50003 SET character_set_client  = @saved_cs_client */ ;
/*!50003 SET character_set_results = @saved_cs_results */ ;
/*!50003 SET collation_connection  = @saved_col_connection */ ;
/*!50003 DROP PROCEDURE IF EXISTS `getFlatRatePayrollEntry` */;
/*!50003 SET @saved_cs_client      = @@character_set_client */ ;
/*!50003 SET @saved_cs_results     = @@character_set_results */ ;
/*!50003 SET @saved_col_connection = @@collation_connection */ ;
/*!50003 SET character_set_client  = utf8 */ ;
/*!50003 SET character_set_results = utf8 */ ;
/*!50003 SET collation_connection  = utf8_general_ci */ ;
/*!50003 SET @saved_sql_mode       = @@sql_mode */ ;
/*!50003 SET sql_mode              = 'STRICT_TRANS_TABLES,NO_AUTO_CREATE_USER,NO_ENGINE_SUBSTITUTION' */ ;
DELIMITER ;;
/*!50003 CREATE*/ /*!50020 DEFINER=`root`@`localhost`*/ /*!50003 PROCEDURE `getFlatRatePayrollEntry`(accountingDate varchar(30) , site int,
out returnInt VARCHAR(30) )
BEGIN
DECLARE firstOfNextMonth DATETIME;
DECLARE firstOfCurrentMonth DATETIME;
DECLARE firstOfPreviousMonth DATETIME;
DECLARE lastOfCurrentMonth DATETIME;
DECLARE employeeID INT;
 
DECLARE status VARCHAR(20);
DECLARE flag INT;

declare errorMessage varchar(300);
DECLARE lastOfpreviousMonth DATETIME;
DECLARE lastPayrollDate DATETIME;
DECLARE lastOfNextMonth DATETIME;
DECLARE noOfEntryInCurrentMonth INT;

 SET returnInt=0;
	SET status='fixed';
 
 
	 
	select count(month(payrollDate)) into noOfEntryInCurrentMonth from payroll where month(accountingDate)=month(payrollDate) and year(accountingDate)=year(payrollDate)  and status=status and payroll.site=site;
	 

	
	if noOfEntryInCurrentMonth is not null and noOfEntryInCurrentMonth>0 then
		set returnInt=-1;

		SET	errorMessage='The payroll entry  was done already ';
	end if;
 
	if noOfEntryInCurrentMonth<=0 then
	 	 select date_add(DATE_ADD(accountingDate,interval 1 month) ,interval -(DAY(DATE_ADD(accountingDate,interval 1 month))-1) day ) into firstOfNextMonth;
		select DATE_ADD(accountingDate,interval -(DAY(accountingDate)-1) day) into firstOfCurrentMonth;
		select  date_add(DATE_ADD(accountingDate,interval -1 month) ,interval -(DAY(DATE_ADD(accountingDate,interval -1 month))-1) day ) into firstOfPreviousMonth;
  
		select DATE_ADD(DATE_ADD(accountingDate,interval 1 month),interval  -(DAY(DATE_ADD(accountingDate,interval 1 month ))) day) into lastOfCurrentMonth;
insert into log_tst values (' before lastOfPreviousMonth', now());
		select DATE_ADD(accountingDate, interval -(DAY(accountingDate)) day) kk into lastOfPreviousMonth;
insert into log_tst values (' after lastOfPreviousMonth', now());
 
	    select payrollDate into lastPayrollDate  from payroll where payrollDate between  firstOfPreviousMonth and lastOfPreviousMonth  limit 1; 
insert into log_tst values (' before lastOfNextMonth ', now());
		select DATE_ADD(DATE_ADD(accountingDate ,interval 2 month),interval  -(DAY(DATE_ADD(accountingDate,interval 2 month ))) day) into lastOfNextMonth;

	if lastPayrollDate IS NULL then 
		 set lastPayrollDate= DATE_ADD(accountingDate,interval -1 month);
		end if;

 	if lastPayrollDate IS NOT NULL then

       select   e.displayname as  employeename, e.personnelNo, e.isContractEmployee empType, accountingDate payrolldate,p.firstOfCurrentMonth month, month(p.firstOfCurrentMonth) monthPart , p.amount, p.site, p.status from (

	/*1. Payroll current month (Dr)


			 */

    		 
			select s.empID,s.subscriptionID,  accountingDate, firstOfCurrentMonth, 
       pcf.flatRate amount, status, s.site 
			from (select s.*,e.site from employee_subscription s join employee e on s.empID=e.id  )  s left join employee_unsubscription us on s.subscriptionID=us.subscriptionID 
				join employee e on e.id=s.empid join  payroll_config   pcf
				on pcf.site=e.site and pcf.payrolltype='flatrate' and pcf.transporttype=1 and accountingDate between pcf.fromDate and ifnull(pcf.toDate,date_add(curdate(), interval 2 day))
				where 
			s.fromDate <=  lastOfCurrentMonth   
				and ( us.fromDate>=firstOfCurrentMonth or us.fromDate is null)
		


		union
/*	2. payroll previouse month (Dr)
*/
			 

			 

			select s.empID,s.subscriptionID,  accountingDate, firstOfPreviousMonth,
			pcf.flatRate amount, status , s.site
			from (select s.*,e.site from employee_subscription s join employee e on s.empID=e.id  )  s left join employee_unsubscription us on s.subscriptionID=us.subscriptionID  
 				join employee e on e.id=s.empid join  payroll_config   pcf
				on pcf.site=e.site and pcf.payrolltype='flatrate' and pcf.transporttype=1 and accountingDate between pcf.fromDate and ifnull(pcf.toDate,date_add(curdate(), interval 2 day))
 			where  s.subscriptionDate > lastPayrollDate  and s.fromDate<=lastOfPreviousMonth

		) as p, employee e where p.empid=e.id and e.site=site  order by empType, e.PersonnelNo;
		
 
			 
				  	
		end if;
 
		SET returnInt=1;
 		  
	 


end if;

END */;;
DELIMITER ;
/*!50003 SET sql_mode              = @saved_sql_mode */ ;
/*!50003 SET character_set_client  = @saved_cs_client */ ;
/*!50003 SET character_set_results = @saved_cs_results */ ;
/*!50003 SET collation_connection  = @saved_col_connection */ ;
/*!50003 DROP PROCEDURE IF EXISTS `getPayroll` */;
/*!50003 SET @saved_cs_client      = @@character_set_client */ ;
/*!50003 SET @saved_cs_results     = @@character_set_results */ ;
/*!50003 SET @saved_col_connection = @@collation_connection */ ;
/*!50003 SET character_set_client  = utf8 */ ;
/*!50003 SET character_set_results = utf8 */ ;
/*!50003 SET collation_connection  = utf8_general_ci */ ;
/*!50003 SET @saved_sql_mode       = @@sql_mode */ ;
/*!50003 SET sql_mode              = 'STRICT_TRANS_TABLES,NO_AUTO_CREATE_USER,NO_ENGINE_SUBSTITUTION' */ ;
DELIMITER ;;
/*!50003 CREATE*/ /*!50020 DEFINER=`root`@`localhost`*/ /*!50003 PROCEDURE `getPayroll`(accountingDate varchar(30))
BEGIN	 
DECLARE returnInt INT;
DECLARE firstOfNextMonth DATETIME;
DECLARE firstOfCurrentMonth DATETIME;
DECLARE firstOfPreviousMonth DATETIME;
DECLARE lastOfCurrentMonth DATETIME;

DECLARE employeeID INT;
DECLARE amount BIGINT;
DECLARE status VARCHAR(20);
DECLARE flag INT;
declare errorMessage varchar(300);
DECLARE lastOfpreviousMonth DATETIME;
DECLARE lastPayrollDate DATETIME;
DECLARE lastOfNextMonth DATETIME;
DECLARE noOfEntryInCurrentMonth INT;
 SET @returnInt=0;
	SET @status='fixed';
	select @noOfEntryInCurrentMonth=   count(datepart(month,payrollDate)) from payroll where datepart(month, @accountingDate)=datepart(month,payrollDate) and datepart(year, @accountingDate)=datepart(year,payrollDate)  and status=@status;
	select @amount= transportationCost from settings;	 
	if @amount IS NULL then 
		SET @flag=0;
		SET @errorMessage='The transportation cost is not defined';
	END if ;
	if @amount IS  not NULL then 
		 select @firstOfNextMonth= date_add(DATE_ADD(curdate(),interval 1 month) ,interval -(DAY(DATE_ADD(curdate(),interval 1 month))-1) day );
		select @firstOfCurrentMonth=DATE_ADD(curdate(),interval -(DAY(curdate())-1) day);
		select @firstOfPreviousMonth= date_add(DATE_ADD(curdate(),interval -1 month) ,interval -(DAY(DATE_ADD(curdate(),interval -1 month))-1) day );
/*  */
		select @lastOfCurrentMonth= DATE_ADD(DATE_ADD(curdate(),interval 1 month),interval  -(DAY(DATE_ADD(curdate(),interval 1 month ))) day);
		select @lastOfPreviousMonth=DATE_ADD(curdate(), interval -(DAY(curdate())) day);
	    select @lastPayrollDate=payrollDate from payroll where payrollDate between  @firstOfPreviousMonth and @lastOfPreviousMonth; 
		select @lastOfNextMonth= DATE_ADD(DATE_ADD(curdate(),interval 2 month),interval  -(DAY(DATE_ADD(curdate(),interval 2 month ))) day);
	if @lastPayrollDate IS NULL then
		 set @lastPayrollDate= DATE_ADD(curdate(),interval -1 month);
		end if 	;
		  select e.employeefirstname, e.employeelastname,e.personnelNo, p1.payrolldate, p1.amount from employee e join
		  
		   ( select  u.empid empid,  u.payrolldate, sum(u.amount) as amount from  
		  
		  
		   (  
	 
	  
		
		 
		 select s.empID,s.subscriptionID,  @accountingDate payrollDate, @firstOfCurrentMonth month,@amount amount,@status status  from employee_subscription s left join employee_unsubscription us on s.subscriptionID=us.subscriptionID where  s.fromDate <=  @accountingDate   
			and ( us.fromDate>=@firstOfCurrentMonth or us.fromDate is null)	 
		
		 union
			 

			select empID,subscriptionID,  @accountingDate payrollDate, @firstOfPreviousMonth month,@amount amount,@status status    from employee_subscription where  fromDate >=  @lastPayrollDate and fromDate <= @lastOfPreviousMonth 
	 
			 
		
		 


		   ) as u  group by u.empid, u.payrollDate
		  

	  ) as p1 on e.id=p1.empid ;
	end if;
END */;;
DELIMITER ;
/*!50003 SET sql_mode              = @saved_sql_mode */ ;
/*!50003 SET character_set_client  = @saved_cs_client */ ;
/*!50003 SET character_set_results = @saved_cs_results */ ;
/*!50003 SET collation_connection  = @saved_col_connection */ ;
/*!50003 DROP PROCEDURE IF EXISTS `getProRataPayrollEntry` */;
/*!50003 SET @saved_cs_client      = @@character_set_client */ ;
/*!50003 SET @saved_cs_results     = @@character_set_results */ ;
/*!50003 SET @saved_col_connection = @@collation_connection */ ;
/*!50003 SET character_set_client  = utf8 */ ;
/*!50003 SET character_set_results = utf8 */ ;
/*!50003 SET collation_connection  = utf8_general_ci */ ;
/*!50003 SET @saved_sql_mode       = @@sql_mode */ ;
/*!50003 SET sql_mode              = 'STRICT_TRANS_TABLES,NO_AUTO_CREATE_USER,NO_ENGINE_SUBSTITUTION' */ ;
DELIMITER ;;
/*!50003 CREATE*/ /*!50020 DEFINER=`root`@`localhost`*/ /*!50003 PROCEDURE `getProRataPayrollEntry`(accountingDate varchar(30) ,  site int,
out returnInt VARCHAR(30) )
BEGIN
DECLARE firstOfNextMonth DATETIME;
DECLARE firstOfCurrentMonth DATETIME;
DECLARE firstOfPreviousMonth DATETIME;
DECLARE lastOfCurrentMonth DATETIME;
DECLARE employeeID INT;
 
DECLARE status VARCHAR(20);
DECLARE flag INT;

declare errorMessage varchar(300);
DECLARE lastOfpreviousMonth DATETIME;
DECLARE lastPayrollDate DATETIME;
DECLARE lastOfNextMonth DATETIME;
DECLARE noOfEntryInCurrentMonth INT;

 SET returnInt=0;
	SET status='fixed';
 
 
	 
	select count(month(payrollDate)) into noOfEntryInCurrentMonth from payroll where month(accountingDate)=month(payrollDate) and year(accountingDate)=year(payrollDate)  and status=status and payroll.site=site;
 

	
	if noOfEntryInCurrentMonth is not null and noOfEntryInCurrentMonth>0 then
		set returnInt=-1;

		SET	errorMessage='The payroll entry  was done already ';
	end if;
 
	if noOfEntryInCurrentMonth<=0 then
 		 select date_add(DATE_ADD(accountingDate,interval 1 month) ,interval -(DAY(DATE_ADD(accountingDate,interval 1 month))-1) day ) into firstOfNextMonth;
		select DATE_ADD(accountingDate,interval -(DAY(accountingDate)-1) day) into firstOfCurrentMonth;
		select  date_add(DATE_ADD(accountingDate,interval -1 month) ,interval -(DAY(DATE_ADD(accountingDate,interval -1 month))-1) day ) into firstOfPreviousMonth;
  
		select DATE_ADD(DATE_ADD(accountingDate,interval 1 month),interval  -(DAY(DATE_ADD(accountingDate,interval 1 month ))) day) into lastOfCurrentMonth;
insert into log_tst values (' before lastOfPreviousMonth', now());
		select DATE_ADD(accountingDate, interval -(DAY(accountingDate)) day) kk into lastOfPreviousMonth;
insert into log_tst values (' after lastOfPreviousMonth', now());
 
	    select payrollDate into lastPayrollDate  from payroll where payrollDate between  firstOfPreviousMonth and lastOfPreviousMonth  limit 1; 
insert into log_tst values (' before lastOfNextMonth ', now());
		select DATE_ADD(DATE_ADD(accountingDate ,interval 2 month),interval  -(DAY(DATE_ADD(accountingDate,interval 2 month ))) day) into lastOfNextMonth;

	if lastPayrollDate IS NULL then 
		 set lastPayrollDate= DATE_ADD(accountingDate,interval -1 month);
		end if;

 	if lastPayrollDate IS NOT NULL then

		select   e.displayname as  employeename, e.personnelNo, e.isContractEmployee empType, accountingDate payrolldate,p.firstOfCurrentMonth month, month(p.firstOfCurrentMonth) monthPart , p.amount, p.site, p.status from (
	/*1. Payroll current month (Dr)


			 */

    	 
			select s.empID,s.subscriptionID,  accountingDate, firstOfCurrentMonth, 
       pcf.flatRate * (
							(
								datediff(
													date_add(least( ifnull(  date_add(us.fromDate,  interval -1 day) , lastOfCurrentMonth), lastOfCurrentMonth), interval 1 day),
													greatest(s.fromDate,firstOfCurrentMonth)
											)
							) /
							(day(last_day(firstOfCurrentMonth)))

						) amount
				,status , s.site  from (select s.*,e.site from employee_subscription s join employee e on s.empID=e.id  )  s left join employee_unsubscription us on s.subscriptionID=us.subscriptionID 
				join employee e on e.id=s.empid join  payroll_config   pcf
				on pcf.site=e.site and pcf.payrolltype='prorata' and pcf.transporttype=1 and accountingDate between pcf.fromDate and ifnull(pcf.toDate,date_add(curdate(), interval 2 day))
				where 
			s.fromDate <=  lastOfCurrentMonth 
				and ( us.fromDate>=firstOfCurrentMonth or us.fromDate is null)
		

		union
		
/*	2. payroll previouse month (Dr)
*/
			 
 

			select s.empID,s.subscriptionID,  accountingDate, firstOfPreviousMonth,
			pcf.flatRate * (
							(
								datediff(
													date_add(least( ifnull( date_add(us.fromDate,  interval -1 day), lastOfPreviousMonth), lastOfPreviousMonth), interval 1 day),
													 s.fromDate 
											)
							) /
							(day(last_day(firstOfPreviousMonth)))

						) amount

			,status, s.site    from (select s.*,e.site from employee_subscription s join employee e on s.empID=e.id  )   s left join employee_unsubscription us on s.subscriptionID=us.subscriptionID  
 				join employee e on e.id=s.empid join  payroll_config   pcf
				on pcf.site=e.site and pcf.payrolltype='prorata' and pcf.transporttype=1 and accountingDate between pcf.fromDate and ifnull(pcf.toDate,date_add(curdate(), interval 2 day))
 			where  s.subscriptionDate > lastPayrollDate  and s.fromDate<=lastOfPreviousMonth
		
			union
/*3. payroll previouse month (Cr)

			 */

			 
			select s.empID,s.subscriptionID,  accountingDate, firstOfPreviousMonth,
					-1 * pcf.flatRate * (
							(
								datediff(
													date_add(least( ifnull( date_add(us.fromDate,  interval -1 day), lastOfPreviousMonth), lastOfPreviousMonth), interval 1 day),
													greatest(s.fromDate , date_add(lastPayrollDate, interval 1 day) )

											)
							) /
							(day(last_day(firstOfPreviousMonth)))

						) amount


		,status , s.site   from (select s.*,e.site from employee_subscription s join employee e on s.empID=e.id  )   s join employee_unsubscription us on s.subscriptionID=us.subscriptionID  
		join employee e on e.id=s.empid join  payroll_config   pcf
		on pcf.site=e.site and pcf.payrolltype='prorata' and pcf.transporttype=1 and accountingDate between pcf.fromDate and ifnull(pcf.toDate,date_add(curdate(), interval 2 day))
		where  us.fromDate <= firstOfCurrentMonth and us.unsubscriptionDate > lastPayrollDate
		
		) p, employee e where p.empid=e.id and e.site=site order by empType, e.PersonnelNo;



			 
				  	
		end if;

		  
		SET returnInt=1;
 		  
 

end if;

END */;;
DELIMITER ;
/*!50003 SET sql_mode              = @saved_sql_mode */ ;
/*!50003 SET character_set_client  = @saved_cs_client */ ;
/*!50003 SET character_set_results = @saved_cs_results */ ;
/*!50003 SET collation_connection  = @saved_col_connection */ ;
/*!50003 DROP PROCEDURE IF EXISTS `makeFlatRatePayrollEntry` */;
/*!50003 SET @saved_cs_client      = @@character_set_client */ ;
/*!50003 SET @saved_cs_results     = @@character_set_results */ ;
/*!50003 SET @saved_col_connection = @@collation_connection */ ;
/*!50003 SET character_set_client  = utf8 */ ;
/*!50003 SET character_set_results = utf8 */ ;
/*!50003 SET collation_connection  = utf8_general_ci */ ;
/*!50003 SET @saved_sql_mode       = @@sql_mode */ ;
/*!50003 SET sql_mode              = 'STRICT_TRANS_TABLES,NO_AUTO_CREATE_USER,NO_ENGINE_SUBSTITUTION' */ ;
DELIMITER ;;
/*!50003 CREATE*/ /*!50020 DEFINER=`root`@`localhost`*/ /*!50003 PROCEDURE `makeFlatRatePayrollEntry`(accountingDate varchar(30) , site int,
out returnInt VARCHAR(30) )
BEGIN
DECLARE firstOfNextMonth DATETIME;
DECLARE firstOfCurrentMonth DATETIME;
DECLARE firstOfPreviousMonth DATETIME;
DECLARE lastOfCurrentMonth DATETIME;
DECLARE employeeID INT;
 
DECLARE status VARCHAR(20);
DECLARE flag INT;

declare errorMessage varchar(300);
DECLARE lastOfpreviousMonth DATETIME;
DECLARE lastPayrollDate DATETIME;
DECLARE lastOfNextMonth DATETIME;
DECLARE noOfEntryInCurrentMonth INT;

 SET returnInt=0;
	SET status='fixed';
 
 
	 
	select count(month(payrollDate)) into noOfEntryInCurrentMonth from payroll where month(accountingDate)=month(payrollDate) and year(accountingDate)=year(payrollDate)  and status=status and payroll.site=site;
	 

	
	if noOfEntryInCurrentMonth is not null and noOfEntryInCurrentMonth>0 then
		set returnInt=-1;

		SET	errorMessage='The payroll entry  was done already ';
	end if;
 
	if noOfEntryInCurrentMonth<=0 then
	 
		 select date_add(DATE_ADD(accountingDate,interval 1 month) ,interval -(DAY(DATE_ADD(accountingDate,interval 1 month))-1) day ) into firstOfNextMonth;
		select DATE_ADD(accountingDate,interval -(DAY(accountingDate)-1) day) into firstOfCurrentMonth;
		select  date_add(DATE_ADD(accountingDate,interval -1 month) ,interval -(DAY(DATE_ADD(accountingDate,interval -1 month))-1) day ) into firstOfPreviousMonth;
  
		select DATE_ADD(DATE_ADD(accountingDate,interval 1 month),interval  -(DAY(DATE_ADD(accountingDate,interval 1 month ))) day) into lastOfCurrentMonth;
insert into log_tst values (' before lastOfPreviousMonth', now());
		select DATE_ADD(accountingDate, interval -(DAY(accountingDate)) day) kk into lastOfPreviousMonth;
insert into log_tst values (' after lastOfPreviousMonth', now());
 
	    select payrollDate into lastPayrollDate  from payroll where payrollDate between  firstOfPreviousMonth and lastOfPreviousMonth  limit 1; 
insert into log_tst values (' before lastOfNextMonth ', now());
		select DATE_ADD(DATE_ADD(accountingDate ,interval 2 month),interval  -(DAY(DATE_ADD(accountingDate,interval 2 month ))) day) into lastOfNextMonth;

	if lastPayrollDate IS NULL then 
		 set lastPayrollDate= DATE_ADD(accountingDate,interval -1 month);
		end if;

 	if lastPayrollDate IS NOT NULL then

	/*1. Payroll current month (Dr)


			 */

    		insert into payroll(empid, subscriptionID, payrollDate, month,amount,status, site) 
			select s.empID,s.subscriptionID,  accountingDate, firstOfCurrentMonth, 
       pcf.flatRate, status, s.site 
				from (select s.*,e.site from employee_subscription s join employee e on s.empID=e.id  )   s left join employee_unsubscription us on s.subscriptionID=us.subscriptionID 
				join employee e on e.id=s.empid join  payroll_config   pcf
				on pcf.site=e.site and pcf.payrolltype='flatrate' and pcf.transporttype=1 and accountingDate between pcf.fromDate and ifnull(pcf.toDate,date_add(curdate(), interval 2 day))
				where 
			s.fromDate <=  lastOfCurrentMonth   
				and ( us.fromDate>=firstOfCurrentMonth or us.fromDate is null) and s.site=site;
		


		
/*	2. payroll previouse month (Dr)
*/
			 

			insert into payroll(empid, subscriptionID, payrollDate, month,amount,status, site) 

			select s.empID,s.subscriptionID,  accountingDate, firstOfPreviousMonth,
			pcf.flatRate, status, s.site
			from (select s.*,e.site from employee_subscription s join employee e on s.empID=e.id  )   s left join employee_unsubscription us on s.subscriptionID=us.subscriptionID  
 				join employee e on e.id=s.empid join  payroll_config   pcf
				on pcf.site=e.site and pcf.payrolltype='flatrate' and pcf.transporttype=1 and accountingDate between pcf.fromDate and ifnull(pcf.toDate,date_add(curdate(), interval 2 day))
 			where  s.subscriptionDate > lastPayrollDate  and s.fromDate<=lastOfPreviousMonth and s.site=site;
		
 
			 
				  	
		end if;

		 update payroll set status='fixed', payrollDate=accountingDate where status='pending' and payroll.site=site;
		SET returnInt=1;
 		  
	 


end if;

END */;;
DELIMITER ;
/*!50003 SET sql_mode              = @saved_sql_mode */ ;
/*!50003 SET character_set_client  = @saved_cs_client */ ;
/*!50003 SET character_set_results = @saved_cs_results */ ;
/*!50003 SET collation_connection  = @saved_col_connection */ ;
/*!50003 DROP PROCEDURE IF EXISTS `makePayrollEntry` */;
/*!50003 SET @saved_cs_client      = @@character_set_client */ ;
/*!50003 SET @saved_cs_results     = @@character_set_results */ ;
/*!50003 SET @saved_col_connection = @@collation_connection */ ;
/*!50003 SET character_set_client  = utf8 */ ;
/*!50003 SET character_set_results = utf8 */ ;
/*!50003 SET collation_connection  = utf8_general_ci */ ;
/*!50003 SET @saved_sql_mode       = @@sql_mode */ ;
/*!50003 SET sql_mode              = 'STRICT_TRANS_TABLES,NO_AUTO_CREATE_USER,NO_ENGINE_SUBSTITUTION' */ ;
DELIMITER ;;
/*!50003 CREATE*/ /*!50020 DEFINER=`root`@`localhost`*/ /*!50003 PROCEDURE `makePayrollEntry`(accountingDate varchar(30) ,
out returnInt VARCHAR(30) )
BEGIN
DECLARE firstOfNextMonth DATETIME;
DECLARE firstOfCurrentMonth DATETIME;
DECLARE firstOfPreviousMonth DATETIME;
DECLARE lastOfCurrentMonth DATETIME;
DECLARE employeeID INT;
DECLARE amount BIGINT;
DECLARE status VARCHAR(20);
DECLARE flag INT;

declare errorMessage varchar(300);
DECLARE lastOfpreviousMonth DATETIME;
DECLARE lastPayrollDate DATETIME;
DECLARE lastOfNextMonth DATETIME;
DECLARE noOfEntryInCurrentMonth INT;

 SET returnInt=0;
	SET status='fixed';
 
 
	 
	select count(month(payrollDate)) into noOfEntryInCurrentMonth from payroll where month(accountingDate)=month(payrollDate) and year(accountingDate)=year(payrollDate)  and status=status;
	select transportationCost into amount from settings;
	
	if noOfEntryInCurrentMonth>0 then
		set returnInt=-1;
		SET	errorMessage='The payroll entry  was done already ';
	end if;
	if noOfEntryInCurrentMonth<=0 then
	if amount IS NULL then
		SET flag=0;
		SET errorMessage='The transportation cost is not defined';
	END if;
	if amount IS not NULL then
		 select date_add(DATE_ADD(curdate(),interval 1 month) ,interval -(DAY(DATE_ADD(curdate(),interval 1 month))-1) day ) into firstOfNextMonth;
		select DATE_ADD(curdate(),interval -(DAY(curdate())-1) day) into firstOfCurrentMonth;
		select  date_add(DATE_ADD(curdate(),interval -1 month) ,interval -(DAY(DATE_ADD(curdate(),interval -1 month))-1) day ) into firstOfPreviousMonth;
/*  */
		select DATE_ADD(DATE_ADD(curdate(),interval 1 month),interval  -(DAY(DATE_ADD(curdate(),interval 1 month ))) day) into lastOfCurrentMonth;
		select DATE_ADD(curdate(), interval -(DAY(curdate())) day) into lastOfPreviousMonth;
	    select payrollDate from payroll where payrollDate between  firstOfPreviousMonth and lastOfPreviousMonth into lastPayrollDate; 
		select DATE_ADD(DATE_ADD(curdate(),interval 2 month),interval  -(DAY(DATE_ADD(curdate(),interval 2 month ))) day) into lastOfNextMonth;
	if lastPayrollDate IS NULL then 
		 set lastPayrollDate= DATE_ADD(curdate(),interval -1 month);
		end if;
 	if lastPayrollDate IS NOT NULL then

	/*1. Payroll current month


			Employees whose subscription effective date is in current month and subscription request date is either in current month or from last payroll date		*/

    		insert into payroll (empid, subscriptionID, payrollDate, month,amount,status) 
			select s.empID,s.subscriptionID,  accountingDate, firstOfCurrentMonth,amount,status  from employee_subscription s left join employee_unsubscription us on s.subscriptionID=us.subscriptionID where  s.fromDate <=  accountingDate   
			and ( us.fromDate>=firstOfCurrentMonth or us.fromDate is null);
		

/*	2. payroll previouse month

			Employees whose subscription effective date is in previouse month but from last payroll date */

			insert into payroll (empid, subscriptionID, payrollDate, month,amount,status) 

			select empID,subscriptionID,  accountingDate, firstOfPreviousMonth,amount,status    from employee_subscription where  fromDate >=  lastPayrollDate and fromDate <= lastOfPreviousMonth ;
		

		



			 
				  	
		end if;

		 update payroll set status='fixed', payrollDate=accountingDate where status='pending';
		SET returnInt=1;
 		  
	end if;


end if;
END */;;
DELIMITER ;
/*!50003 SET sql_mode              = @saved_sql_mode */ ;
/*!50003 SET character_set_client  = @saved_cs_client */ ;
/*!50003 SET character_set_results = @saved_cs_results */ ;
/*!50003 SET collation_connection  = @saved_col_connection */ ;
/*!50003 DROP PROCEDURE IF EXISTS `makeProRataPayrollEntry` */;
/*!50003 SET @saved_cs_client      = @@character_set_client */ ;
/*!50003 SET @saved_cs_results     = @@character_set_results */ ;
/*!50003 SET @saved_col_connection = @@collation_connection */ ;
/*!50003 SET character_set_client  = utf8 */ ;
/*!50003 SET character_set_results = utf8 */ ;
/*!50003 SET collation_connection  = utf8_general_ci */ ;
/*!50003 SET @saved_sql_mode       = @@sql_mode */ ;
/*!50003 SET sql_mode              = 'STRICT_TRANS_TABLES,NO_AUTO_CREATE_USER,NO_ENGINE_SUBSTITUTION' */ ;
DELIMITER ;;
/*!50003 CREATE*/ /*!50020 DEFINER=`root`@`localhost`*/ /*!50003 PROCEDURE `makeProRataPayrollEntry`(accountingDate varchar(30) , site int, 
out returnInt VARCHAR(30) )
BEGIN
DECLARE firstOfNextMonth DATETIME;
DECLARE firstOfCurrentMonth DATETIME;
DECLARE firstOfPreviousMonth DATETIME;
DECLARE lastOfCurrentMonth DATETIME;
DECLARE employeeID INT;
 
DECLARE status VARCHAR(20);
DECLARE flag INT;

declare errorMessage varchar(300);
DECLARE lastOfpreviousMonth DATETIME;
DECLARE lastPayrollDate DATETIME;
DECLARE lastOfNextMonth DATETIME;
DECLARE noOfEntryInCurrentMonth INT;

 SET returnInt=0;
	SET status='fixed';
 
 
	 
	select count(month(payrollDate)) into noOfEntryInCurrentMonth from payroll where month(accountingDate)=month(payrollDate) and year(accountingDate)=year(payrollDate)  and status=status and payroll.site=site;
 

	
	if noOfEntryInCurrentMonth is not null and noOfEntryInCurrentMonth>0 then
		set returnInt=-1;

		SET	errorMessage='The payroll entry  was done already ';
	end if;
 
	if noOfEntryInCurrentMonth<=0 then
 		 select date_add(DATE_ADD(accountingDate,interval 1 month) ,interval -(DAY(DATE_ADD(accountingDate,interval 1 month))-1) day ) into firstOfNextMonth;
		select DATE_ADD(accountingDate,interval -(DAY(accountingDate)-1) day) into firstOfCurrentMonth;
		select  date_add(DATE_ADD(accountingDate,interval -1 month) ,interval -(DAY(DATE_ADD(accountingDate,interval -1 month))-1) day ) into firstOfPreviousMonth;
  
		select DATE_ADD(DATE_ADD(accountingDate,interval 1 month),interval  -(DAY(DATE_ADD(accountingDate,interval 1 month ))) day) into lastOfCurrentMonth;
insert into log_tst values (' before lastOfPreviousMonth', now());
		select DATE_ADD(accountingDate, interval -(DAY(accountingDate)) day) kk into lastOfPreviousMonth;
insert into log_tst values (' after lastOfPreviousMonth', now());
 
	    select payrollDate into lastPayrollDate  from payroll where payrollDate between  firstOfPreviousMonth and lastOfPreviousMonth  limit 1; 
insert into log_tst values (' before lastOfNextMonth ', now());
		select DATE_ADD(DATE_ADD(accountingDate ,interval 2 month),interval  -(DAY(DATE_ADD(accountingDate,interval 2 month ))) day) into lastOfNextMonth;

	if lastPayrollDate IS NULL then 
		 set lastPayrollDate= DATE_ADD(accountingDate,interval -1 month);
		end if;

 	if lastPayrollDate IS NOT NULL then

	/*1. Payroll current month (Dr)


			 */

    		insert into payroll(empid, subscriptionID, payrollDate, month,amount,status, site) 
			select s.empID,s.subscriptionID,  accountingDate, firstOfCurrentMonth, 
       pcf.flatRate * (
							(
								datediff(
													date_add(least( ifnull(  date_add(us.fromDate,  interval -1 day) , lastOfCurrentMonth), lastOfCurrentMonth), interval 1 day),
													greatest(s.fromDate,firstOfCurrentMonth)
											)
							) /
							(day(last_day(firstOfCurrentMonth)))

						) amount
				,status , s.site from (select s.*,e.site from employee_subscription s join employee e on s.empID=e.id  ) s left join employee_unsubscription us on s.subscriptionID=us.subscriptionID 
				join employee e on e.id=s.empid join  payroll_config   pcf
				on pcf.site=e.site and pcf.payrolltype='prorata' and pcf.transporttype=1 and accountingDate between pcf.fromDate and ifnull(pcf.toDate,date_add(curdate(), interval 2 day))
				where 
			s.fromDate <=  lastOfCurrentMonth 
				and ( us.fromDate>=firstOfCurrentMonth or us.fromDate is null)  and s.site=site;
		


		
/*	2. payroll previouse month (Dr)
*/
			 

			insert into payroll(empid, subscriptionID, payrollDate, month,amount,status, site) 

			select s.empID,s.subscriptionID,  accountingDate, firstOfPreviousMonth,
			pcf.flatRate * (
							(
								datediff(
													date_add(least( ifnull( date_add(us.fromDate,  interval -1 day), lastOfPreviousMonth), lastOfPreviousMonth), interval 1 day),
													 s.fromDate 
											)
							) /
							(day(last_day(firstOfPreviousMonth)))

						) amount

			,status, s.site
			from (select s.*,e.site from employee_subscription s join employee e on s.empID=e.id  ) s left join employee_unsubscription us on s.subscriptionID=us.subscriptionID  
 				join employee e on e.id=s.empid join  payroll_config   pcf
				on pcf.site=e.site and pcf.payrolltype='prorata' and pcf.transporttype=1 and accountingDate between pcf.fromDate and ifnull(pcf.toDate,date_add(curdate(), interval 2 day))
 			where  s.subscriptionDate > lastPayrollDate  and s.fromDate<=lastOfPreviousMonth  and s.site=site;
		

/*3. payroll previouse month (Cr)

			 */

			 insert into payroll (empid, subscriptionID, payrollDate, month,amount,status, site) 

			select s.empID,s.subscriptionID,  accountingDate, firstOfPreviousMonth,
					-1 * pcf.flatRate * (
							(
								datediff(
													date_add(least( ifnull( date_add(us.fromDate,  interval -1 day), lastOfPreviousMonth), lastOfPreviousMonth), interval 1 day),
													greatest(s.fromDate , date_add(lastPayrollDate, interval 1 day) )

											)
							) /
							(day(last_day(firstOfPreviousMonth)))

						) amount


		,status, s.site    
		from (select s.*,e.site from employee_subscription s join employee e on s.empID=e.id  )   s join employee_unsubscription us on s.subscriptionID=us.subscriptionID  
		join employee e on e.id=s.empid join  payroll_config   pcf
		on pcf.site=e.site and pcf.payrolltype='prorata' and pcf.transporttype=1 and accountingDate between pcf.fromDate and ifnull(pcf.toDate,date_add(curdate(), interval 2 day))
		where  us.fromDate <= firstOfCurrentMonth and us.unsubscriptionDate > lastPayrollDate and s.site=site;
		



			 
				  	
		end if;

		 update payroll set status='fixed', payrollDate=accountingDate where status='pending' and payroll.site=site;
		SET returnInt=1;
 		  
 


end if;

END */;;
DELIMITER ;
/*!50003 SET sql_mode              = @saved_sql_mode */ ;
/*!50003 SET character_set_client  = @saved_cs_client */ ;
/*!50003 SET character_set_results = @saved_cs_results */ ;
/*!50003 SET collation_connection  = @saved_col_connection */ ;
/*!50003 DROP PROCEDURE IF EXISTS `makeProRataPayrollEntry_old` */;
/*!50003 SET @saved_cs_client      = @@character_set_client */ ;
/*!50003 SET @saved_cs_results     = @@character_set_results */ ;
/*!50003 SET @saved_col_connection = @@collation_connection */ ;
/*!50003 SET character_set_client  = utf8 */ ;
/*!50003 SET character_set_results = utf8 */ ;
/*!50003 SET collation_connection  = utf8_general_ci */ ;
/*!50003 SET @saved_sql_mode       = @@sql_mode */ ;
/*!50003 SET sql_mode              = 'STRICT_TRANS_TABLES,NO_AUTO_CREATE_USER,NO_ENGINE_SUBSTITUTION' */ ;
DELIMITER ;;
/*!50003 CREATE*/ /*!50020 DEFINER=`root`@`localhost`*/ /*!50003 PROCEDURE `makeProRataPayrollEntry_old`(accountingDate varchar(30) , site int, 
out returnInt VARCHAR(30) )
BEGIN
DECLARE firstOfNextMonth DATETIME;
DECLARE firstOfCurrentMonth DATETIME;
DECLARE firstOfPreviousMonth DATETIME;
DECLARE lastOfCurrentMonth DATETIME;
DECLARE employeeID INT;
 
DECLARE status VARCHAR(20);
DECLARE flag INT;

declare errorMessage varchar(300);
DECLARE lastOfpreviousMonth DATETIME;
DECLARE lastPayrollDate DATETIME;
DECLARE lastOfNextMonth DATETIME;
DECLARE noOfEntryInCurrentMonth INT;

 SET returnInt=0;
	SET status='fixed';
 
 
	 
	select count(month(payrollDate)) into noOfEntryInCurrentMonth from payroll where month(accountingDate)=month(payrollDate) and year(accountingDate)=year(payrollDate)  and status=status and payroll.site=site;
 

	
	if noOfEntryInCurrentMonth is not null and noOfEntryInCurrentMonth>0 then
		set returnInt=-1;

		SET	errorMessage='The payroll entry  was done already ';
	end if;
 
	if noOfEntryInCurrentMonth<=0 then
 		 select date_add(DATE_ADD(accountingDate,interval 1 month) ,interval -(DAY(DATE_ADD(accountingDate,interval 1 month))-1) day ) into firstOfNextMonth;
		select DATE_ADD(accountingDate,interval -(DAY(accountingDate)-1) day) into firstOfCurrentMonth;
		select  date_add(DATE_ADD(accountingDate,interval -1 month) ,interval -(DAY(DATE_ADD(accountingDate,interval -1 month))-1) day ) into firstOfPreviousMonth;
  
		select DATE_ADD(DATE_ADD(accountingDate,interval 1 month),interval  -(DAY(DATE_ADD(accountingDate,interval 1 month ))) day) into lastOfCurrentMonth;
insert into log_tst values (' before lastOfPreviousMonth', now());
		select DATE_ADD(accountingDate, interval -(DAY(accountingDate)) day) kk into lastOfPreviousMonth;
insert into log_tst values (' after lastOfPreviousMonth', now());
 
	    select payrollDate into lastPayrollDate  from payroll where payrollDate between  firstOfPreviousMonth and lastOfPreviousMonth  limit 1; 
insert into log_tst values (' before lastOfNextMonth ', now());
		select DATE_ADD(DATE_ADD(accountingDate ,interval 2 month),interval  -(DAY(DATE_ADD(accountingDate,interval 2 month ))) day) into lastOfNextMonth;

	if lastPayrollDate IS NULL then 
		 set lastPayrollDate= DATE_ADD(accountingDate,interval -1 month);
		end if;

 	if lastPayrollDate IS NOT NULL then

	/*1. Payroll current month (Dr)


			 */

    		insert into payroll(empid, subscriptionID, payrollDate, month,amount,status) 
			select s.empID,s.subscriptionID,  accountingDate, firstOfCurrentMonth, 
       pcf.flatRate * (
							(
								datediff(
													date_add(least( ifnull(  date_add(us.fromDate,  interval -1 day) , lastOfCurrentMonth), lastOfCurrentMonth), interval 1 day),
													greatest(s.fromDate,firstOfCurrentMonth)
											)
							) /
							(day(last_day(firstOfCurrentMonth)))

						) amount
				,status  from (select s.*,e.site from employee_subscription s join employee e on s.empID=e.id  ) s left join employee_unsubscription us on s.subscriptionID=us.subscriptionID 
				join employee e on e.id=s.empid join  payroll_config   pcf
				on pcf.site=e.site and pcf.payrolltype='prorata' and pcf.transporttype=1 and accountingDate between pcf.fromDate and ifnull(pcf.toDate,date_add(curdate(), interval 2 day))
				where 
			s.fromDate <=  lastOfCurrentMonth 
				and ( us.fromDate>=firstOfCurrentMonth or us.fromDate is null)  and s.site=site;
		


		
/*	2. payroll previouse month (Dr)
*/
			 

			insert into payroll(empid, subscriptionID, payrollDate, month,amount,status) 

			select s.empID,s.subscriptionID,  accountingDate, firstOfPreviousMonth,
			pcf.flatRate * (
							(
								datediff(
													date_add(least( ifnull( date_add(us.fromDate,  interval -1 day), lastOfPreviousMonth), lastOfPreviousMonth), interval 1 day),
													 s.fromDate 
											)
							) /
							(day(last_day(firstOfPreviousMonth)))

						) amount

			,status, s.site
			from (select s.*,e.site from employee_subscription s join employee e on s.empID=e.id  ) s left join employee_unsubscription us on s.subscriptionID=us.subscriptionID  
 				join employee e on e.id=s.empid join  payroll_config   pcf
				on pcf.site=e.site and pcf.payrolltype='prorata' and pcf.transporttype=1 and accountingDate between pcf.fromDate and ifnull(pcf.toDate,date_add(curdate(), interval 2 day))
 			where  s.subscriptionDate > lastPayrollDate  and s.fromDate<=lastOfPreviousMonth  and s.site=site;
		

/*3. payroll previouse month (Cr)

			 */

			 insert into payroll (empid, subscriptionID, payrollDate, month,amount,status) 

			select s.empID,s.subscriptionID,  accountingDate, firstOfPreviousMonth,
					-1 * pcf.flatRate * (
							(
								datediff(
													date_add(least( ifnull( date_add(us.fromDate,  interval -1 day), lastOfPreviousMonth), lastOfPreviousMonth), interval 1 day),
													greatest(s.fromDate , date_add(lastPayrollDate, interval 1 day) )

											)
							) /
							(day(last_day(firstOfPreviousMonth)))

						) amount


		,status, s.site    
		from (select s.*,e.site from employee_subscription s join employee e on s.empID=e.id  )   s join employee_unsubscription us on s.subscriptionID=us.subscriptionID  
		join employee e on e.id=s.empid join  payroll_config   pcf
		on pcf.site=e.site and pcf.payrolltype='prorata' and pcf.transporttype=1 and accountingDate between pcf.fromDate and ifnull(pcf.toDate,date_add(curdate(), interval 2 day))
		where  us.fromDate <= firstOfCurrentMonth and us.unsubscriptionDate > lastPayrollDate and s.site=site;
		



			 
				  	
		end if;

		 update payroll set status='fixed', payrollDate=accountingDate where status='pending' and payroll.site=site;
		SET returnInt=1;
 		  
 


end if;

END */;;
DELIMITER ;
/*!50003 SET sql_mode              = @saved_sql_mode */ ;
/*!50003 SET character_set_client  = @saved_cs_client */ ;
/*!50003 SET character_set_results = @saved_cs_results */ ;
/*!50003 SET collation_connection  = @saved_col_connection */ ;
/*!50003 DROP PROCEDURE IF EXISTS `scheduleinsert` */;
/*!50003 SET @saved_cs_client      = @@character_set_client */ ;
/*!50003 SET @saved_cs_results     = @@character_set_results */ ;
/*!50003 SET @saved_col_connection = @@collation_connection */ ;
/*!50003 SET character_set_client  = utf8 */ ;
/*!50003 SET character_set_results = utf8 */ ;
/*!50003 SET collation_connection  = utf8_general_ci */ ;
/*!50003 SET @saved_sql_mode       = @@sql_mode */ ;
/*!50003 SET sql_mode              = 'STRICT_TRANS_TABLES,NO_AUTO_CREATE_USER,NO_ENGINE_SUBSTITUTION' */ ;
DELIMITER ;;
/*!50003 CREATE*/ /*!50020 DEFINER=`root`@`localhost`*/ /*!50003 PROCEDURE `scheduleinsert`(
subscriptionid bigint,
project varchar(20),
from_date datetime,
to_date datetime,
logintime varchar(15),
logouttime varchar(15),
scheduled_by varchar(20),
log_status varchar(5),
status	varchar(5),
out retVal bigint)
BEGIN
declare employee_id bigint;
declare counted bigint;
declare temp bigint;

	select esub.empID into employee_id from employee_subscription esub where esub.subscriptionID=subscriptionid ;
	select  count(*) into counted
from employee_schedule es where es.status='a' and
  ((from_date between es.from_date and IFNULL(es.cancel_date,es.to_date)) or
  (to_date between es.from_date and IFNULL(es.cancel_date,es.to_date))  or
  (from_date <=es.from_date and to_date>=IFNULL(es.cancel_date,es.to_date)))
  and es.subscription_id=subscriptionid ;
	if counted>0 then
	set retVal=-1;
	end	if;
	if counted<=0 then
		insert into employee_schedule (subscription_id,employee_id,project,from_date,to_date,login_time,logout_time,scheduledBy,log_status,status) values (subscriptionid,employee_id,project,from_date,to_date,logintime,logouttime,scheduled_by,log_status,status);
		select  id into retVal from employee_schedule order by id desc limit 1;		
	end if;
END */;;
DELIMITER ;
/*!50003 SET sql_mode              = @saved_sql_mode */ ;
/*!50003 SET character_set_client  = @saved_cs_client */ ;
/*!50003 SET character_set_results = @saved_cs_results */ ;
/*!50003 SET collation_connection  = @saved_col_connection */ ;
/*!40103 SET TIME_ZONE=@OLD_TIME_ZONE */;

/*!40101 SET SQL_MODE=@OLD_SQL_MODE */;
/*!40014 SET FOREIGN_KEY_CHECKS=@OLD_FOREIGN_KEY_CHECKS */;
/*!40014 SET UNIQUE_CHECKS=@OLD_UNIQUE_CHECKS */;
/*!40101 SET CHARACTER_SET_CLIENT=@OLD_CHARACTER_SET_CLIENT */;
/*!40101 SET CHARACTER_SET_RESULTS=@OLD_CHARACTER_SET_RESULTS */;
/*!40101 SET COLLATION_CONNECTION=@OLD_COLLATION_CONNECTION */;
/*!40111 SET SQL_NOTES=@OLD_SQL_NOTES */;

-- Dump completed on 2014-05-08 11:38:55
